-- MySQL dump 10.13  Distrib 5.7.9, for linux-glibc2.5 (x86_64)
--
-- Host: localhost    Database: kcfw
-- ------------------------------------------------------
-- Server version	5.7.14

/*!40101 SET @OLD_CHARACTER_SET_CLIENT=@@CHARACTER_SET_CLIENT */;
/*!40101 SET @OLD_CHARACTER_SET_RESULTS=@@CHARACTER_SET_RESULTS */;
/*!40101 SET @OLD_COLLATION_CONNECTION=@@COLLATION_CONNECTION */;
/*!40101 SET NAMES utf8 */;
/*!40103 SET @OLD_TIME_ZONE=@@TIME_ZONE */;
/*!40103 SET TIME_ZONE='+00:00' */;
/*!40014 SET @OLD_UNIQUE_CHECKS=@@UNIQUE_CHECKS, UNIQUE_CHECKS=0 */;
/*!40014 SET @OLD_FOREIGN_KEY_CHECKS=@@FOREIGN_KEY_CHECKS, FOREIGN_KEY_CHECKS=0 */;
/*!40101 SET @OLD_SQL_MODE=@@SQL_MODE, SQL_MODE='NO_AUTO_VALUE_ON_ZERO' */;
/*!40111 SET @OLD_SQL_NOTES=@@SQL_NOTES, SQL_NOTES=0 */;

--
-- Table structure for table `ACT_EVT_LOG`
--

DROP TABLE IF EXISTS `ACT_EVT_LOG`;
/*!40101 SET @saved_cs_client     = @@character_set_client */;
/*!40101 SET character_set_client = utf8 */;
CREATE TABLE `ACT_EVT_LOG` (
  `LOG_NR_` bigint(20) NOT NULL AUTO_INCREMENT,
  `TYPE_` varchar(64) COLLATE utf8_bin DEFAULT NULL,
  `PROC_DEF_ID_` varchar(64) COLLATE utf8_bin DEFAULT NULL,
  `PROC_INST_ID_` varchar(64) COLLATE utf8_bin DEFAULT NULL,
  `EXECUTION_ID_` varchar(64) COLLATE utf8_bin DEFAULT NULL,
  `TASK_ID_` varchar(64) COLLATE utf8_bin DEFAULT NULL,
  `TIME_STAMP_` timestamp(3) NOT NULL DEFAULT CURRENT_TIMESTAMP(3) ON UPDATE CURRENT_TIMESTAMP(3),
  `USER_ID_` varchar(255) COLLATE utf8_bin DEFAULT NULL,
  `DATA_` longblob,
  `LOCK_OWNER_` varchar(255) COLLATE utf8_bin DEFAULT NULL,
  `LOCK_TIME_` timestamp(3) NULL DEFAULT NULL,
  `IS_PROCESSED_` tinyint(4) DEFAULT '0',
  PRIMARY KEY (`LOG_NR_`)
) ENGINE=InnoDB DEFAULT CHARSET=utf8 COLLATE=utf8_bin;
/*!40101 SET character_set_client = @saved_cs_client */;

--
-- Dumping data for table `ACT_EVT_LOG`
--

LOCK TABLES `ACT_EVT_LOG` WRITE;
/*!40000 ALTER TABLE `ACT_EVT_LOG` DISABLE KEYS */;
/*!40000 ALTER TABLE `ACT_EVT_LOG` ENABLE KEYS */;
UNLOCK TABLES;

--
-- Table structure for table `ACT_GE_BYTEARRAY`
--

DROP TABLE IF EXISTS `ACT_GE_BYTEARRAY`;
/*!40101 SET @saved_cs_client     = @@character_set_client */;
/*!40101 SET character_set_client = utf8 */;
CREATE TABLE `ACT_GE_BYTEARRAY` (
  `ID_` varchar(64) COLLATE utf8_bin NOT NULL DEFAULT '',
  `REV_` int(11) DEFAULT NULL,
  `NAME_` varchar(255) COLLATE utf8_bin DEFAULT NULL,
  `DEPLOYMENT_ID_` varchar(64) COLLATE utf8_bin DEFAULT NULL,
  `BYTES_` longblob,
  `GENERATED_` tinyint(4) DEFAULT NULL,
  PRIMARY KEY (`ID_`),
  KEY `ACT_FK_BYTEARR_DEPL` (`DEPLOYMENT_ID_`),
  CONSTRAINT `ACT_FK_BYTEARR_DEPL` FOREIGN KEY (`DEPLOYMENT_ID_`) REFERENCES `ACT_RE_DEPLOYMENT` (`ID_`)
) ENGINE=InnoDB DEFAULT CHARSET=utf8 COLLATE=utf8_bin;
/*!40101 SET character_set_client = @saved_cs_client */;

--
-- Dumping data for table `ACT_GE_BYTEARRAY`
--

LOCK TABLES `ACT_GE_BYTEARRAY` WRITE;
/*!40000 ALTER TABLE `ACT_GE_BYTEARRAY` DISABLE KEYS */;
INSERT INTO `ACT_GE_BYTEARRAY` VALUES ('0da4bf886cb84e9896ae77a243e0d300',1,'流程审批测试流程.test_audit.png','082adb097cf140e3abf6d49753fe7588','PNG\r\n\Z\n\0\0\0\rIHDR\0\0\0\0\0\0\0p\0\0I\IDATx\\\\r]u}/#\*\ԥ<./Z˲R\\J(IBDH&s	\"fZ\\ERe\R )\n\H!I#\nz\9\=\'\\[\93\ZuΜ3g\\\w\0\0\0\0\0\0\0\0\0\0\0\0\0\0\0\0\0\0\0\0\0\0\0\0\0\0\0\0\0\0\0\0\0\0\0\0\0\0\0\0\0\0\0\0\0\0\0\0\0\0\0\0\0\0\0\0\0\0\0\0\0\0\0\0\0\0\0\0\0\0\0\0\0\0\0\0\0\0\0\0\0\0\0\0\0\0\0\0\0\0\0\0\0\0\0\0\0\0\0\0\0\0\0\0\0\0\0\0\0\0\0\0\0\0\0\0\0\0\0\0\0\0\0\0\0\0\0\0\0\0\0\0\0\0\0\0\0\0\0\0\0\0\0\0\0\0\0\0\0\0\0\0\0\0\0\0\0\0\0\0\0\0\0\0\0\0\0\0\0\0\0\0\0l\\0\0\0@뙖r\\0\0\0hgmc֖WnJ\0\0\0u\nT\GO=\0\0\0VA?\\\0\0\0@6Lឞw=\0\0\04aA?\\\\0\0\0\\\\0\0\0,觏\}\0\0\0\Zz?\0\0\00Ýo\0\0\00B|{\r\c\0\0\0\$w\ک\Ѩ}\\0\08\WV܎o>=\0\0\0CAN\\Qł>9\c\0\0\0\QB^>Ta_\W\yc\\0\0`;\FQ\+\GZ\\\\0\0mA_Jz\\0\0`LH\F.c,\\\\0\0,\*\\r~\0\0\0Tg^a-}ma\{\0\0Vv\\'ײxhɲeS\n?Ɛ\T\\C}\y3\r5M\4MӴI\]\vy~~awߍ\usGW7\:1xQW\!\\\\Z8\\}~!\\/\\|茭Nwv׷\'^_\\\|cA\\߻ҞɫoE/}?\\magW\g\\X\=ŝ\\ݿt\\\sK\o\\ξ?\\u\\`r\03g\<\}3\n\xBV\S-Es\\Qxg\Y~\3mΒ\\{\׼\5\c\1\c\\~\?®Y\h\\\ߏi\og-\G?w\#p7,[ߪ\;!{_ι\\\\\\=vݢ/^*\?vE\R!_yO_ ̱S ^oj\03޷`q\K3?\oD\\󢮾K\9pj\\{\k\"+\]xyߧ\ީ\z{?X?\1\履\N\\.\\;.\_\?{`\\\}\W\<u\?ˇξ\\7|Y\蕏\=\\\>\[nn[l\.=f?ϊ!\n(Yv;#zMm\0\0\C`&p\"x\_\\et1/\\o$\n\(c\}\yA\\\*\\\:?j\\1\>\nS\\얞?\^3>x\r9K)-\g[\ܖ\n\A0px\[z\n\\\\cN\y|mM: ~_\%FD}\g?1?\Q\\~\|Y\q_;/\}\r\0z\\Fqϊ\ǣ\𲯮\\\\nX\\pa\E=\}\\\\\W<\U\G\?\)\_]\9/\f\n\3\_|\)|\\%\\0he\~Qw\]}\Q\gJ\죷~\N-\٧\'{\O:\+>\r\0z\\JV\o^\\,yy\ǣ<^we=\IN>\\\𧇕x\^\Y\\'^\'\K\O\\\Ǉ\= \\O\\\;P\393\?}\e\\W>\\\1΃(c\A|h}g\\\\\1yⱅ]}\=\\I;\0\0@=f\	#?\hQ0G\\\~s^-\\rl/fMPÃ\\\WoU\\\\OrWc\bZ\I=37\\?<\W܊\'J\>ýi\'\?\-Ez o\\[\Zw;\}\'\X\\O?\0\0L<a\5\NE}V$we\Kq?/\\޿\'\\k\\\\?,gyAyy\Eq<~GW\GK[.oW~\k\\\5\\c>v\\\E\\䫿\\	=\\\_\\\|\m\8~\g\\\\0@=f\	eaw_aڇ\W\\\_f/\2v!C\\\y;\,\\Ak\8q]\n̴m|ρ1/?~W_GH?8\/ᕂ}i%2\\\?z\\\W\{aW\\\3\\Y\\}ӥ\\\0S\0\0\'(\7Fa~_\\\0\0\~{\ \0\0\0i|\Nz?\0\0L\v(\G\\~\0\0\C\F;ސ{\0\0Pa&)k3|e\0\0\LLV)ا\r=\0\00Ӝ\Z\r\0\0\!0`a\0\0[_\0\0[\\\V.[\0\0\!0\tZqǗN:ŷ\0\0\!0\JLv=\0\03q\t{|#\0\03qkLR/}jY\Dy\0\03qLł>\;\0\0\C`&n\iU/}j\\\3|C\0\0\Ll&n\isG\\\0\0@=\Lܜӥa/c\\0@=f\\.+*\	\0\0\C`&6\0\0661\0\0661\0\066M+\0\066fbL+\0\0\rfbL+\0\0\rfb\\n\0\0\\n\0\0lc\\n\0\0lc\\n\0\0lcش\0\0lcc&ƴ\0\0\\`&ƴ\0\0\\`&6\0\0\0\ؘ1\0\0661\0\0661\0\066M+\0\066fbL+\0\0\rfbL+\0\0\rfb\\n\0\0\\n\0\0lc\\n\0\0lcش\0\0lcش\0\0\ض1cZ\0ml0cZ\0ml0V\0\0ml\ĘV\0\0`\ĘV\0\0`\Ħ\0\0`3ش\0\0\\`&ƴ\0\0\\`&ƴ\0\0\\`&6\0\0\0\ؘ1\0\0661\0\066M+\0\066fbL+\0\0\rfbL+\0\0\rf\mT.<\c7\}ݿ\\\+li\ʟz\\\l\\0@=f\aEAf͚\\/ۆ\rʫVz>+O>\0\0\C`&R\+蛮\!\\0@=f\!Ő{t󵬨E\0\0PxHq,\")zO\0\0\C`&\>E~L{)\y\\Q\0z\\M\\\oڸ\wx\x,S+\\0PI\'t\V}jOh\"\\Q\0z\\\Z\?4E}<W\\03q,kX\\spE=\0\0\!0+\5E=\0\0\!0oϢ>\vߨ\\z\0\0\C`&nҢhX\\spE=\0\0\!07iQܺ\\y\C\\\9E\0\0\oU\\c\npE=\0\0\!07sQ\K\G[\\\z\0\0\C`&n¢~\\u\\\\x.^W\\03q/T~\}\\r\\5Zz\0\0\C`&\\Epz\\0\0LܤEHz\\W+\\0Px\'c-\SS+\\0Px\'\0\0\0\0z\0\0PXQ?͛%\0\0(\)\+\K1_Z\0E\"\b^Q\0z\Ċ&/\\1̾W\\03Iۥ^Z\3\0@=fbE}\yM\4MӶ\\f\	]\_y\\m\v\j߳f͚\\n\[o\\̙xM*q\s\{\o~so|\\5w\uW\\\\c=jժ\\r6\;\n~9>\\͛˷\~{\}}\ks\\\\]vm\\\y\\\\\\\w\/^\\6m\T>\W\3\{6n\8\N:\\ՉAb\0rrf\q(\Sa\\\7\\\k/T\3\8޸\n\xM\G-\\\/~\\\ڟ\5`\\\_\\~\\'\\(ԋʋ\\\ݝ\s\1`.X\"\\?\\OT?G\\\pA~?^S\\\kq7!\s\=<y\>l~;5\V\\P\Dy\\+\\	\09yEVm\\\B`=\#:\g}\Z>n\]\O?^Go{*=\\G]\{ｫ#W_}u.Uz\\{\W\{\{fΜ9\Fѿ뮻Vw.u\Y\\=\x\/|\%\	p\7W\;\x.?ڱ\;]mϽ< G /ߪF_ۊʣ-\\Ν[-hSqz\=м\Їꪫ\\Roy\D\s\|}\?h\B\\\x,}t8AL\y\\#8\`$שORϽ< G /\\㎭cO-\r!/>>\4$>՗*\\\1\1L=\r;\\\0q~ܞv\i\q\\\{\\c\k~\\z\o\\?|s<W,\\s\3Ď\1ѫ_<@<E/\ߗڂ\\;|\\MQ/O`\\,\HME\a6h/MQ|\p+\"=\Q\{룐\\m}/:\\ё\\\5\/\AEwc\\Px>\\\0C\"\\;\\3Ϭ\G\\o\Ps\'\rӏ	q\9\\\\\۽O\ѷ\vzѳ죸/Y?\ԫ/UN\*#OǬ\G1\S ڧ;&\s\cq\q,\;\nJ^FE}j12 {\\\\\\\GUԧB6\n\tyU\8{}m\:ڢT\]\(j\TT\B/~*\\Pڢ\\C>\n(̣HO\\\\΃Re(~\sϭ.Nz\ȁbQ_ǾT9_Q\\\KQ\ttTؿ\u^_=^W{ٻR\$u\1i@*\\\\\\/^X\\\\\pt{zX\\^\.\nw\]ywL}/\\KQ\07=\K,\؉׿^=x\T%!ݧz@@@^LME}3\'B3\n\\\\\\??>\bQ\n\r\҉\ǭ\ϩg;z\S\{\;\Y-\K\\K\\\w\8+~q\{(̣ŝ\0\\::gOC/\A?O\"?P;* ]\rKsőz@@@^L<\^k\\\\ĊzE<rXQ)\\	\\\\ĊzMQ\\\zy\%@@^@Q)\\	\\\ĊzMQo\0rrfbE^\099y3^Q/O G`&V\kzy99y3^S\rrfbE^z	#P\kzy99\3^S\[)XQ\'@@@^L\\O\|msVԿ\"OxHW~f\n\&j\֭H\099y3]r\/~󟿨\=Q\>\	##0++ \C\X\Vl7\xc9U~J\Z\[)F\iELSNm\\ G /`&nmmme\镘V\\\\|#r\\[%S\\\'#@@^L\\Z\\\KZV\O\\\ G /`&n鳢XЧ\z\\\\ G /`&n\iU/}j\\\3|Cr\\fb3qN;\\7$O G`&67\ti\K\\zy9\\\\\=]VU\;<rfb\\n\\\\\ĘVF G G /`&ƴ2@\09y3iirr\fbL+L###0cZFش\49\\31\\\1L#@@@^Lie\Zrfb\\n\\\\ĘVF G G /`&ƴ2\099y3iir\\fbL+L###0cZF\\49\\\Ħ\\ /10@@@^`g\1\\\MY\`\Z@Ͱd핡\)L###hΙ!SN\[499y\ihTԷ\\rY\`\Z@sϸG/\\\4ձ499y襷499y\,\*K?\7birr5\\\륷499yaR*\S{챛\\_{zzZ\x\yO}+}\h\իWG\f[\`\ZrEAf͚\\/r˵[soذjժ\L##@@^\oՂ\[Vؿ\\\\ G /IW`６X\`\Zr\1ފ\Zԗ-p0@\09ya\3\\\O\-\\c\nsEi\\\M\\\oڸ\wx\x,S+\-pL#@@@^hҢ\ݶUA\S?Z8W\[\FЬECkX\\ssEi\\\MZ\?سaQ\)\#0&uV\n GWԷó1k\\󯾽[\\\\J\\ /l>\vߨ\\\+?GOcW)+\{v/B~ٲeH\ G /l\hX\\ssEܔ)S\\_\;rQwYqvJ+##\\۱n\\\`\\c\\\Q_Ǵz}GW_f|\?\+\\\\sz\\\/mɴR\099\eH\r<뮻n\%\\^;wn9ٳg\\\K,y\s\\rY\\\\G{\\*\\1~~\ݵz\E]}G|\\'O\uveyo}\T\c\0rr\K\b\o.z/}|\w׭[W޼ys9\\\\?\Y\_^p\o-Z\O?IYԿR\\\C\\\9Ź\F}\\vݷ{\#\jg/y\\?~e+#@@^\Zʊy\g^\?쯾jy\\'>W\ϟЉ\'\R\oڸӻS\\k\Rc\\\ا\\~=~C-@\09y\JVO\[\8\+FU\\\wS7oދ׾aQ\K\g\/\w>ٰO-^\k?a\\(\;:N)\\\\<\ý+##`\%\n+W~\\.?-o?\\\gqƋv\\&bQ?\\\^{E}i#)\CGg΋c\-+\/:`\0rrLD}q\\O\\\\>{#\\^>\'\c\0rrL\11\~{\\뱟3g\Ƭ\g\"c-\SSOx\ک\Ѩ}\\\yGV\n G G /&\r\O\8~G\_5k\ډT\kQ\W\"zۑާR\099&s^n喯\Y\?y\϶\0|E~;\\Ja^Ea_,\SSx~\\\c\0rr2D/}\\>.[7~\ܪzE(5*\\C^U\;\\J\\lyy\\\\\\u5o޼g/\d\zEX\!\ni(\\#-\k{C@@ɐ뮻n\UW]UO˗/?B\m-\n\\c,+\G[\{+##`\\\K.y\\ע{\\ϲ/tEvG\YE\-ꇛ7\#-Oco\0rrL,X\gyf\\g}v}>\\E}wX)\\1C?ن~[?6@@@^Z\ܹs˛7oע>^nn\;CFFi\{\\\R\\R\099y\\0b\\Xz|\Go\\\^~ߜߏ\71oq?^s\]w\-s{\G\VZaÆ6~g\\t\M[\{.\\on6m\TWX\h\{\\\{\\'\\.\@n\\q\z\\f/?}.\\8Ɛ\T\\+\w-ʭ@@@^&SO=7\\S\/>\\"=M:u\x\XG}\\/V_s//\\6x\\/΋\\׾V-ҋ-絏y\s\\\\www\\\/\ȍ\I\'\=\s\g\\v\a\<oW_}u\+\\w*v\G\\[Z~мQ\Zl\~$ױoDO\\0r\g<\\\?\?ic\k\XT\b:\n\9ʷ\~{\\\\\Y큏\>\(OE]*ꣀ.Uz\\6z\\C\c{?^>\\\\{\z\\S\Yg\`}T\\\\\\\[;o\n\MsLX\n{\\[)=/K.}d\~\\~\Mz\\\3\Zlc.\S\w\N\QLGa\母b?\\q\b~\1\\x≆\\S\hxP-}\\Sbɒ%[bQ_\fϞ]>\?\\nyKoC\u\n\7l]ߏw{+##`2\\\\\\Z\\\_p7\u\\}ݦ>mH=\1>n\\/U\\ў}\jQ_\ɟv\im\\\>ڢ\/_x\\M\]w\b\\^\{j\=>cqGD\gȾ\:\^bGG#7\Z\\\]~\\7r@\u\@@ɑO}\S\:n\'9s\\V\Rԧ\\+3P]z\\QGU},T G!_\O\'K\qГC\\\\kkOW.\PH-\nRa@*£@O+?z\\ڵk\\\~\r9n,X\E6|4\\>0\b\J\\$yYx`\ߐ}kZ{\Z\ds(cӣT8}\^\(Sqz~\j_9n}=Ew|=\sPc\c6z\5\\x]\O\Kg\/Ov\~hV\n G Gd\\G>\9\Wơ~\̙3\koo=Rw\3\,\o\1^Q_*j\">oϢ\\ۓ\\ɏKۥ\\(5詏\eJ5.]:=C\O-:\n95\1V\n G Gd\\\\)ߏ^Q\\E}\\X\\HEq\\\\}\{_u}d\\zX\GaǸ[rB\\\Ţ;v.3\[\lŢ\;\^j\^c}=cm-Z\\iu\na\\uV\n G Gd\K\>o޼ӟ5ϴ\Ӫ\Ѷ\\ҮT8\?Kҕ*\\w\b8\@iG\r7\P\YP*YQ+X/\'\q\\?*\kt\)\\\^{IX\\\}Ni}\4\\ /ٳgϚ?\ׯ߮}V\\̙3h\a\Z\kۧxQ_\Vc\0rrL\̚5k\駟i{\G}mmmh\FQo\~{\ J\\\e\\ngϞ7\_m\\6^v\e\Đ͝ߋ^Ql\yC\@\09y~\̙3\ϟ\}\\hC\w\8{\{\x|^Q?h{ڝ\J\#Q\\'Dq?w\\\\rɏ_u\\=y漂\}\\\\e˖\1k֬Ǣ\V=˽^Q?NF;ސ{+#@@^\&+\\\\\ޑ}7e\m/rd\Vd\\\៨߁^Q)k3,@\09yAQo\*!ߠR\09\\E95\7\\J\#,\V\n GWԷ`a\\Ao\0r\\zE}\VY\l\ G /(\Y\\w\\\)E]wut/V\n G G&^\d\\Y!\\E]H\ȑo\EI8M]ߎزBͲeS\J\\ȷ\0^Qߤ\e\_H+#@@^>\\kɴ\\\?x}G\m\\TZ)@^իW?~zNh\֭h-p\k\[\_m\.Ri\0rr\[\0ya]r\/~󟿨\(\{{{\\	iE{;:N\"ю\R[v\\\J\\ȷ\0\(d\{b(x\\\C\\3ˋ:9\t=K\ G /@\K\i\}k\o\-V4R\09\\499y1\099y,p,pL##@@^\0L###@^\0L###\0\##\\\\\\\\4\\\49\\499y499y1@\09y,p0@@\0y,p0@@@^\0,pL#@@@^\0L##@@^\0L###\0\##\0\\#\\\\\\\\4\\\49\\499y1\099y1@\09y,p0@@\0y,p0@@@^\0,pL#@@@^pYa\=)+#@@^\[W*\\\ڦ@\09yss\EکSN-Y)r4\\FE}{{ߐ\ G /@s/d\[^z+#@@^\_\lulc\@\09yZDV\ߢ\J\#5\n\\OX)r\\&?^/\ G /@\-lR\09\\&r<\\\\\u___G\\\\[^zdmir$Gr$Gr$Gr$/ł͚5\\ח_~em\'\r6WZ|\"8Fir$G\g9#9#yF$\Z7\\n\垞lDɑ&Grɑɑ\0\"14˂yZ\Fir$Gɑɑ\0#\X\6\\\.8\'JA\H\H\H#E=L~L{)\yɑɑɑiz6+?ݥ\\A-\,-mDɑɑɑɑt\\n\j\S?Zam\o#J\H\H\H4E=Ь>\p\\Yh[ۈ#9#9#9#MQ4\\e\r񜅶(9#9#9#9\(9\\H\H\H\H^\6Z\s\6\H\H\H\HS\M\+\Z.\9mQr$Gr$Gr$Gr)\&]?\w^\x\B\\\FɑɑɑizI\ɑɑɑiz/T~\{\x\B\\\Fɑɑɑiz	6+\\^\s\ZnQr$Gr$Gr$Grnl|\\QAA,_z\#\\\'.S\\k\ݵe#J\H\H\H-\\\+Cmmm\UP\\\ڻk\o#J\H\H\H,wQԯ:u\\${qڻk!n#\Fɑɑɑ\QK4*\\\\gEc]f!n#iir$Gr$Gr$Gr$Gr\ԅ}c\\\K-\,ó1k\\󯾽[\\\\ʑ&Grɑɑ~c\K\\݈JPiE=#\\]\lgaW\pZl\.rɑir$Gr$G;_V\ߢ,5QP)S\8\M{agWw\\3\\ir$Gɑ\\N/\*K?!WEf\?i6:\u\5㣗}<\e_]yv׷\'[\\{HGwi\oˑ&Grɑɑ\\\\\z`\M\^ݳV﹨\/7䈓\䩟\\\NX,\\6\H#9\\H\H\׬Y\\\\vVV\ߔGB~s\\?7^m\nD\h*\q\[\=h5\Ǽp\\Y\\\ir$Gɑ\\K\e\'k/q\6~j\n,UŢs\\껦}\}_\\G9\\H49#9\\\\n\֜x\\RU\Q\n@\}\'\FTGg\)\6Gyˑ&GrɑɑmgΜY\[\\\/{e9\\u\֕\\\\˧rJmaI=Xk5m$P]\\1ŖmH]\\'u,\\#M\H#9#9\ZsA?=+\_-7\pCy\ظqcx_\~\i+o\'!ڑ=,rɑir$Gr$Gc*\O./\{\\\"\\c-4Ԟ\5Y;r;\Z\;|;oɑɑir$Gڤ\QC_rT؏UͿ\k\\\\ـ^\J\ʕۑnH5z_KmHɑɑɑɑ\\9\\n\b\¾\~*,-[kT\\(\H6P\)<?\c#\H#9\\H\H\Z\\\\7,-W\rzDCmH\{Uu^\\4ʑɑɑɑ\\E}O*\$w;7ި}\\SO=U~\k׮ڎ{\9d\4[\̙3\u\M7\\\'\\o\?Ϟ=\s\U\\??C\￿?G\u\]x\\k\\r6\}\k_\bZ|w;{\}`6bèކ\H7j7\}\\H+9#9\Z\i#97f͚\tr\Mgů\\;T[\DEO<Q]\t\Iy\Hd7\\E[o\\\]~\\X>\\5C#\~G\b#?^裏6|ͪU\y\տ=u\\C/󪫮\o\7m\T}_܏y\\\\m݊\믿\\}\%K\aXTO[[\A#|\H7dې\Z\T\o\~Wr$Gr4~9\&N1\"Gr$G\3od^w饗w}?WMR\?\\w\]\#<b⢋.\\#T_3\b䬳Ϊ\0Q\Wʻ\{~7\\\;\\{o~\_z~[\LEF\QhE!S;\{\b%EQ<\O\Q\r\;{\_hwwCmH\2\\rڞqې\Z\w%Gr$G\#mb#r$Grc\챛\+WܡE}ej!:ilil\~;\\s}}}\\;\<ꨣ!\#C=_l1t7^\/~\\uq\o\\_r\%\^{\U~\g\\w\}c\rKt\Ҽ&sܾwCP.{x\l \zR?ن\rm<;#9ɑ6\9#9\F#\\}Z\֭+~\'U[\$E}@\c=\Z#\a=i\9o޼Amb$}\c\b$WN/z7\y7_BX/\'NE\ܹs\7\\3\8#?Rf͚\\<\cW2n\W7¿2|k[{\"\mHm\T\Դf\H\h|sM\bD\H１\\\\2vC]ޮ7	R\\X{\\c\n\N;n1\7\a\ior,\H>W,8]y啃~:iWmP_g5}T|\\\\l٢1KFm\qi\|^o\,KT\˛廊&Gr$G\#m\79#m\\\\C勇IؐT[Z!>\\ٴ^r;\c\F{Mg\\Z~t\[[\	\j\%>w*:\\MM\\d\"ѫ\Z\9G\OY\Z2X\\\-f~C=\\\\\6}\ԩS*/\\\\\32\gdawߍ\u\\\\x|Wr$Gr4>9\Z+Hjo1¤\NrP\bgX\e\#z˄8\\\r\\?\Nc9z?Ν\\	.[Qvp\\\G\\'q^\\~8\Jl\h\Pt%놴9Fx\a\\\tI:\'Kq\nq\X\oggg\%{\;߹\r#Ȓ\G11,~_K&Z\XO}u\\\o\Sr\47	.$\\,c!^<VO?Ϝ93,N\h\>?{{[6\rbj\s\{nݍ}\w\\\trQ1?ǂ=n/^\\]B,]`ק\&V>18{<\\\v\¿v\veSi\\8\r\0fKgN\n\\\\{\x|Wr$Gr4>9\Z+Hy5^ڱT/#q(B\h\\3\\_\'e?\ɕޛFwL\'=\d9\y)bYF\\7\w;՚q\QEm,\|FF\@\\6R\p,j*\˔2ͯɴ32ߕWXQ-Kٍ\q?^So[\zőp\\LüO\~)\\.͞#\ԃ>\0k:6|\O\(\I\\\و^\\H\r؃/R\\#\{ｫ{n\έ9\kJ!g\rOEAEic.6\.AÅ\ts3o3rc\<h%tI}٧\k\\\g4\x\Z\'bPq\b\rfC\1M]ߎ\rb\6\,[60e<+9#9\9\Z+H\ȒRᄔ\\\\N\e:T%\\\sR\9HI碈4\|JHy\\8\%}\yQɵ>\Z y(~:6^\\)\+\{LE}Z?\}IP56v\"؁]c\\N*>y\{߻\\*\f\\.\rN\BE}\y\\\AQ_]O\ŞCZ(\F~:WmK\tv\bAP\\\\\H{\\\D[\פō\b\lz8\7VT_-\c=PH\\\8\ػ+\\h\`kP=!\\\P\Ɇ\\^xy\~[;n\F\W\뻒#9Dzm\\O\I\ivJ\pRe4I<z+z\K,~\ofpp\\~N\\_?P2픈8z`$É\h⮏ji\sqQ\a>Ea湔(zKs\n\[\R͹SJ˥F!_|O\HH#\z*e,ԧ\\l\\\W\z2SO;k\7ӄE\ԃ~BtL\Px\D>K\6\\\\m@Ƹ!\\Ψ}\q]\r:r$Gr4rT\WiQ\nx\=\yO*\1 F\\ѻE|\?`xiDM5-\c\Do_##\H\מ\"]j2\n\\X\#\\;\rOW\ǩ?~x(SQ_\Zq,\.^\$2s\\-S&\G\i\[<W{Ux.}\\h\IX\d\iX|]iW]i͚5\YJ\\|#\!Ig\Mj#.}\|\ZtjR\\\hm\k\{I\[\_m\.r$Gr4rT\W(H)՜1F_ÀS\J\(\'ʋb&\'\S\ߋ*\'*F\΋R͡\QxE_*wT9\Y\Z\\+g,tHJ\0:\Q\{룐O9Kǽ,ih|%n\\\\\/g\"2T<\kqN\\\>\\\\\9\֧b;v\7\xc~J&pQz6\	\\?D+.\Bvm渫m9Sp\Ъi\CR;\\\[oCj\(zbJގξSbю\R[v\\[)Gi#?=j#<*\+FOJ:>mLg+c\{ұ\\	3GKg-Nrz\'J3C&s\'G3G\q\eFqKx\1\Dw\\Xo\zXP\z\\GA#_\H\'\*\4TT9nx±txM:e\\/\\h\N?*ǯ\\\<4\nC\ӡS\*(͗\*#b=\\\=\Kq\|)b@ZG\Ra4A\T7,e-e\U2\\\"W\ē\\\0\\h\~F*~{0/~_]^\\\lLТT9\0O{D\ɴ\6ڋ\Z\t\\n,kO\U\Zᙂk\\\Z+(\\42*\ڐ*A4\r\0\dHqҡEg\6zu\r|#ۘsT/\7D\\ainlؤ\!c.CN\Kl\\鋟\δ:kx:sx]l5k\\hb\h< t\\\8D*Pb\hoy\[\t\zg\/.rr]ov8X\/S_[\ǲ$ZʯY\[uClk\(\ڢT\	O{ڑ\\[ԧ\\\!0C\:\"vt\z\"\\";):=\\\;j\d\\\N\Nm=\r\\sl\\\wz\9\Z\\2V*\!8DQ*;T9\^ԴwTs\bq1\3מ5N\a\Zv#\\c\OE}U\\\\Tz6F{Y\\z\]\0\-?Gd\\[ѶB㙣Tמ\FK\\KC{\Z\\k\~\\6\ى\l¥ʱ\\rRMO}s\'G3G;\nI)Sѣ\(ċ\̎\\)OW\\'(n\ɩHO?׎VKQAT,\K3\\d8MQ\.Kvt\t)\zE}\HK#`W-\\\ԍl\\S_\X:k\(x}2ܿ8\-혋uQq}Ҩ)q2\dq\'u\e\p\ZG\6\;v~lka\\\_\\<~S{{>,E}\Z6\\Tԗ\Z\\:$P/u{\-Gz\t\426\t~DRۣ\e\v}-t\R;$?;\\ڞz-(\ݴ=\i\&\\r\3Ҩ>\ǆVm)wr41s \ЗRTRo{\ҥ\\\m\닗\K9I-z\}\^{\V\\F\\\\i\a\#G\GQ)\\\ҡSpIǻyT8]z<\n\(\$\j3Y\	vf\?\r\ϊ\A\Xw\tIF8+=V<\\Gmmm\'\ŏ\\v/q*)5\qV!\Ҵ [ۊÓK8Sp\YX\\k+qِ\\d-S$\\\~*Tb^\r(.b}\ܩEod\&z+c<\rb m\"ᐩ/GqD\\~\5\#\lɗ#\H\HF.[\\-q}\P,qR\1\\\\>IO{\\(\ԧ\c\r\FgaMCcHsP\\l#j\a(\|b\Op\k~wiR\dt\ucދ\NyڙV;,2/\v\\q\\be#\ٺ\\f̝M\i\Gr$Gr42\cŢ<Er\ʼ>\r͏!\֭\GtuuO=\_\C\cG\\n&\¿\C.\8(\\;48-\\\r\ڳ\^\4|2]^1,\\TB\\$D)G\şchcWq|a\\c\N4: ]w;e02NT\\\b\s0BYr\'GrYɑ&GËc싗c[\zdRehm\t\"81\4xRǱQ3ܙk\#x91mM\A\9J\'*^աT9\w{\c~:~7nc{\!q,c,\\\q@8 qDx͒;9>Ҭ\HQ\'TWFS\GＳ\\$-\\$Z\k󦓜K\\>uߗμ\}\\VO\\\L1z\qQxKl)p#j4FdmS\fLEa\JEt:\I\\ͷ1\%]\J5\'\\'Jr(;\j\8\%\'\"58Ys\'G\Gir4zf\zkV\wd\䛲x\6W\n}2k+vn`\eRNU{m\\\	j\Z;gT͙k\+\uU6\r=rrQ<N=?Z񚺵\)\.\.\T\GRO{R\\Ŗ\vFЋs\'G\Gir(\5\C2!8ʑɑɑɑ,\`pPr$Gr$Gr$Gr)\m\"/ӆ\%Gr$Gr$Gr$G\&\?Y,Z2Ar$Gr$Gr$Gr\`\M\\ʑ&Gr$Gr$Gr$G\0ȑ&Gr\r$G\0ȑ!Gɑ&Gf\/G!GrirX[#Gɑ&GȑX[#Grir$G?r$Gȑ!Gir\r$G\0ȑ&Gr\r$Gf\\rɑirXkr\r$Gȑ\`\o\ir$G!Gr`\o\\rɑirXkȑ!GrirXkr\r$GȑX[#Gɑ&Grd#`\\\\m9[b#M\H#\H\0Fd\\Ϭ_ނ	ںu\)[?d#M\H#\H\0Fؕ+W\\?;oOn,{{{\\	\J9\\H\\r\e\===\8G\Crɑɑ!Gr\0\0\0\0\0\0\0\0\0\0\0\0\0\0\0\0\0\0\0\0\0\0\0\0\0\0\0\0\0\0\0\0\0\0\0\\\\ER\0\0\0\0IENDB`',1),('41c313f835da4325815e483b0d2e19e9',1,'source',NULL,'{\"id\":\"canvas\",\"resourceId\":\"canvas\",\"properties\":{\"process_author\":\"kcfw\"},\"stencilset\":{\"namespace\":\"http://b3mn.org/stencilset/bpmn2.0#\"}}',NULL),('44bc0cc0ec8b440f8ebaacbd2250f893',1,'流程审批测试流程.bpmn20.xml','de3c7af4ac82464d8ac31e7ae73ddca7','<?xml version=\"1.0\" encoding=\"UTF-8\"?>\n<definitions xmlns=\"http://www.omg.org/spec/BPMN/20100524/MODEL\" xmlns:xsi=\"http://www.w3.org/2001/XMLSchema-instance\" xmlns:xsd=\"http://www.w3.org/2001/XMLSchema\" xmlns:activiti=\"http://activiti.org/bpmn\" xmlns:bpmndi=\"http://www.omg.org/spec/BPMN/20100524/DI\" xmlns:omgdc=\"http://www.omg.org/spec/DD/20100524/DC\" xmlns:omgdi=\"http://www.omg.org/spec/DD/20100524/DI\" typeLanguage=\"http://www.w3.org/2001/XMLSchema\" expressionLanguage=\"http://www.w3.org/1999/XPath\" targetNamespace=\"http://www.activiti.org/test\">\n  <process id=\"test_audit\" name=\"流程审批测试流程\" isExecutable=\"true\">\n    <startEvent id=\"start\" name=\"启动审批\" activiti:initiator=\"apply\" activiti:formKey=\"/oa/testAudit/form\"></startEvent>\n    <endEvent id=\"end\" name=\"结束审批\"></endEvent>\n    <userTask id=\"modify\" name=\"员工薪酬档级修改\" activiti:assignee=\"${apply}\"></userTask>\n    <userTask id=\"audit\" name=\"薪酬主管初审\" activiti:assignee=\"{dirct}\"></userTask>\n    <exclusiveGateway id=\"sid-C28BB5F6-013D-4570-B432-61B380C1F46F\"></exclusiveGateway>\n    <userTask id=\"audit2\" name=\"集团人力资源部部长审核\" activiti:assignee=\"thinkgem\"></userTask>\n    <exclusiveGateway id=\"sid-ED46FE41-A0FD-496D-86DC-2C97AF5735F0\"></exclusiveGateway>\n    <sequenceFlow id=\"sid-EF2F51BB-1D99-4F0B-ACF2-B6C1300A7D2B\" sourceRef=\"audit2\" targetRef=\"sid-ED46FE41-A0FD-496D-86DC-2C97AF5735F0\"></sequenceFlow>\n    <userTask id=\"audit3\" name=\"集团人力资源部分管领导审核\" activiti:candidateGroups=\"e\"></userTask>\n    <exclusiveGateway id=\"sid-FE485B2D-9A23-4236-BD0D-D788CA6E30E4\"></exclusiveGateway>\n    <sequenceFlow id=\"sid-3DBCD661-5720-4480-8156-748BE0275FEF\" sourceRef=\"audit3\" targetRef=\"sid-FE485B2D-9A23-4236-BD0D-D788CA6E30E4\"></sequenceFlow>\n    <userTask id=\"audit4\" name=\"集团总经理审批\" activiti:assignee=\"thinkgem\"></userTask>\n    <exclusiveGateway id=\"sid-3F53B6BD-F8F3-496B-AC08-50630BD11477\"></exclusiveGateway>\n    <userTask id=\"apply_end\" name=\"薪酬档级兑现\" activiti:assignee=\"thinkgem\"></userTask>\n    <sequenceFlow id=\"sid-02DB2AD9-1332-4198-AC8D-22A35169D15C\" sourceRef=\"audit4\" targetRef=\"sid-3F53B6BD-F8F3-496B-AC08-50630BD11477\"></sequenceFlow>\n    <sequenceFlow id=\"sid-2AB7C01A-50EE-4AAC-8C8F-F6E1935B3DA7\" sourceRef=\"audit\" targetRef=\"sid-C28BB5F6-013D-4570-B432-61B380C1F46F\"></sequenceFlow>\n    <sequenceFlow id=\"sid-36E50C8B-6C7C-4968-B02D-EBAA425BF4BE\" sourceRef=\"start\" targetRef=\"audit\"></sequenceFlow>\n    <sequenceFlow id=\"sid-7D723190-1432-411D-A4A4-774225E54CD9\" name=\"是\" sourceRef=\"sid-3F53B6BD-F8F3-496B-AC08-50630BD11477\" targetRef=\"apply_end\">\n      <conditionExpression xsi:type=\"tFormalExpression\"><![CDATA[${pass==1}]]></conditionExpression>\n    </sequenceFlow>\n    <sequenceFlow id=\"sid-D44CAD43-0271-4920-A524-9B8533E52550\" name=\"是\" sourceRef=\"sid-FE485B2D-9A23-4236-BD0D-D788CA6E30E4\" targetRef=\"audit4\">\n      <conditionExpression xsi:type=\"tFormalExpression\"><![CDATA[${pass==1}]]></conditionExpression>\n    </sequenceFlow>\n    <exclusiveGateway id=\"sid-5FED02D6-C388-48C6-870E-097DB2131EA0\"></exclusiveGateway>\n    <sequenceFlow id=\"sid-163DBC60-DBC9-438B-971A-67738FB7715A\" sourceRef=\"modify\" targetRef=\"sid-5FED02D6-C388-48C6-870E-097DB2131EA0\"></sequenceFlow>\n    <sequenceFlow id=\"sid-8448EF4A-B62E-4899-ABC2-0E2DB2AE6838\" name=\"重新申请\" sourceRef=\"sid-5FED02D6-C388-48C6-870E-097DB2131EA0\" targetRef=\"audit\">\n      <conditionExpression xsi:type=\"tFormalExpression\"><![CDATA[${pass==1}]]></conditionExpression>\n    </sequenceFlow>\n    <sequenceFlow id=\"sid-A7589084-4623-4FEA-A774-00A70DDC1D20\" name=\"是\" sourceRef=\"sid-ED46FE41-A0FD-496D-86DC-2C97AF5735F0\" targetRef=\"audit3\">\n      <conditionExpression xsi:type=\"tFormalExpression\"><![CDATA[${pass==1}]]></conditionExpression>\n    </sequenceFlow>\n    <sequenceFlow id=\"sid-FA618636-3708-4D0C-8514-29A4BB8BC926\" name=\"否\" sourceRef=\"sid-ED46FE41-A0FD-496D-86DC-2C97AF5735F0\" targetRef=\"modify\">\n      <conditionExpression xsi:type=\"tFormalExpression\"><![CDATA[${pass==0}]]></conditionExpression>\n    </sequenceFlow>\n    <sequenceFlow id=\"sid-1525BFF4-3E9D-4D8A-BF80-1F63AFE16289\" name=\"否\" sourceRef=\"sid-FE485B2D-9A23-4236-BD0D-D788CA6E30E4\" targetRef=\"modify\">\n      <conditionExpression xsi:type=\"tFormalExpression\"><![CDATA[${pass==0}]]></conditionExpression>\n    </sequenceFlow>\n    <sequenceFlow id=\"sid-35CC8C6C-1067-4398-991C-CCF955115965\" name=\"否\" sourceRef=\"sid-3F53B6BD-F8F3-496B-AC08-50630BD11477\" targetRef=\"modify\">\n      <conditionExpression xsi:type=\"tFormalExpression\"><![CDATA[${pass==0}]]></conditionExpression>\n    </sequenceFlow>\n    <sequenceFlow id=\"sid-BDB0AAB2-7E50-4D35-80EE-CE0BECDD9F57\" sourceRef=\"apply_end\" targetRef=\"end\"></sequenceFlow>\n    <sequenceFlow id=\"sid-44AFB9C1-4057-4C48-B1F2-1EC897A52CB7\" name=\"销毁\" sourceRef=\"sid-5FED02D6-C388-48C6-870E-097DB2131EA0\" targetRef=\"end\">\n      <conditionExpression xsi:type=\"tFormalExpression\"><![CDATA[${pass==0}]]></conditionExpression>\n    </sequenceFlow>\n    <sequenceFlow id=\"sid-53258502-43EE-4DE8-B1A4-DBD11922B8AF\" name=\"否\" sourceRef=\"sid-C28BB5F6-013D-4570-B432-61B380C1F46F\" targetRef=\"modify\">\n      <conditionExpression xsi:type=\"tFormalExpression\"><![CDATA[${pass==0}]]></conditionExpression>\n    </sequenceFlow>\n    <sequenceFlow id=\"sid-72258A41-203E-428C-B71D-CA3506252D73\" name=\"是\" sourceRef=\"sid-C28BB5F6-013D-4570-B432-61B380C1F46F\" targetRef=\"audit2\">\n      <conditionExpression xsi:type=\"tFormalExpression\"><![CDATA[${pass==1}]]></conditionExpression>\n    </sequenceFlow>\n  </process>\n  <bpmndi:BPMNDiagram id=\"BPMNDiagram_test_audit\">\n    <bpmndi:BPMNPlane bpmnElement=\"test_audit\" id=\"BPMNPlane_test_audit\">\n      <bpmndi:BPMNShape bpmnElement=\"start\" id=\"BPMNShape_start\">\n        <omgdc:Bounds height=\"30.0\" width=\"30.0\" x=\"30.0\" y=\"245.0\"></omgdc:Bounds>\n      </bpmndi:BPMNShape>\n      <bpmndi:BPMNShape bpmnElement=\"end\" id=\"BPMNShape_end\">\n        <omgdc:Bounds height=\"28.0\" width=\"28.0\" x=\"975.0\" y=\"356.0\"></omgdc:Bounds>\n      </bpmndi:BPMNShape>\n      <bpmndi:BPMNShape bpmnElement=\"modify\" id=\"BPMNShape_modify\">\n        <omgdc:Bounds height=\"58.0\" width=\"102.0\" x=\"209.0\" y=\"135.0\"></omgdc:Bounds>\n      </bpmndi:BPMNShape>\n      <bpmndi:BPMNShape bpmnElement=\"audit\" id=\"BPMNShape_audit\">\n        <omgdc:Bounds height=\"57.0\" width=\"96.0\" x=\"105.0\" y=\"231.5\"></omgdc:Bounds>\n      </bpmndi:BPMNShape>\n      <bpmndi:BPMNShape bpmnElement=\"sid-C28BB5F6-013D-4570-B432-61B380C1F46F\" id=\"BPMNShape_sid-C28BB5F6-013D-4570-B432-61B380C1F46F\">\n        <omgdc:Bounds height=\"40.0\" width=\"40.0\" x=\"240.0\" y=\"240.0\"></omgdc:Bounds>\n      </bpmndi:BPMNShape>\n      <bpmndi:BPMNShape bpmnElement=\"audit2\" id=\"BPMNShape_audit2\">\n        <omgdc:Bounds height=\"80.0\" width=\"100.0\" x=\"210.0\" y=\"330.0\"></omgdc:Bounds>\n      </bpmndi:BPMNShape>\n      <bpmndi:BPMNShape bpmnElement=\"sid-ED46FE41-A0FD-496D-86DC-2C97AF5735F0\" id=\"BPMNShape_sid-ED46FE41-A0FD-496D-86DC-2C97AF5735F0\">\n        <omgdc:Bounds height=\"40.0\" width=\"40.0\" x=\"345.0\" y=\"350.0\"></omgdc:Bounds>\n      </bpmndi:BPMNShape>\n      <bpmndi:BPMNShape bpmnElement=\"audit3\" id=\"BPMNShape_audit3\">\n        <omgdc:Bounds height=\"80.0\" width=\"100.0\" x=\"420.0\" y=\"330.0\"></omgdc:Bounds>\n      </bpmndi:BPMNShape>\n      <bpmndi:BPMNShape bpmnElement=\"sid-FE485B2D-9A23-4236-BD0D-D788CA6E30E4\" id=\"BPMNShape_sid-FE485B2D-9A23-4236-BD0D-D788CA6E30E4\">\n        <omgdc:Bounds height=\"40.0\" width=\"40.0\" x=\"555.0\" y=\"350.0\"></omgdc:Bounds>\n      </bpmndi:BPMNShape>\n      <bpmndi:BPMNShape bpmnElement=\"audit4\" id=\"BPMNShape_audit4\">\n        <omgdc:Bounds height=\"80.0\" width=\"100.0\" x=\"630.0\" y=\"330.0\"></omgdc:Bounds>\n      </bpmndi:BPMNShape>\n      <bpmndi:BPMNShape bpmnElement=\"sid-3F53B6BD-F8F3-496B-AC08-50630BD11477\" id=\"BPMNShape_sid-3F53B6BD-F8F3-496B-AC08-50630BD11477\">\n        <omgdc:Bounds height=\"40.0\" width=\"40.0\" x=\"765.0\" y=\"350.0\"></omgdc:Bounds>\n      </bpmndi:BPMNShape>\n      <bpmndi:BPMNShape bpmnElement=\"apply_end\" id=\"BPMNShape_apply_end\">\n        <omgdc:Bounds height=\"80.0\" width=\"100.0\" x=\"840.0\" y=\"330.0\"></omgdc:Bounds>\n      </bpmndi:BPMNShape>\n      <bpmndi:BPMNShape bpmnElement=\"sid-5FED02D6-C388-48C6-870E-097DB2131EA0\" id=\"BPMNShape_sid-5FED02D6-C388-48C6-870E-097DB2131EA0\">\n        <omgdc:Bounds height=\"40.0\" width=\"40.0\" x=\"240.0\" y=\"45.0\"></omgdc:Bounds>\n      </bpmndi:BPMNShape>\n      <bpmndi:BPMNEdge bpmnElement=\"sid-02DB2AD9-1332-4198-AC8D-22A35169D15C\" id=\"BPMNEdge_sid-02DB2AD9-1332-4198-AC8D-22A35169D15C\">\n        <omgdi:waypoint x=\"730.0\" y=\"370.0\"></omgdi:waypoint>\n        <omgdi:waypoint x=\"765.0\" y=\"370.0\"></omgdi:waypoint>\n      </bpmndi:BPMNEdge>\n      <bpmndi:BPMNEdge bpmnElement=\"sid-36E50C8B-6C7C-4968-B02D-EBAA425BF4BE\" id=\"BPMNEdge_sid-36E50C8B-6C7C-4968-B02D-EBAA425BF4BE\">\n        <omgdi:waypoint x=\"60.0\" y=\"260.0\"></omgdi:waypoint>\n        <omgdi:waypoint x=\"105.0\" y=\"260.0\"></omgdi:waypoint>\n      </bpmndi:BPMNEdge>\n      <bpmndi:BPMNEdge bpmnElement=\"sid-8448EF4A-B62E-4899-ABC2-0E2DB2AE6838\" id=\"BPMNEdge_sid-8448EF4A-B62E-4899-ABC2-0E2DB2AE6838\">\n        <omgdi:waypoint x=\"240.0\" y=\"65.0\"></omgdi:waypoint>\n        <omgdi:waypoint x=\"153.0\" y=\"65.0\"></omgdi:waypoint>\n        <omgdi:waypoint x=\"153.0\" y=\"231.5\"></omgdi:waypoint>\n        <bpmndi:BPMNLabel>\n          <omgdc:Bounds height=\"0.0\" width=\"0.0\" x=\"240.0\" y=\"65.0\"></omgdc:Bounds>\n        </bpmndi:BPMNLabel>\n      </bpmndi:BPMNEdge>\n      <bpmndi:BPMNEdge bpmnElement=\"sid-7D723190-1432-411D-A4A4-774225E54CD9\" id=\"BPMNEdge_sid-7D723190-1432-411D-A4A4-774225E54CD9\">\n        <omgdi:waypoint x=\"805.0\" y=\"370.0\"></omgdi:waypoint>\n        <omgdi:waypoint x=\"840.0\" y=\"370.0\"></omgdi:waypoint>\n        <bpmndi:BPMNLabel>\n          <omgdc:Bounds height=\"0.0\" width=\"0.0\" x=\"805.0\" y=\"370.0\"></omgdc:Bounds>\n        </bpmndi:BPMNLabel>\n      </bpmndi:BPMNEdge>\n      <bpmndi:BPMNEdge bpmnElement=\"sid-A7589084-4623-4FEA-A774-00A70DDC1D20\" id=\"BPMNEdge_sid-A7589084-4623-4FEA-A774-00A70DDC1D20\">\n        <omgdi:waypoint x=\"385.0\" y=\"370.0\"></omgdi:waypoint>\n        <omgdi:waypoint x=\"420.0\" y=\"370.0\"></omgdi:waypoint>\n        <bpmndi:BPMNLabel>\n          <omgdc:Bounds height=\"0.0\" width=\"0.0\" x=\"385.0\" y=\"370.0\"></omgdc:Bounds>\n        </bpmndi:BPMNLabel>\n      </bpmndi:BPMNEdge>\n      <bpmndi:BPMNEdge bpmnElement=\"sid-53258502-43EE-4DE8-B1A4-DBD11922B8AF\" id=\"BPMNEdge_sid-53258502-43EE-4DE8-B1A4-DBD11922B8AF\">\n        <omgdi:waypoint x=\"260.0\" y=\"240.0\"></omgdi:waypoint>\n        <omgdi:waypoint x=\"260.0\" y=\"193.0\"></omgdi:waypoint>\n        <bpmndi:BPMNLabel>\n          <omgdc:Bounds height=\"0.0\" width=\"0.0\" x=\"260.0\" y=\"240.0\"></omgdc:Bounds>\n        </bpmndi:BPMNLabel>\n      </bpmndi:BPMNEdge>\n      <bpmndi:BPMNEdge bpmnElement=\"sid-35CC8C6C-1067-4398-991C-CCF955115965\" id=\"BPMNEdge_sid-35CC8C6C-1067-4398-991C-CCF955115965\">\n        <omgdi:waypoint x=\"785.0\" y=\"350.0\"></omgdi:waypoint>\n        <omgdi:waypoint x=\"785.0\" y=\"164.0\"></omgdi:waypoint>\n        <omgdi:waypoint x=\"311.0\" y=\"164.0\"></omgdi:waypoint>\n        <bpmndi:BPMNLabel>\n          <omgdc:Bounds height=\"0.0\" width=\"0.0\" x=\"785.0\" y=\"350.0\"></omgdc:Bounds>\n        </bpmndi:BPMNLabel>\n      </bpmndi:BPMNEdge>\n      <bpmndi:BPMNEdge bpmnElement=\"sid-2AB7C01A-50EE-4AAC-8C8F-F6E1935B3DA7\" id=\"BPMNEdge_sid-2AB7C01A-50EE-4AAC-8C8F-F6E1935B3DA7\">\n        <omgdi:waypoint x=\"201.0\" y=\"260.0\"></omgdi:waypoint>\n        <omgdi:waypoint x=\"240.0\" y=\"260.0\"></omgdi:waypoint>\n      </bpmndi:BPMNEdge>\n      <bpmndi:BPMNEdge bpmnElement=\"sid-1525BFF4-3E9D-4D8A-BF80-1F63AFE16289\" id=\"BPMNEdge_sid-1525BFF4-3E9D-4D8A-BF80-1F63AFE16289\">\n        <omgdi:waypoint x=\"575.0\" y=\"350.0\"></omgdi:waypoint>\n        <omgdi:waypoint x=\"575.0\" y=\"164.0\"></omgdi:waypoint>\n        <omgdi:waypoint x=\"311.0\" y=\"164.0\"></omgdi:waypoint>\n        <bpmndi:BPMNLabel>\n          <omgdc:Bounds height=\"0.0\" width=\"0.0\" x=\"575.0\" y=\"350.0\"></omgdc:Bounds>\n        </bpmndi:BPMNLabel>\n      </bpmndi:BPMNEdge>\n      <bpmndi:BPMNEdge bpmnElement=\"sid-3DBCD661-5720-4480-8156-748BE0275FEF\" id=\"BPMNEdge_sid-3DBCD661-5720-4480-8156-748BE0275FEF\">\n        <omgdi:waypoint x=\"520.0\" y=\"370.0\"></omgdi:waypoint>\n        <omgdi:waypoint x=\"555.0\" y=\"370.0\"></omgdi:waypoint>\n      </bpmndi:BPMNEdge>\n      <bpmndi:BPMNEdge bpmnElement=\"sid-163DBC60-DBC9-438B-971A-67738FB7715A\" id=\"BPMNEdge_sid-163DBC60-DBC9-438B-971A-67738FB7715A\">\n        <omgdi:waypoint x=\"260.0\" y=\"135.0\"></omgdi:waypoint>\n        <omgdi:waypoint x=\"260.0\" y=\"85.0\"></omgdi:waypoint>\n      </bpmndi:BPMNEdge>\n      <bpmndi:BPMNEdge bpmnElement=\"sid-44AFB9C1-4057-4C48-B1F2-1EC897A52CB7\" id=\"BPMNEdge_sid-44AFB9C1-4057-4C48-B1F2-1EC897A52CB7\">\n        <omgdi:waypoint x=\"280.0\" y=\"65.0\"></omgdi:waypoint>\n        <omgdi:waypoint x=\"989.0\" y=\"65.0\"></omgdi:waypoint>\n        <omgdi:waypoint x=\"989.0\" y=\"356.0\"></omgdi:waypoint>\n        <bpmndi:BPMNLabel>\n          <omgdc:Bounds height=\"0.0\" width=\"0.0\" x=\"280.0\" y=\"65.0\"></omgdc:Bounds>\n        </bpmndi:BPMNLabel>\n      </bpmndi:BPMNEdge>\n      <bpmndi:BPMNEdge bpmnElement=\"sid-BDB0AAB2-7E50-4D35-80EE-CE0BECDD9F57\" id=\"BPMNEdge_sid-BDB0AAB2-7E50-4D35-80EE-CE0BECDD9F57\">\n        <omgdi:waypoint x=\"940.0\" y=\"370.0\"></omgdi:waypoint>\n        <omgdi:waypoint x=\"975.0\" y=\"370.0\"></omgdi:waypoint>\n      </bpmndi:BPMNEdge>\n      <bpmndi:BPMNEdge bpmnElement=\"sid-FA618636-3708-4D0C-8514-29A4BB8BC926\" id=\"BPMNEdge_sid-FA618636-3708-4D0C-8514-29A4BB8BC926\">\n        <omgdi:waypoint x=\"365.0\" y=\"350.0\"></omgdi:waypoint>\n        <omgdi:waypoint x=\"365.0\" y=\"164.0\"></omgdi:waypoint>\n        <omgdi:waypoint x=\"311.0\" y=\"164.0\"></omgdi:waypoint>\n        <bpmndi:BPMNLabel>\n          <omgdc:Bounds height=\"0.0\" width=\"0.0\" x=\"365.0\" y=\"350.0\"></omgdc:Bounds>\n        </bpmndi:BPMNLabel>\n      </bpmndi:BPMNEdge>\n      <bpmndi:BPMNEdge bpmnElement=\"sid-72258A41-203E-428C-B71D-CA3506252D73\" id=\"BPMNEdge_sid-72258A41-203E-428C-B71D-CA3506252D73\">\n        <omgdi:waypoint x=\"260.0\" y=\"280.0\"></omgdi:waypoint>\n        <omgdi:waypoint x=\"260.0\" y=\"330.0\"></omgdi:waypoint>\n        <bpmndi:BPMNLabel>\n          <omgdc:Bounds height=\"0.0\" width=\"0.0\" x=\"260.0\" y=\"280.0\"></omgdc:Bounds>\n        </bpmndi:BPMNLabel>\n      </bpmndi:BPMNEdge>\n      <bpmndi:BPMNEdge bpmnElement=\"sid-D44CAD43-0271-4920-A524-9B8533E52550\" id=\"BPMNEdge_sid-D44CAD43-0271-4920-A524-9B8533E52550\">\n        <omgdi:waypoint x=\"595.0\" y=\"370.0\"></omgdi:waypoint>\n        <omgdi:waypoint x=\"630.0\" y=\"370.0\"></omgdi:waypoint>\n        <bpmndi:BPMNLabel>\n          <omgdc:Bounds height=\"0.0\" width=\"0.0\" x=\"595.0\" y=\"370.0\"></omgdc:Bounds>\n        </bpmndi:BPMNLabel>\n      </bpmndi:BPMNEdge>\n      <bpmndi:BPMNEdge bpmnElement=\"sid-EF2F51BB-1D99-4F0B-ACF2-B6C1300A7D2B\" id=\"BPMNEdge_sid-EF2F51BB-1D99-4F0B-ACF2-B6C1300A7D2B\">\n        <omgdi:waypoint x=\"310.0\" y=\"370.0\"></omgdi:waypoint>\n        <omgdi:waypoint x=\"345.0\" y=\"370.0\"></omgdi:waypoint>\n      </bpmndi:BPMNEdge>\n    </bpmndi:BPMNPlane>\n  </bpmndi:BPMNDiagram>\n</definitions>',0),('4af4833beeed4484beaf688b223039aa',4,'source-extra',NULL,'PNG\r\n\Z\n\0\0\0\rIHDR\0\0M\0\0\0\0\0jr\0\0\0 cHRM\0\0z&\0\0\0\0\0\0\0\\0\0u0\0\0\`\0\0:\0\0pQ<\0\0\0gAMA\0\0|Q\0\0\0sRGB\0\\\0\0\0bKGD\0\0\0\0\0\0	pHYs\0\0\\0\0\+\0\0 \0IDATx\\\	\\TU3l⾀֛kY.ۿ7m1Ĳ\vK+Sl\z{۵\R0\LlLMq\\wDT@\r/\\0\\s>ù\=\=\U\n\0\0\0\0\0\0\0\0\0\0\0\0\0\0\0\0\0\0\0\0\0\0\0\0\0\0\0\0\0\0\0\0\0\0\0\0\0\0\0\0\0\0\0\0\0\0\0\0\0\0\0\0\0\0\0\0\0\0\0\0\0\0\0\0\0\0\0\0\0\0\0\0\0\0\0\0\0\0\0\0\0\0\0\0\0\0\0\0\0\0\0\0\0\0\0\0\0\0\0\0\0\0\0\0\0\0\0\0\0\0\0\0\&6\0(V\\y\\\N)))1]\EM\5((\f͚\Kf@\\ .Q~\/P\n-Z\t:[֩SǻJ*RJ\\ˋ\)$#U\\\*))I8p@\\\Z5j\KQ; .K(qI\2\\F\Z׭[\8҃\~{nՠAf͚\A$.A\\ť7(=,Y\\\\\VZԪU\\\ի;v5j\%\\W\\nK\\%\W\\41\;b\ʕs}NM*a\<]櫣R)\'+\\[\n,___UjUm۶\=\\>`Ⓒq\J	(C\߿Z.JJܭNrd7\~\SBX\?r:>\K\\%\O\\4\ŋ\{{{W^?>/1~s\HKVGv\\Ȩy\{\r\%K$iJ\vkHHHJ^c\>c\\\"N>}75Ⓒq$M@\\	VZw8\sZ\\\\\phCM$.A\\\%IP\n8\\Ǘ(yAAA&@\\ .Q~⒤	(8h\\wʬ]Ⓒqr|2ǯټy\0qI\\	(dPI\\w޾AjNT@\\\%q	&|ٴq-j;jM @\\	(\\\|yw\0q	\\\\\@p\\Nu`˂\\\=ql\\\L\	Uec\\0\ .K4\);3\(\|\-|h\y|JT@\\\%q	&\;}|q,%\=?=\0\\!Ծ\_JK$.Q\0\iJ!w\\Opu\\w\T* .ⒸIPv9\ʩ\\rfQh~%.A\\(B2TE\W\z\\\}\#<r˄	FK\%\2z\0\0\7\xr\\W|1lذ\\n@\\e=M\0{\goݺ\\֮];\Z\Z\\2dȵ\'O^醏p.\[8A\s\\'\8]bs<h$.\\\\\0(_~cǎ\s\yI\Lt\\Q\Y}u=\\\\r\?4Χ\\,\\.\u	\%LIɺ`낸$.\\\08\Ço߾a\0kڴiǺv}O\\o\o/\#\ܖ#\\Q\]fKE\C]櫳GY\\\A\\\0IJI&=y\3G\رc*\*T*W^nݓk\^׹s\m۶a\a6A\\^!!!>K.\̙3A\\\k\v{}?RMXNC\\˙)\5\Р+\bߊ1\\\\\Z@\\\0IJgy&B_k\Z\Zj\ׯjР^\ĉ>{#㶯Z\M6뮻\\ZJ\SO=ӧO;vWZ}n\ݕǠ~imxx%QQQ\cIC{5vBu:\{A\\\0IJ\\888x\\\?ƤVoo\s\'\a\\~\\\\V\_|1hԨQ-Z(w\\\\(pq\Zm\n3f\ZfÔ*皁={vr1\F\:;Q\\\M.19*ti\3.IQ>ǖqI\\\\B(>\=AAA[z\\j6IrK\"	֫Z*j֬Y_\䋃zᇿZ\-a\SІ\\W:t_fͿ\DּwuibĖqI\\$M(ӆ\rf\&>쳾7\x\%K9\\[9RX\\s\̉%q\nF7\ﾥ+W\ѣ+TT\\G\Zh-[l\Z+\YL.\\\"\k\\`ʜ3.\A\\\0IJ03g>;v߿\n\H\j\WGGGA-\o,jذa9}\r3˃>\Z7n\&((hU14\֚V\>W-T\\\\2B\H\\eʜ{q.?\\ⒸH\dS``ध~:B~_{yn\\r80H7\~ԍ+GQA\p\O\tc/4  \nݺe\<\"k\92,\m\v\>Je\\?\#\2#oK\\CP\t\4sE\Ô8\iNs\fKցd~\\X\Z\Z\졇FHLLT9\\\SN{\\M0X\\G\k׶i\\k}M111\\\\\T9	JZ\~O2!BO*\]$.&x-\S\E\lٲ\>\\Pj8\0\?w\ر\\?\:jժ\\SSLsO?Ԙ3\\XRgܖs\\\\h	9:\/z;VZ}ﺹ\rkU\rĹi\<\x\U6A\\@\2u8\r\Z4H\رcPI,\na\GIX\\ P\H\\՚Ν;7\\r-ңG\z\\\\Tk\.j\*\\rԦM\Zf*  h\}e_9	u!>>]҉M\%\N\TJNb\\\hXqV\|󍏿Snt\ںu\X\=_զM-[LظqcZA^\wG\0Cwڷo?\ի\lْTRE\I:tH\\<ncǎ\\ƏwAիW/\\\J&@\v|\wU\Z5\"\;v\\\޽[M>}c\UXqj\\\l\:_Q\j礼\@\z\uשW^y\dm4l\0c\\$\r:x\jn\\\(\\!\|B_:-tb\\n\9pnl\\Zm\\\\#.K\\=$Չ\ٳq{\ҥI&\\WVu\\U\\3\ٳ\(bY6l\oI\eq G\;ZJ\;j\߰aLLSB\\?\1qJ\ \۟\D\\)Sx\\\\\\]w\eP\Ə߶m۲~\\^v\\\\\_\\\\\e\NII1\;B5c\վ}lO4IY\\\yĲe\d\'d\\\m|Yf٪\;\N?ho_LAG\\\-tCiq~j\ְ\\hiK\\ĉYϫYcM6\d\\رctyJ;\[o\!\Z٥N\:!uZ$ft颚5kv\ck׮5u\\ɍW\љKⒸ,~s\\U?$\\^HIO$LrA \ZP7\pq\kF\\G1hZ\\$	eo\\+v\\lٲt?Pe.zN$\\`oN2\\IHH^9c(Y\h\u\X\ZMr\Һuk\\\\|\,;w\ZG-۷oWPW_}u\}26_+;y}9\ncǎ\\?\ǝG=%B7*\"(Y\\\\Gw\q\r\-,\\\ˍDZH,99Y\kܖz\<\{ICaԨQ޺\\vo\i5:_\WH\Zɺ-dIkϒn$,ے$.\\%PI:w\5c\̙FE\%\"\"\"\>E\\\6\\ӧ	\\'4#\&\\&Mo6h\@jXҊY\n>NIM{\ǌX}Q7\|j۶\?e;\S\}jY6z\lG7o\lb=\Y\y$c2HV\{,0z\	\[#\\n\Z!!!h=\Y\r\\\2L\\7\Z\2KX\r3X#!G6|uĈ\iK\uتSOh%%%\޽{ϲ\ѣG +Fdhݑ#GKⒸt\]\Z\o҃$ɮؐsLnݺո-=7\xq]h~\\1[ iB\\"GN\I\u<y\n\d2P\z뫽G\\1\ U}Y\\W(9J\<Yd5/\'i\=꣏>2\[\<N:ˏ)K!G\\<W\8|9:.\~9a\hsg\L\zw\j/\\]_\\{?\~ݪ,\r(p1o(=ZRk֬ɞ^.\'s\ȑ\o\\>lО={*yxVw\ٳgq\Z\ZZ\"F\\n\OyV\\2\G\ZW\7n_z\YKT\%qY\j׮m\h޼1]fX1\\\n\\2W<xИ?,<d\\nٷ	eX\'\222l\\ROz\P\[w%\iʰ/G4\\t\e?MI\2Gvd&]4do\\ɸmW\ؓ\^ѵ\Zg#spIñGRypL){.\@ҳ \]\R\H腒C\\}\ϟfi\r2,$\Zg҃d\q%Ur;14\\\H>}:\}x\%q\>?C\\Z\\PfZC-\`$yOIA҄)9%%%ȝ\?4\xx\\kAw\\\\#iڡd\\jx2T\J$s#\2#	r4[\\\FM:e\2H\Zo\mkrU!&GM\$2H.L\\\dIt\\rB=?yd\_~%]\/ȱ\\JͺF\_t\\Z5j<y\ȑZN+W춃9\;\pXY@NV\Z\q9\"s\\o̥\+nK\%G\\7qI\\\\\\U[YEZ!eW\%?\b\rVҸq\yW^ye4\J\;\u\\qۡH9\\Z6iҤHwv}L%/әwKt\\\y׍;?.\aV)\\.Sy\ҀrTL2!GĬ}~Ge1t\P(\1_\\gt\\\{7N\>\{$s\'t{\q\իWҠ\r-\.d(4\ZƏQRGt~RIl\\ԩNJNKC\ݤ5q\D#\'Gn)k;q\zڪo\+۲ܱ&Ⓒ$.;\_=H\rr\"g\\ZB\мgyƘ[(\}	pqqq\u\\\\dRJ]%\toş$Lɺ|\,\-\;\Ē|2B@\\R}\WF\LVdQo6k8ZK\\4\\+I\*VpDιBzDnÎr#笑9k\(O\FDߣ3g\rn\ԩK\jIc[`YͿ5\\\gN6\8\Y!Y2\\W_=ϖT\\|\rթ0\\d%\n\HlDG\ZM\r\/\'9,=\ȶE\X\Sn?\\sKⒸt?CIr\\\\/\k\\}KH\/HP\\XPO\Z\\\"G\\Rؑ?r:X\I眐ak(,C+\'\/\c$Âdsȇ\I\\\\r\"\\I[\\u\YH\\_\\\HQK\qvAߣYf\\\κ!L7] D.[\\\Z²4HCmΜ9\\}\I+/rn<0a\;\\ؔ\H\\jZhE\ZN\hZ}YcȎ$D\\Z\#\\UW]$\\Ŝ\'&.K\\=$6di\sB\@IO,/ւ iBY\۶mۈtooo|W\\y&55L\hXn\X\\&z\92@Nfw\Ə4%O\"[\\^z\8o<\駟6X+q],\{\%=YDy\9d\drdTVdw99\P\Qtt.ϝ;wn(<xp\Ken/^uM3~eqek\kفK#[yHSn\g\ĉ:-nF#+&&&׹0\	3\\Rd菐%e\Ն\r\o\kKⒸt?\\\Dc\\ku)\*\	s#X\mg\;,Ckv\J\8w\0%)<<{\\ֳg\\o_^\wn-wl6\.?\b\N9\I\\Ot[\\\s9~\\r7\J\(k\\\ݻ\\v\\/`\\9R8,* q%\'5\1\"Gw\W_U9\O92E7\\\NHY:ĸ\+vE\\r\I$.K\dIlƥ$\+qҠ\8\ӄ6a\o\C!/\e>\\\WJ⟌~m41\)\rT\\#\˖-Q7=\cr6cYC}xQza&\|!2T\\Z%C|&GB\Zo/\ɤow\\\\r\Z\NqRJ\\\e\\<3)r1{(\\R\0%)**j^ZZ\?&M8΢Ed={̠ց\\r4\p\?\\>\p6%-Q\,Q/\eI\cƌ9y\ot\\Oi\%q	)+<\\\_\\ڵkweQ\5k\\N8\\ٳ\"\"\"^W^y\{ԨQƐ P.h\GV\\\y\\{\7\۷b\޽w\0q	F4\\5\\oQ7>>~}QLn}\גb\yl\\k??n[n]cf5&Nm۶w+\r3HB5kV\\3|*\֭[]\)=L\?\\\qӦMJ-\m߸q\\_|q\_.\\ɓZjW\Ҿ<0@\\$MG1bܸq\r\}\yE/X Q\\\\鉙3gF\oܳg\#G&\\l\O>9t\ҽa֟@\\$M@\'}\i\ʕA޵d\9\b\\\aÆ\։\\k$VoEEE\'$$,xꩧd\\/>&&\`jjjr^\7Ǒ9N\\~\g}\ɓ5n\\]:CCCרQb@@@i;~x\\ݻO\\׭[w;N\$Sq\@b\6\\\'uܸq\jժU\\uv={v2\0IP\\}1gРAw\\yێ;ѷ\t\U̧H$Fu\	\"l\\#F\_{\j!!!\y=wt\\\\p\\c0\0I\&3f\ا/\1\07\\rGum\\?r^\rE퉊\\@\\e\rs\0\0i/%%\\gy\\\\\\\[b\ΩS9s\̙3\R[\0q	4\0ʥ\\\\=ztZ\\\\1/\"66vׇ~X\\t={\\PrqSs\\Q_>\(Z\\0H8~IUu\\f}*j(ٸ8qbG.K\\\\0 QQQ\7ﯬo.\\rj(\s\\fH\0\0%\\t\z	H\0\0\0\0	\0\0\0\0@\\0\0\0\0$M\0\0\0\0@\\0\0P]\cը	\0@\(f\sh\c\\I>\0\\\0P~g\\Y\\\Zg3uJ[*m\\եy.\\\JT@\\0qW,0W\\:]*̃o\\l5\0bx\0\8\Zg}uq쥚\0:\t\\fKJT@\ w)#j(yz;(\\qⒸ,ba\2+\\ҋM\\$M\0*11q\P򒓓o<3\erǻ\\'m7Ⓒ$i\TC\KJJR>>>4\@\\ELV\rMWeMg\%I\\8ιG\r՗9(azg|*%%e3\e1\\؇2\0qI\\4ȩW^k`ömۖS%g*===G?\8qI\\k\\\\\2yδ_tSaluⒸt?J	\dBB²ZjUZvԈ{<yR\ܹ3̙3\jmsitq.?\K\ҭV\\o\1I~\\\']\c\ĥ{\\{\l\t\Qy~c\z;ĕ\\YY\2YOu\\\'.K\<pq].\\B\\%q\~\l&\0\0 \0IDAT^6mڎ\{\:}\\Z\1Q3\gϞ=6oޜ\p8_ߔmʜ.I9\0\s5\\\l\֭\#bu\$$.\\"\cy.\L\\\%I\0w\ͩSnڻwo\'N,\;~\;v>HթSGU^\c\W\+O۴e\\ѣG\\zZQFR4\\q\\\$.i.\\S\eqYv\\\jѢEVZ*006~\k\\\\NR\{\g\/ձc\TJ\\\\\\*Cc\\\"\r7\p\oe#ex\\Z]\\n\ctI4θ,E\K\\ʐؾ*\\\'x\]BT\\n\e\իW5k֨\.L]~\ĥ`!U\,្rZ8qB͘1#`ʔ),[.`\\7\J\\\cUP4\\\\\"\dَK+Չ\\#Fz\0P\t\t\\\\\nԊG5Βu,GIq*h7ż\4(\p:S%4\\0ȯf@\\\d#\Zg\0\0\n\iP\\\8\*s%6k\\\\}\j\0$s\nQ\r\0I2\\pٌ\\)\j:\|u\n\0&\0e\\n\\7&\"\t\"5@V\c=\Zg\093-C7\x\\Z֜L5$M\0ʈ:u\\\\t:\u\J\\T7qp.\\n𼶺\0&\0eN\5z\-$M4\\06+VH\0/\м\y\-M2%\Zq@\ېe9x\JK(k\\/d\<G>Ox\.\V5\T3\0\\'\H˭w.Y\0$M\0J폋W\\l\3\0\Z\\Vd\	@d/\zC@\Y#ty\n	@t\\\\|z\\\\ۨ5\Zg\0\.Rg\\.\"g\:^\[Pk%\8#aJ\^atU\\\\o\n iP\͚5Kzw\nG\93c#%\Zg\0αOX9\0Ux^+\0Z	\0@\(\\\<\(]	\0@\@vr.5?]U\\Od\0\8\\T]\:\02WD^T@\\0q w!,R=N\0H\0\04΀r\.-sʜ[x*H\0\04΀.97R5\0I\0\\0\0$M\0\0\0\0@\\0\0\0\0$M\0\0\0\0@\\0\0\0\0 i\0\0\0\0&\0\0\0\0 i\0\0\0\0&\0\0\0\0 i\0\0\0\0&\0\0\0\0 i\0\0\0\0&\0\0\0\0 i\0\0\0\0&\0\0\0\0\0I\0\0\0\04\0\0\0\0I\0\0\0\04\0\0\0\0I\0\0\0\04\0\0\0\0I\0\0\0\04\0\0\0\0I\0\0\0\0	\0\0\0\0H\0\0\0\0	\0\0\0\0H\0\0\0\0	\0\0\0\0H\0\0\0\0	\0\0\0\0H\0\0\0\0	\0\0\0\0H\0\0\0\0\0$M\0\0\0\0@\\0\0\0\0$M\0\0\0\0@\\0\0\0\0$M\0\0\0\0@\\0\0\0\0$M\0\0\0\0@\\0\0\0\0$M\0\0\0\0@\\0\0\0\0 i\0\0\0\0&\0\0\0\0 i\0\0\0\0&\0\0\0\0 i\0\0\0\0&\0\0\0\0 i\0\0\0\0&\0\0\0\0 i\0\0\0\04\0\0\0@AP\0\0+W^\\\=\"55SJJJ-\aV\n\fT]}ެY}\\\0&\0\0JEЍ\:YjYN\*UJ*)//uN<Urr_RRR~\ȑQK.d\Z%\0bccW^\Ν;{7l\PI\D\TD]+WV\\W:tPk׮o߾۷oI\\0 i\0\-Y\fӺuk4C\P\֭ڶm\\\\\0&\0\0<\e˖\\CԞUԖG\^RRi\'QyTbEժU+w\\;l\F\0 i\0LlԨ^	\$\T\n\t:##M8A\SDA\\_%&&~\t:\r	\0\0Ox\\\\\\իgc\%FSFZ:{Xd^FFF͛7\Km\0 i\0\l[CBBR\$Q~I\\\"N>}75	\0\0\JzTVF^;\9P.=P82<R\'Mm	\0$M\0\0x\\A7\}$IS5	\0\0\\\y<1NbY\\0I\0\0_eey\x%*	\0H\0\0($aѤ[oZ\0$M\0\0o50zrV\nք\n\0&\0\0\79m^\i\0=\0bp\\Nu`˂\\\\tl\\\L\	Uec\0	\0rCz\13s1%ڤvߣjR=\0$M\0\0}\5zR)\\\N\rs}UT\"\0x \4\0PdҞ??-p\\\\\rjT\"\04\0Pv9\ʩ\\rfC1<\0\" C\Z|\02&\0\0\0\0 i\0\0\0\0&\0\0\0\0 i\0\0\0\0&\0\0\0\0 i\0\0\0\0&\0\0\0\0 i\0\0\0\0&\0\0\0\0 i\0\0\0\04\0\0\0\0I\0\0\0\04\0\0\0@\n\0\0\\ne\\\\\\\ĤS#\\\\\\\\\\\\\W\r\0$M\0\0d\\Tt@\'P\\\W̞=;\\>\={Է\~|A\o<x\n\l\}]իW/ղeK\YT&MT\Ν{|\K\u\]\\;w\T+VPw\uWN\\[n>k\\\ݺT6\"i@\\0@nt/n\	\\\\\\\\\\~~~1SLI\Xzu\;\֭[.]\ǫF\Ze{\\ɓURR҉\Z2dq߯j$[:IP={T\'NTu\\1x񚔔\5k\\/<\>yOfӡr\\\^0W^yE8q¸ɒ%\\Y3gN\kJ:Q\z߯K\k\@\\0\	ҍj\$\"\n\\\r\\%=/((H\{*9l\'\"͘1CI$(\\]\');vTV\ժUS*TP=\\T^Fn;V\Z7nܨ~w`\޽{հaò\Z5j\?F/_nܯ\H\\߸޴i\Ot\\\p\W\\\Zd&\|\4\0PDtC7\>\?\\I;?Ë3\\rҫ#O:)PN\Y}\\\GU<\k$Q\c%\zj5f̘lIM߾}DL<\F/ҠA\ҋԪU\xξ}$\b]X\7XDDNvԉ\]/}E	\0P\\\r\w%\\0al_|\SӬYbۻv\2z-[֭[g:	bףGch\W\\\5]v5\2Ir\Fm!~rnݺ\^u\V\\X\\}-2\\+\y\Νk5t\Ь\I4|ے\\ׯ\\\\ò\Fm\[2W\B%\\$$M\0\0\ZjCI{\b[қ#eY\Z	5\u(ޑ#GԁT\rE\9\lڴ\\yۍ9K#F0\1\c%C\4Y](\\F\עE\\n($tU\h\w\0I\0SL)G	\\t:l6[},p뭷\OHH0x\v6m\qZR\>\ T``1oC\d\]@@@\\Zh5gi\ڵن\\G\1I\ԭ[de=)\J:u\\ϟYNi%>4\0Dtt.}Y\ݞgҤ\\fC\K_z\ۉr.3tO˒\%E\\?FB$IE衇\6l0n\y\ą$V\P?p\BcXضmq{\\'\\E\Ye;ʚ5k\\i:}tOd隫\2L\lZ]|^G\\0H\0\0ț(\\rlYꙐ\\eV@@)S$ZO.HLqETq{\̙Ɗx֪w#G\Z\ݽ{\n3ztR`,aq{$dY4\zLz\\Í\QQQ\'\en$K\˒\y2$$dޮ\#	KR\\%ӟ>\0&\0\0\n\\L$Q/4Y~i5n\8վ}{#Q l߾\X6\\&!@\p\\rga/\>\{I$fv\\Iks\d\z\.f!f.?\,ҳ(Yt\y.\\0$M\0\06N\"\&z\\4\$9$M\\<9\\￟\Z[IΩ$9Hsr)d\;W2\\\o\\7\\'ؕ^(9/\e\ne\r\\\1\N$e){s@\0I\0\0ٽͻ\xZRn\Z6lh\\\r\R,ғd&	I.6\y\\{rӼys\2g/Լy$\|/I:\M_F\0 i\0 \\ѯPy4|\n\D\-9\	\0.h\0\0\0\0@\\0\0\0\0$M\0\0\0\0@\\0\0\0\0$M\0\0\0\0@\\0\0\0\0$M\0\0\0\0@\\0\0\0\0$M\0\0\0\0@\\0\0\0\0 i\0\0\0\0&\0\0\0\0 i\0\0\0\0&\0\0\0\0 i\0\0\0\0&\0\0\0\0 i\0\0\0\0&\0\0\0\0 i\0\0\0\0&\0\0\0\0\0I\0\0\0\04\0\0\0\0I\0\0\0\04\0\\RG\n\PvP6\IM\0 i\0JLL\G5\\d\\\OM\0 i\0\\\\o\ZJ^RR&\04\0\AN\ܣG\K\0JII@M\0 i\0\\kN6l۶m9Qr\߯\\\\z\3	\0\0\p8LHHh{\ر\r;yڹsgrjj\\\0&\0\0<P\޽7\l\\\*=z\'7\'L\ׯ?ީC5	\0\0ճg\%\8n޼y\\LVמ={^\3g\\ѣ\|j\0I\0\0 qr8\<xҊ+\t5\СC?\\~a\W_J\\t}\_uϮ]dddt\o\0w\n\0\0(</.^ѣGoե]\\?\ի՚5k\\ݻ\\_\3]\I7\p\o|\\04\0PJɪzbmiv=R_щ\\#FD\\\\\0\0\0\0&\0\0\0\0 i\0\0\0\0&\0\0\0\0 i\0\0\0\0&\0\0\0\0 i\0\0\0\0&\0\0\0\0 i\0\0\0\0&\0\0\0\0\0I\0\0\0\04\0\0\0\0I\0\0\0\04\0\0\0\0I\0\0\0\04\0\0\0\0I\0\0\0\04\0\0\0\0I\0\0\0\04\0\0\0\0H\0\0\0\0	\0\0\0\0H\0\0\0\0m|\0\0ʇ+m6ۯy<<\nq#::\F\0=M\0\0f\M_\*\\Qc\0@\\0@yuA\t:\0	\0\\\6\a^Π\0	\0rg\̙kŁw:\68\L,\0@9(\D>ϋI\6R\\<>gqmlttt$5\~4\0P\\F\<%\8K-nh{y\Z#i\0\0n C\t\k_.\r2Yb|_||j	(~QQQ\\\<\\tC4\0\07w2/\\\\'X\\OSLI\H\0\0\lYy<#5ib\q~@m4\0\07Zk9\>\p8P;\J	\i%I\0\0p7͖sX\g\Nf\01ܝ\d\s-&\0\0\~Ss$Ql,:x+	\0\0\0\\\o\P+Ɋ\pY[.\Xe\,I\0\0(	氠\r\f\`P2d\J\V\#i\0\0%I&_\e@@4j(9Nsys\j	\0\07\x\Ʉg\+=M\r֗ZJƁd1}\ID괿?\'&i\0شե.\r.t	\\.]ӥ^״\\<~\wޯK\|>OS9\(\y\goݺ\\\v\w|\\ĉr>.o\}t\f^Х.A\uKc]ƙۨyb>\*A|\QZ\'Ι -aجg\n\0\0eT]z\F\\:]V\\\i\\\\\\\\@3A2M]\u٢\Z]j\r|\\;ܗb-q\\\gK%^Tqy\\0\_~ݻw\s\y5m\ԸcǎJ\'LN{\i\gm)\\su3\iHrKa\0[__u`FO98x\}1d:J>JH\0\0(.t	\q_E3	\qX]\\BIT\\]*\r\l\7侗t\`\n\\d\n˻|jޖz\L^Tg{$\Q\	\\\\ݷo\0ׄ\ҵkW\\\\;}U\?x{1} 3q1I\\3&,Pĥ\"IuP\ajg&`ʿ(dE˔k>}O4\0P\\GߵuO\m5\I\\\[\X\6]Z\\,T=\"\ً4ݼ}\$QC\s\ZIrID\i\ɓ\'\n		\9]tQgΜ	^k\\\\]\Qn\G$CQf\(Ikos;<˵\sB\\gqI.\\5oo:!\bРA\\\\l:aT\!\Maaakc?{{{GϘ1c5V2\0\кu\n*sNl\\\\\\5b&O\&\1!^	p\4oKR,u5j*sތ\#tI2\\2J\'\\K\Ϳg]dG;W5\\3AKȤ\\f+䩧nݯ&\\\\|ۤIu\\1߄!͛7D\\\"82\Qz\w\߬#Ij/\\#\;\'ÔF\\:Id~ڣ*70\6.G\zH\CP\nhӦ\\MIu.\\\e.QU_\^:zJ5:&\Q\EO\0,Wg\q\b%W0K\\\l\P<\'\\uy,\n\\r\\\\>vYzKN|޿U9QEb\СѺ\u\1ckժU\\\:ɪ\8p`\ٳgu\"<M5/\\<b\\\rRd,=<\no/>\IPxy7n=\\\\oj	\0ήN\'<7r<wK%\e\Ǻ\\\9K\\\]κ,u\Zi\\x\\ѣ}*UtA\\\\\ڵEDDt(\UdǓ#\2)Ƽl\y`&7L\1|ȼ\W,,,̮/\wz{{\hu\WK.DUZUI:uJ%&&]v\]^Z\Z/\RB\\\%i\0\b\\\f]6o3K7\p\\\'\M\eړ\\ܼ~\we9\Z7\\\vKBWh:\׍o+W|\\?	k\\7ݼys~\+t\R\.CT\кf\$\kvu\\LT\k\\\\\]_{xp\t\fV\4%9GZ^Tn=F[꫍j\\\S\\p\o\t8\\\jx1	[0	%\2\,uT\\\\\L\gy_I4\\SþRuYm&P2\@Vt\f>ʜ_.3ui\]FO̥\]\\\!\\>b%f}[	ϢF\Z]\n+V,\]~\J\'MO>}shh\gk׮-\B2\]z2狽k&GV`\\'d\]\\\U>c*wO\\|\\	]\'LIQF4>U۶mUN$URR\Mmڴ\\<\\\m\0e||\R$3\}ϕ!b̆y)?ܪ2W\ˍ$:\$`ܞ\\'\2b\\'80H\'L?6n\\#FTVaUPA=\\r|׭[r0\u{\*GIE\0\'Y`><\a\	\V\Լys\Z4hpQ\\'\\D)\>w\0@Y#\c\Z\>V&w\?\Ld\e*sYpX+ٝV_ʺ\\A\\\2M\D\r)̛GDDTu8\CCC=\C\֣o\{/۰ Cq\	&\իG}\\k]k\+wSLLLa\C2\qǯʜd	S+\\LjUwO;d_:{~\'\\f\\4\0I\\O?.vE\=\Fw\^k\\_K\v\n\0\nT\'ICIo\\"_\c\Qr<0\H$ɻ\=\eK)SdM$S-ZP#G\z\\\\fܖs9\|wa׏;6]\'b\oذ\\\"H\n\GqN&x0YV\\\'L\ɫ%&Ǎw\=L\\3\8	\],Q|;\0\0pns\/\%WeNt\t\ܹin	\ѣr=mjj*תU\:R6m\J\Hv@@4\+YXB_m۶\\^$L(v:FIs\R\Lߍ7ޘu[\'h\H\0\0@.	\r\\%Lz\\a?~\\M<Y8qBV\SiigWWPCU$T:q\	\mFz2\e\-\n>\ZN\\hР\n\\\0\0\nIDATA\Jr\Z)8\\GYCq.\y@\\0\0L_~5t- IX\\||\0\v8Yj֬:w6m\{\\\c\z%%%\\\\\\Z(\l6[%]\D\;ktr2Y(Y2秧\\Fk\ΘX\N¥D!i\0\0\;\hp\r\-\\\\:\lKKdN$\lxy\Y\\%QFy\'\'\'>|\nʑ*DHrT\'OSs\\\պ.!S\\\!i\0I\'Lb\\U/\$L\\+__߬$IH/SDD1 \I\>|\#F0\Qe_HH\\>[zT折zmB\ƍ]og=\ncZ\0.n5\l\\.^z]\{l\Rj\JY&\HիWOu\\ޯQF\n[o\>gϞJl)SuM\i!r28\xl&\0e$q\n&Uv\\޽{\}\|LÆ\r\v\or]\B\	;w\\37\J@v=/\\\\I\0^S\\/iW_}E\>\s\\\~-[ȹ\ԨQ\\#G\bK)ȁ>M\f˵m-s3qSHa4(w\Hj(;\\	&,MNN>ҫW\Zz9\ƍϹ_\\$Bȹ.d\\ݻ\ĸQ\\?-\n\4\$\8O(y\K/}_\\\}]z]\s5iwqVX\0Rf\̙k322:uc\\G.\u\\S))gFː?\ѣGմi\r\ӡCԫzbŊ\IP\2)Vd&Lɺ\\e`@@@\\\QQQ\I;v\(\%\'v\D\\0\0Yf\9\:9\_ש\\\\r~\R\F\\0Vӛ3g\y\K\i\N0\\n\I\\\LH\\\_K%]\L2%\G\Qu\/\\c\L$M\0\0$\^322ϝ;ԩS\			j\\r\ͬ\D/\n\n:\\ÇFX~Gǥ\^H\-&2Ny6\f(5\7\LrCcKz`믿^\\ CV^\z\V\\n\0\0(\\\[jNp;ڮ] \(q\\\r7\LUTQC1\!#\y\߲Nr+ɔ\{\޽\~2to\\)\'Nm۶Gw\\\`KjݺuN&\D\\\k׮=\b\ׯOjӦ\ujS9m\\7o\\:{F\\0\0rO޽{{\M\ܹsŜβe\\O?\\TBլY3e7-88\X\\4UbE#׿>,ydd\\#G,\\Θt\0\x|-\eN.\\۷N:+,\\f\\\Y\jE\y\0\02TO\'4\\o?\E\|\\\x\\=ܓ\={\l\\o,\na\r+\#ƌsR\'V\HF\\\\\\"FKL\\t\\\ =\r\\zQ\0\0Uur}\\\Z5*\ۻhH\lܸqI[n]w\\$L@\\\\]j\\K/\9|p[a \wޑ!\]\6N\6S\Ń\y\0\0!2עcǎ<xǦM\E8M0!9..n~ϛ7/\n\>W\'5M#G\VZ\\r\r]\P=\om۶eݧ\^0-I\0\0@:̉v\\A]t$;\\ɓ\'\_⼼z\Rmذ!u\\{\%qJNN\Δ[Æ\ry\C\ʢ2\dN\\\\rbx\0\0eTDDjj\\ڵkw?~|HA\Zf9}\\'ccc\\\s\\0paaa(ć6uk\Nu\\\Xɲjժ\\d$Gr\\?\XV\\*\\Q\i\n5K\\0\0\n\PTz_G1s\\oHZZ\Ug\N&9N:i\t:{\mV\9L\\<\0\0ʸ\r6|ӬY˖-kr\UW\R\I.\\vWϚ5&\\']n\zN|\\ZhB1			O/X\ \>4\0PN\\쯽Z<\\ؾ(_\q,eN\\gРAu\\t:\7;\xuYK.sG&\0\0\\\A8W\hѢ=ӦMM3g\\\K\0\\0\0(W\\\Vl\2~ɒ%7k\\Vz+v~\\'\\ӯ5k\Fj\0H\0\0(Ӻ\\Є\͛7O]oll쮏>\\\\_\QK\0p\\0\0(\\\xyyM\ԩSʕ+u\tkttt5\0$M\0\0\l\\G\'K\\lQQQ\S#\0\0\0\0\0\0\0\0\0\0\0\0\0\0\0\0\0\0\0\0\0\0\0\0\0\0\0\0\0\0\0\0\0\0\0\0\0\0\0\0\0\0\0\0\0\0\0\0\0\0\0\0\0\0\0\0\0\0\0\0\0\0\0\0\0\0\0\0\0\0\0\0\0\0\0\0\0\0\0\0\0\0\0\0\0\0\0\0\0\0\0\0\0\0\0\0\0\0\0\0\0\0\0\0\0\0\0\0\0\0\0\0\0\0\0\0\0\0\0\0\0\0\0\0\0\0\0\0\0\0\0\0\0\0\0\0\0\0\0\0\0\0\0\0\0\0\0\0\0\0\0\0\0\0\0\0\0\0\0\0\0\0\0\0\0\0\0\0\0\0\0\0\0\0\0\0\0\0\0\0\0\0\0\0\0\0\0\0\0\0\0\0\0\0\0\0\0\0\0\0\0\0\0\0\0\0\0\0\0\0\0\0\0\0\0\0\0\0\0\0\0\0\0\0\0\0\0\0\0\0\0\0\0\0\0\0\0\0\0\0\0\0\\;\*\s7\0\0\0\0IENDB`',NULL),('669e5e273d7f48dc866bd48b367c4adc',1,'流程审批测试流程.test_audit.png','24d6d3e2c08949aebd7810d80a2e60cb','PNG\r\n\Z\n\0\0\0\rIHDR\0\0\0\0\0\0\0p\0\0I\IDATx\\\\r]u}/#\*\ԥ<./Z˲R\\J(IBDH&s	\"fZ\\ERe\R )\n\H!I#\nz\9\=\'\\[\93\ZuΜ3g\\\w\0\0\0\0\0\0\0\0\0\0\0\0\0\0\0\0\0\0\0\0\0\0\0\0\0\0\0\0\0\0\0\0\0\0\0\0\0\0\0\0\0\0\0\0\0\0\0\0\0\0\0\0\0\0\0\0\0\0\0\0\0\0\0\0\0\0\0\0\0\0\0\0\0\0\0\0\0\0\0\0\0\0\0\0\0\0\0\0\0\0\0\0\0\0\0\0\0\0\0\0\0\0\0\0\0\0\0\0\0\0\0\0\0\0\0\0\0\0\0\0\0\0\0\0\0\0\0\0\0\0\0\0\0\0\0\0\0\0\0\0\0\0\0\0\0\0\0\0\0\0\0\0\0\0\0\0\0\0\0\0\0\0\0\0\0\0\0\0\0\0\0\0\0l\\0\0\0@뙖r\\0\0\0hgmc֖WnJ\0\0\0u\nT\GO=\0\0\0VA?\\\0\0\0@6Lឞw=\0\0\04aA?\\\\0\0\0\\\\0\0\0,觏\}\0\0\0\Zz?\0\0\00Ýo\0\0\00B|{\r\c\0\0\0\$w\ک\Ѩ}\\0\08\WV܎o>=\0\0\0CAN\\Qł>9\c\0\0\0\QB^>Ta_\W\yc\\0\0`;\FQ\+\GZ\\\\0\0mA_Jz\\0\0`LH\F.c,\\\\0\0,\*\\r~\0\0\0Tg^a-}ma\{\0\0Vv\\'ײxhɲeS\n?Ɛ\T\\C}\y3\r5M\4MӴI\]\vy~~awߍ\usGW7\:1xQW\!\\\\Z8\\}~!\\/\\|茭Nwv׷\'^_\\\|cA\\߻ҞɫoE/}?\\magW\g\\X\=ŝ\\ݿt\\\sK\o\\ξ?\\u\\`r\03g\<\}3\n\xBV\S-Es\\Qxg\Y~\3mΒ\\{\׼\5\c\1\c\\~\?®Y\h\\\ߏi\og-\G?w\#p7,[ߪ\;!{_ι\\\\\\=vݢ/^*\?vE\R!_yO_ ̱S ^oj\03޷`q\K3?\oD\\󢮾K\9pj\\{\k\"+\]xyߧ\ީ\z{?X?\1\履\N\\.\\;.\_\?{`\\\}\W\<u\?ˇξ\\7|Y\蕏\=\\\>\[nn[l\.=f?ϊ!\n(Yv;#zMm\0\0\C`&p\"x\_\\et1/\\o$\n\(c\}\yA\\\*\\\:?j\\1\>\nS\\얞?\^3>x\r9K)-\g[\ܖ\n\A0px\[z\n\\\\cN\y|mM: ~_\%FD}\g?1?\Q\\~\|Y\q_;/\}\r\0z\\Fqϊ\ǣ\𲯮\\\\nX\\pa\E=\}\\\\\W<\U\G\?\)\_]\9/\f\n\3\_|\)|\\%\\0he\~Qw\]}\Q\gJ\죷~\N-\٧\'{\O:\+>\r\0z\\JV\o^\\,yy\ǣ<^we=\IN>\\\𧇕x\^\Y\\'^\'\K\O\\\Ǉ\= \\O\\\;P\393\?}\e\\W>\\\1΃(c\A|h}g\\\\\1yⱅ]}\=\\I;\0\0@=f\	#?\hQ0G\\\~s^-\\rl/fMPÃ\\\WoU\\\\OrWc\bZ\I=37\\?<\W܊\'J\>ýi\'\?\-Ez o\\[\Zw;\}\'\X\\O?\0\0L<a\5\NE}V$we\Kq?/\\޿\'\\k\\\\?,gyAyy\Eq<~GW\GK[.oW~\k\\\5\\c>v\\\E\\䫿\\	=\\\_\\\|\m\8~\g\\\\0@=f\	eaw_aڇ\W\\\_f/\2v!C\\\y;\,\\Ak\8q]\n̴m|ρ1/?~W_GH?8\/ᕂ}i%2\\\?z\\\W\{aW\\\3\\Y\\}ӥ\\\0S\0\0\'(\7Fa~_\\\0\0\~{\ \0\0\0i|\Nz?\0\0L\v(\G\\~\0\0\C\F;ސ{\0\0Pa&)k3|e\0\0\LLV)ا\r=\0\00Ӝ\Z\r\0\0\!0`a\0\0[_\0\0[\\\V.[\0\0\!0\tZqǗN:ŷ\0\0\!0\JLv=\0\03q\t{|#\0\03qkLR/}jY\Dy\0\03qLł>\;\0\0\C`&n\iU/}j\\\3|C\0\0\Ll&n\isG\\\0\0@=\Lܜӥa/c\\0@=f\\.+*\	\0\0\C`&6\0\0661\0\0661\0\066M+\0\066fbL+\0\0\rfbL+\0\0\rfb\\n\0\0\\n\0\0lc\\n\0\0lc\\n\0\0lcش\0\0lcc&ƴ\0\0\\`&ƴ\0\0\\`&6\0\0\0\ؘ1\0\0661\0\0661\0\066M+\0\066fbL+\0\0\rfbL+\0\0\rfb\\n\0\0\\n\0\0lc\\n\0\0lcش\0\0lcش\0\0\ض1cZ\0ml0cZ\0ml0V\0\0ml\ĘV\0\0`\ĘV\0\0`\Ħ\0\0`3ش\0\0\\`&ƴ\0\0\\`&ƴ\0\0\\`&6\0\0\0\ؘ1\0\0661\0\066M+\0\066fbL+\0\0\rfbL+\0\0\rf\mT.<\c7\}ݿ\\\+li\ʟz\\\l\\0@=f\aEAf͚\\/ۆ\rʫVz>+O>\0\0\C`&R\+蛮\!\\0@=f\!Ő{t󵬨E\0\0PxHq,\")zO\0\0\C`&\>E~L{)\y\\Q\0z\\M\\\oڸ\wx\x,S+\\0PI\'t\V}jOh\"\\Q\0z\\\Z\?4E}<W\\03q,kX\\spE=\0\0\!0+\5E=\0\0\!0oϢ>\vߨ\\z\0\0\C`&nҢhX\\spE=\0\0\!07iQܺ\\y\C\\\9E\0\0\oU\\c\npE=\0\0\!07sQ\K\G[\\\z\0\0\C`&n¢~\\u\\\\x.^W\\03q/T~\}\\r\\5Zz\0\0\C`&\\Epz\\0\0LܤEHz\\W+\\0Px\'c-\SS+\\0Px\'\0\0\0\0z\0\0PXQ?͛%\0\0(\)\+\K1_Z\0E\"\b^Q\0z\Ċ&/\\1̾W\\03Iۥ^Z\3\0@=fbE}\yM\4MӶ\\f\	]\_y\\m\v\j߳f͚\\n\[o\\̙xM*q\s\{\o~so|\\5w\uW\\\\c=jժ\\r6\;\n~9>\\͛˷\~{\}}\ks\\\\]vm\\\y\\\\\\\w\/^\\6m\T>\W\3\{6n\8\N:\\ՉAb\0rrf\q(\Sa\\\7\\\k/T\3\8޸\n\xM\G-\\\/~\\\ڟ\5`\\\_\\~\\'\\(ԋʋ\\\ݝ\s\1`.X\"\\?\\OT?G\\\pA~?^S\\\kq7!\s\=<y\>l~;5\V\\P\Dy\\+\\	\09yEVm\\\B`=\#:\g}\Z>n\]\O?^Go{*=\\G]\{ｫ#W_}u.Uz\\{\W\{\{fΜ9\Fѿ뮻Vw.u\Y\\=\x\/|\%\	p\7W\;\x.?ڱ\;]mϽ< G /ߪF_ۊʣ-\\Ν[-hSqz\=м\Їꪫ\\Roy\D\s\|}\?h\B\\\x,}t8AL\y\\#8\`$שORϽ< G /\\㎭cO-\r!/>>\4$>՗*\\\1\1L=\r;\\\0q~ܞv\i\q\\\{\\c\k~\\z\o\\?|s<W,\\s\3Ď\1ѫ_<@<E/\ߗڂ\\;|\\MQ/O`\\,\HME\a6h/MQ|\p+\"=\Q\{룐\\m}/:\\ё\\\5\/\AEwc\\Px>\\\0C\"\\;\\3Ϭ\G\\o\Ps\'\rӏ	q\9\\\\\۽O\ѷ\vzѳ죸/Y?\ԫ/UN\*#OǬ\G1\S ڧ;&\s\cq\q,\;\nJ^FE}j12 {\\\\\\\GUԧB6\n\tyU\8{}m\:ڢT\]\(j\TT\B/~*\\Pڢ\\C>\n(̣HO\\\\΃Re(~\sϭ.Nz\ȁbQ_ǾT9_Q\\\KQ\ttTؿ\u^_=^W{ٻR\$u\1i@*\\\\\\/^X\\\\\pt{zX\\^\.\nw\]ywL}/\\KQ\07=\K,\؉׿^=x\T%!ݧz@@@^LME}3\'B3\n\\\\\\??>\bQ\n\r\҉\ǭ\ϩg;z\S\{\;\Y-\K\\K\\\w\8+~q\{(̣ŝ\0\\::gOC/\A?O\"?P;* ]\rKsőz@@@^L<\^k\\\\ĊzE<rXQ)\\	\\\\ĊzMQ\\\zy\%@@^@Q)\\	\\\ĊzMQo\0rrfbE^\099y3^Q/O G`&V\kzy99y3^S\rrfbE^z	#P\kzy99\3^S\[)XQ\'@@@^L\\O\|msVԿ\"OxHW~f\n\&j\֭H\099y3]r\/~󟿨\=Q\>\	##0++ \C\X\Vl7\xc9U~J\Z\[)F\iELSNm\\ G /`&nmmme\镘V\\\\|#r\\[%S\\\'#@@^L\\Z\\\KZV\O\\\ G /`&n鳢XЧ\z\\\\ G /`&n\iU/}j\\\3|Cr\\fb3qN;\\7$O G`&67\ti\K\\zy9\\\\\=]VU\;<rfb\\n\\\\\ĘVF G G /`&ƴ2@\09y3iirr\fbL+L###0cZFش\49\\31\\\1L#@@@^Lie\Zrfb\\n\\\\ĘVF G G /`&ƴ2\099y3iir\\fbL+L###0cZF\\49\\\Ħ\\ /10@@@^`g\1\\\MY\`\Z@Ͱd핡\)L###hΙ!SN\[499y\ihTԷ\\rY\`\Z@sϸG/\\\4ձ499y襷499y\,\*K?\7birr5\\\륷499yaR*\S{챛\\_{zzZ\x\yO}+}\h\իWG\f[\`\ZrEAf͚\\/r˵[soذjժ\L##@@^\oՂ\[Vؿ\\\\ G /IW`６X\`\Zr\1ފ\Zԗ-p0@\09ya\3\\\O\-\\c\nsEi\\\M\\\oڸ\wx\x,S+\-pL#@@@^hҢ\ݶUA\S?Z8W\[\FЬECkX\\ssEi\\\MZ\?سaQ\)\#0&uV\n GWԷó1k\\󯾽[\\\\J\\ /l>\vߨ\\\+?GOcW)+\{v/B~ٲeH\ G /l\hX\\ssEܔ)S\\_\;rQwYqvJ+##\\۱n\\\`\\c\\\Q_Ǵz}GW_f|\?\+\\\\sz\\\/mɴR\099\eH\r<뮻n\%\\^;wn9ٳg\\\K,y\s\\rY\\\\G{\\*\\1~~\ݵz\E]}G|\\'O\uveyo}\T\c\0rr\K\b\o.z/}|\w׭[W޼ys9\\\\?\Y\_^p\o-Z\O?IYԿR\\\C\\\9Ź\F}\\vݷ{\#\jg/y\\?~e+#@@^\Zʊy\g^\?쯾jy\\'>W\ϟЉ\'\R\oڸӻS\\k\Rc\\\ا\\~=~C-@\09y\JVO\[\8\+FU\\\wS7oދ׾aQ\K\g\/\w>ٰO-^\k?a\\(\;:N)\\\\<\ý+##`\%\n+W~\\.?-o?\\\gqƋv\\&bQ?\\\^{E}i#)\CGg΋c\-+\/:`\0rrLD}q\\O\\\\>{#\\^>\'\c\0rrL\11\~{\\뱟3g\Ƭ\g\"c-\SSOx\ک\Ѩ}\\\yGV\n G G /&\r\O\8~G\_5k\ډT\kQ\W\"zۑާR\099&s^n喯\Y\?y\϶\0|E~;\\Ja^Ea_,\SSx~\\\c\0rr2D/}\\>.[7~\ܪzE(5*\\C^U\;\\J\\lyy\\\\\\u5o޼g/\d\zEX\!\ni(\\#-\k{C@@ɐ뮻n\UW]UO˗/?B\m-\n\\c,+\G[\{+##`\\\K.y\\ע{\\ϲ/tEvG\YE\-ꇛ7\#-Oco\0rrL,X\gyf\\g}v}>\\E}wX)\\1C?ن~[?6@@@^Z\ܹs˛7oע>^nn\;CFFi\{\\\R\\R\099y\\0b\\Xz|\Go\\\^~ߜߏ\71oq?^s\]w\-s{\G\VZaÆ6~g\\t\M[\{.\\on6m\TWX\h\{\\\{\\'\\.\@n\\q\z\\f/?}.\\8Ɛ\T\\+\w-ʭ@@@^&SO=7\\S\/>\\"=M:u\x\XG}\\/V_s//\\6x\\/΋\\׾V-ҋ-絏y\s\\\\www\\\/\ȍ\I\'\=\s\g\\v\a\<oW_}u\+\\w*v\G\\[Z~мQ\Zl\~$ױoDO\\0r\g<\\\?\?ic\k\XT\b:\n\9ʷ\~{\\\\\Y큏\>\(OE]*ꣀ.Uz\\6z\\C\c{?^>\\\\{\z\\S\Yg\`}T\\\\\\\[;o\n\MsLX\n{\\[)=/K.}d\~\\~\Mz\\\3\Zlc.\S\w\N\QLGa\母b?\\q\b~\1\\x≆\\S\hxP-}\\Sbɒ%[bQ_\fϞ]>\?\\nyKoC\u\n\7l]ߏw{+##`2\\\\\\Z\\\_p7\u\\}ݦ>mH=\1>n\\/U\\ў}\jQ_\ɟv\im\\\>ڢ\/_x\\M\]w\b\\^\{j\=>cqGD\gȾ\:\^bGG#7\Z\\\]~\\7r@\u\@@ɑO}\S\:n\'9s\\V\Rԧ\\+3P]z\\QGU},T G!_\O\'K\qГC\\\\kkOW.\PH-\nRa@*£@O+?z\\ڵk\\\~\r9n,X\E6|4\\>0\b\J\\$yYx`\ߐ}kZ{\Z\ds(cӣT8}\^\(Sqz~\j_9n}=Ew|=\sPc\c6z\5\\x]\O\Kg\/Ov\~hV\n G Gd\\G>\9\Wơ~\̙3\koo=Rw\3\,\o\1^Q_*j\">oϢ\\ۓ\\ɏKۥ\\(5詏\eJ5.]:=C\O-:\n95\1V\n G Gd\\\\)ߏ^Q\\E}\\X\\HEq\\\\}\{_u}d\\zX\GaǸ[rB\\\Ţ;v.3\[\lŢ\;\^j\^c}=cm-Z\\iu\na\\uV\n G Gd\K\>o޼ӟ5ϴ\Ӫ\Ѷ\\ҮT8\?Kҕ*\\w\b8\@iG\r7\P\YP*YQ+X/\'\q\\?*\kt\)\\\^{IX\\\}Ni}\4\\ /ٳgϚ?\ׯ߮}V\\̙3h\a\Z\kۧxQ_\Vc\0rrL\̚5k\駟i{\G}mmmh\FQo\~{\ J\\\e\\ngϞ7\_m\\6^v\e\Đ͝ߋ^Ql\yC\@\09y~\̙3\ϟ\}\\hC\w\8{\{\x|^Q?h{ڝ\J\#Q\\'Dq?w\\\\rɏ_u\\=y漂\}\\\\e˖\1k֬Ǣ\V=˽^Q?NF;ސ{+#@@^\&+\\\\\ޑ}7e\m/rd\Vd\\\៨߁^Q)k3,@\09yAQo\*!ߠR\09\\E95\7\\J\#,\V\n GWԷ`a\\Ao\0r\\zE}\VY\l\ G /(\Y\\w\\\)E]wut/V\n G G&^\d\\Y!\\E]H\ȑo\EI8M]ߎزBͲeS\J\\ȷ\0^Qߤ\e\_H+#@@^>\\kɴ\\\?x}G\m\\TZ)@^իW?~zNh\֭h-p\k\[\_m\.Ri\0rr\[\0ya]r\/~󟿨\(\{{{\\	iE{;:N\"ю\R[v\\\J\\ȷ\0\(d\{b(x\\\C\\3ˋ:9\t=K\ G /@\K\i\}k\o\-V4R\09\\499y1\099y,p,pL##@@^\0L###@^\0L###\0\##\\\\\\\\4\\\49\\499y499y1@\09y,p0@@\0y,p0@@@^\0,pL#@@@^\0L##@@^\0L###\0\##\0\\#\\\\\\\\4\\\49\\499y1\099y1@\09y,p0@@\0y,p0@@@^\0,pL#@@@^pYa\=)+#@@^\[W*\\\ڦ@\09yss\EکSN-Y)r4\\FE}{{ߐ\ G /@s/d\[^z+#@@^\_\lulc\@\09yZDV\ߢ\J\#5\n\\OX)r\\&?^/\ G /@\-lR\09\\&r<\\\\\u___G\\\\[^zdmir$Gr$Gr$Gr$/ł͚5\\ח_~em\'\r6WZ|\"8Fir$G\g9#9#yF$\Z7\\n\垞lDɑ&Grɑɑ\0\"14˂yZ\Fir$Gɑɑ\0#\X\6\\\.8\'JA\H\H\H#E=L~L{)\yɑɑɑiz6+?ݥ\\A-\,-mDɑɑɑɑt\\n\j\S?Zam\o#J\H\H\H4E=Ь>\p\\Yh[ۈ#9#9#9#MQ4\\e\r񜅶(9#9#9#9\(9\\H\H\H\H^\6Z\s\6\H\H\H\HS\M\+\Z.\9mQr$Gr$Gr$Gr)\&]?\w^\x\B\\\FɑɑɑizI\ɑɑɑiz/T~\{\x\B\\\Fɑɑɑiz	6+\\^\s\ZnQr$Gr$Gr$Grnl|\\QAA,_z\#\\\'.S\\k\ݵe#J\H\H\H-\\\+Cmmm\UP\\\ڻk\o#J\H\H\H,wQԯ:u\\${qڻk!n#\Fɑɑɑ\QK4*\\\\gEc]f!n#iir$Gr$Gr$Gr$Gr\ԅ}c\\\K-\,ó1k\\󯾽[\\\\ʑ&Grɑɑ~c\K\\݈JPiE=#\\]\lgaW\pZl\.rɑir$Gr$G;_V\ߢ,5QP)S\8\M{agWw\\3\\ir$Gɑ\\N/\*K?!WEf\?i6:\u\5㣗}<\e_]yv׷\'[\\{HGwi\oˑ&Grɑɑ\\\\\z`\M\^ݳV﹨\/7䈓\䩟\\\NX,\\6\H#9\\H\H\׬Y\\\\vVV\ߔGB~s\\?7^m\nD\h*\q\[\=h5\Ǽp\\Y\\\ir$Gɑ\\K\e\'k/q\6~j\n,UŢs\\껦}\}_\\G9\\H49#9\\\\n\֜x\\RU\Q\n@\}\'\FTGg\)\6Gyˑ&GrɑɑmgΜY\[\\\/{e9\\u\֕\\\\˧rJmaI=Xk5m$P]\\1ŖmH]\\'u,\\#M\H#9#9\ZsA?=+\_-7\pCy\ظqcx_\~\i+o\'!ڑ=,rɑir$Gr$Gc*\O./\{\\\"\\c-4Ԟ\5Y;r;\Z\;|;oɑɑir$Gڤ\QC_rT؏UͿ\k\\\\ـ^\J\ʕۑnH5z_KmHɑɑɑɑ\\9\\n\b\¾\~*,-[kT\\(\H6P\)<?\c#\H#9\\H\H\Z\\\\7,-W\rzDCmH\{Uu^\\4ʑɑɑɑ\\E}O*\$w;7ި}\\SO=U~\k׮ڎ{\9d\4[\̙3\u\M7\\\'\\o\?Ϟ=\s\U\\??C\￿?G\u\]x\\k\\r6\}\k_\bZ|w;{\}`6bèކ\H7j7\}\\H+9#9\Z\i#97f͚\tr\Mgů\\;T[\DEO<Q]\t\Iy\Hd7\\E[o\\\]~\\X>\\5C#\~G\b#?^裏6|ͪU\y\տ=u\\C/󪫮\o\7m\T}_܏y\\\\m݊\믿\\}\%K\aXTO[[\A#|\H7dې\Z\T\o\~Wr$Gr4~9\&N1\"Gr$G\3od^w饗w}?WMR\?\\w\]\#<b⢋.\\#T_3\b䬳Ϊ\0Q\Wʻ\{~7\\\;\\{o~\_z~[\LEF\QhE!S;\{\b%EQ<\O\Q\r\;{\_hwwCmH\2\\rڞqې\Z\w%Gr$G\#mb#r$Grc\챛\+WܡE}ej!:ilil\~;\\s}}}\\;\<ꨣ!\#C=_l1t7^\/~\\uq\o\\_r\%\^{\U~\g\\w\}c\rKt\Ҽ&sܾwCP.{x\l \zR?ن\rm<;#9ɑ6\9#9\F#\\}Z\֭+~\'U[\$E}@\c=\Z#\a=i\9o޼Amb$}\c\b$WN/z7\y7_BX/\'NE\ܹs\7\\3\8#?Rf͚\\<\cW2n\W7¿2|k[{\"\mHm\T\Դf\H\h|sM\bD\H１\\\\2vC]ޮ7	R\\X{\\c\n\N;n1\7\a\ior,\H>W,8]y啃~:iWmP_g5}T|\\\\l٢1KFm\qi\|^o\,KT\˛廊&Gr$G\#m\79#m\\\\C勇IؐT[Z!>\\ٴ^r;\c\F{Mg\\Z~t\[[\	\j\%>w*:\\MM\\d\"ѫ\Z\9G\OY\Z2X\\\-f~C=\\\\\6}\ԩS*/\\\\\32\gdawߍ\u\\\\x|Wr$Gr4>9\Z+Hjo1¤\NrP\bgX\e\#z˄8\\\r\\?\Nc9z?Ν\\	.[Qvp\\\G\\'q^\\~8\Jl\h\Pt%놴9Fx\a\\\tI:\'Kq\nq\X\oggg\%{\;߹\r#Ȓ\G11,~_K&Z\XO}u\\\o\Sr\47	.$\\,c!^<VO?Ϝ93,N\h\>?{{[6\rbj\s\{nݍ}\w\\\trQ1?ǂ=n/^\\]B,]`ק\&V>18{<\\\v\¿v\veSi\\8\r\0fKgN\n\\\\{\x|Wr$Gr4>9\Z+Hy5^ڱT/#q(B\h\\3\\_\'e?\ɕޛFwL\'=\d9\y)bYF\\7\w;՚q\QEm,\|FF\@\\6R\p,j*\˔2ͯɴ32ߕWXQ-Kٍ\q?^So[\zőp\\LüO\~)\\.͞#\ԃ>\0k:6|\O\(\I\\\و^\\H\r؃/R\\#\{ｫ{n\έ9\kJ!g\rOEAEic.6\.AÅ\ts3o3rc\<h%tI}٧\k\\\g4\x\Z\'bPq\b\rfC\1M]ߎ\rb\6\,[60e<+9#9\9\Z+H\ȒRᄔ\\\\N\e:T%\\\sR\9HI碈4\|JHy\\8\%}\yQɵ>\Z y(~:6^\\)\+\{LE}Z?\}IP56v\"؁]c\\N*>y\{߻\\*\f\\.\rN\BE}\y\\\AQ_]O\ŞCZ(\F~:WmK\tv\bAP\\\\\H{\\\D[\פō\b\lz8\7VT_-\c=PH\\\8\ػ+\\h\`kP=!\\\P\Ɇ\\^xy\~[;n\F\W\뻒#9Dzm\\O\I\ivJ\pRe4I<z+z\K,~\ofpp\\~N\\_?P2픈8z`$É\h⮏ji\sqQ\a>Ea湔(zKs\n\[\R͹SJ˥F!_|O\HH#\z*e,ԧ\\l\\\W\z2SO;k\7ӄE\ԃ~BtL\Px\D>K\6\\\\m@Ƹ!\\Ψ}\q]\r:r$Gr4rT\WiQ\nx\=\yO*\1 F\\ѻE|\?`xiDM5-\c\Do_##\H\מ\"]j2\n\\X\#\\;\rOW\ǩ?~x(SQ_\Zq,\.^\$2s\\-S&\G\i\[<W{Ux.}\\h\IX\d\iX|]iW]i͚5\YJ\\|#\!Ig\Mj#.}\|\ZtjR\\\hm\k\{I\[\_m\.r$Gr4rT\W(H)՜1F_ÀS\J\(\'ʋb&\'\S\ߋ*\'*F\΋R͡\QxE_*wT9\Y\Z\\+g,tHJ\0:\Q\{룐O9Kǽ,ih|%n\\\\\/g\"2T<\kqN\\\>\\\\\9\֧b;v\7\xc~J&pQz6\	\\?D+.\Bvm渫m9Sp\Ъi\CR;\\\[oCj\(zbJގξSbю\R[v\\[)Gi#?=j#<*\+FOJ:>mLg+c\{ұ\\	3GKg-Nrz\'J3C&s\'G3G\q\eFqKx\1\Dw\\Xo\zXP\z\\GA#_\H\'\*\4TT9nx±txM:e\\/\\h\N?*ǯ\\\<4\nC\ӡS\*(͗\*#b=\\\=\Kq\|)b@ZG\Ra4A\T7,e-e\U2\\\"W\ē\\\0\\h\~F*~{0/~_]^\\\lLТT9\0O{D\ɴ\6ڋ\Z\t\\n,kO\U\Zᙂk\\\Z+(\\42*\ڐ*A4\r\0\dHqҡEg\6zu\r|#ۘsT/\7D\\ainlؤ\!c.CN\Kl\\鋟\δ:kx:sx]l5k\\hb\h< t\\\8D*Pb\hoy\[\t\zg\/.rr]ov8X\/S_[\ǲ$ZʯY\[uClk\(\ڢT\	O{ڑ\\[ԧ\\\!0C\:\"vt\z\"\\";):=\\\;j\d\\\N\Nm=\r\\sl\\\wz\9\Z\\2V*\!8DQ*;T9\^ԴwTs\bq1\3מ5N\a\Zv#\\c\OE}U\\\\Tz6F{Y\\z\]\0\-?Gd\\[ѶB㙣Tמ\FK\\KC{\Z\\k\~\\6\ى\l¥ʱ\\rRMO}s\'G3G;\nI)Sѣ\(ċ\̎\\)OW\\'(n\ɩHO?׎VKQAT,\K3\\d8MQ\.Kvt\t)\zE}\HK#`W-\\\ԍl\\S_\X:k\(x}2ܿ8\-혋uQq}Ҩ)q2\dq\'u\e\p\ZG\6\;v~lka\\\_\\<~S{{>,E}\Z6\\Tԗ\Z\\:$P/u{\-Gz\t\426\t~DRۣ\e\v}-t\R;$?;\\ڞz-(\ݴ=\i\&\\r\3Ҩ>\ǆVm)wr41s \ЗRTRo{\ҥ\\\m\닗\K9I-z\}\^{\V\\F\\\\i\a\#G\GQ)\\\ҡSpIǻyT8]z<\n\(\$\j3Y\	vf\?\r\ϊ\A\Xw\tIF8+=V<\\Gmmm\'\ŏ\\v/q*)5\qV!\Ҵ [ۊÓK8Sp\YX\\k+qِ\\d-S$\\\~*Tb^\r(.b}\ܩEod\&z+c<\rb m\"ᐩ/GqD\\~\5\#\lɗ#\H\HF.[\\-q}\P,qR\1\\\\>IO{\\(\ԧ\c\r\FgaMCcHsP\\l#j\a(\|b\Op\k~wiR\dt\ucދ\NyڙV;,2/\v\\q\\be#\ٺ\\f̝M\i\Gr$Gr42\cŢ<Er\ʼ>\r͏!\֭\GtuuO=\_\C\cG\\n&\¿\C.\8(\\;48-\\\r\ڳ\^\4|2]^1,\\TB\\$D)G\şchcWq|a\\c\N4: ]w;e02NT\\\b\s0BYr\'GrYɑ&GËc싗c[\zdRehm\t\"81\4xRǱQ3ܙk\#x91mM\A\9J\'*^աT9\w{\c~:~7nc{\!q,c,\\\q@8 qDx͒;9>Ҭ\HQ\'TWFS\GＳ\\$-\\$Z\k󦓜K\\>uߗμ\}\\VO\\\L1z\qQxKl)p#j4FdmS\fLEa\JEt:\I\\ͷ1\%]\J5\'\\'Jr(;\j\8\%\'\"58Ys\'G\Gir4zf\zkV\wd\䛲x\6W\n}2k+vn`\eRNU{m\\\	j\Z;gT͙k\+\uU6\r=rrQ<N=?Z񚺵\)\.\.\T\GRO{R\\Ŗ\vFЋs\'G\Gir(\5\C2!8ʑɑɑɑ,\`pPr$Gr$Gr$Gr)\m\"/ӆ\%Gr$Gr$Gr$G\&\?Y,Z2Ar$Gr$Gr$Gr\`\M\\ʑ&Gr$Gr$Gr$G\0ȑ&Gr\r$G\0ȑ!Gɑ&Gf\/G!GrirX[#Gɑ&GȑX[#Grir$G?r$Gȑ!Gir\r$G\0ȑ&Gr\r$Gf\\rɑirXkr\r$Gȑ\`\o\ir$G!Gr`\o\\rɑirXkȑ!GrirXkr\r$GȑX[#Gɑ&Grd#`\\\\m9[b#M\H#\H\0Fd\\Ϭ_ނ	ںu\)[?d#M\H#\H\0Fؕ+W\\?;oOn,{{{\\	\J9\\H\\r\e\===\8G\Crɑɑ!Gr\0\0\0\0\0\0\0\0\0\0\0\0\0\0\0\0\0\0\0\0\0\0\0\0\0\0\0\0\0\0\0\0\0\0\0\\\\ER\0\0\0\0IENDB`',1),('83a1734b8f77484489ffa26c2e08ea70',1,'source-extra',NULL,'PNG\r\n\Z\n\0\0\0\rIHDR\0\0\0\0\\0\0\0_г\0\0\0 cHRM\0\0z&\0\0\0\0\0\0\0\\0\0u0\0\0\`\0\0:\0\0pQ<\0\0\0gAMA\0\0|Q\0\0\0sRGB\0\\\0\0\0bKGD\0\0\0\0\0\0	pHYs\0\0\\0\0\+\0\0 \0IDATx\\\xTU\\s\'!	%4\,`T.`D,\\nRt-\K]*\\E-DAE@B$H$R\\s\';		\$\<s\\\rR\0\0\0\0\0\0\0\0\0\0\0\0\0\0\0\0\0\0\0\0\0\0\0\0\0\0\0\0\0\0\0\0\0\0\0\0\0\0\0\0\0\0\0\0\0\0\0\0\0\0\0\0\0\0\0\0\0\0\0\0\0\0\0\0\0\0\0\0\0\0\0\0\0\0\0\0\0\0\0\0\0\0\0\0\0\0\0\0\0\0\0\0\0\0\0\0\0\0\0\0\0\0\0\0\0\0\0\0\0\0\0\0\0\0\0\0\0\0\0\0\0\0\0\0\0\0\0\0\0\0\0\0\0\0\0\0\0\0\0\0\0\0\0\0\0\0\0\0\0\0\0\0\0\0\0\0\0\0\0\0\0\0\0\0\0\0\0\0\0\0\0\0\0\0\0\0\0\0\0\0\0\0\0\0\0\0\0\0\0\0\0\0\0\0\0\0\0\0\0\0\0\0\0\0\0\0\0\0\0\0\0\0\0\0\0\0\0\0\0\0\0\0\0\0\0\0\0\0\0\0\0\0\0\0\0\0\0\0\0\0\0\0\0\0\0\0\0\0\0\0\0\0\0\0\0\0\0\0\0\0\0\0\0\0\0\0\0\0\0\02dH]j\0\0\08\0\^?===q\ĉ\r\0\0\0\0@\0?~|xll\\'=z0v\\qg\޽c6lذ\0\0\0PuTK{].ҥ.\\MX]N=F\}X\a?׭\\\,\ѥ.x?\tS\\\򮜱c\?bĈ[oUi\\Xn\ݺumӦM\\-HK5\\\ץ.\rt9\ \%؟\\&\.\\0\0\0u;\=Oa\\\.9\%ADOtY\\\˽v\v.\\Ru٧K.\\%\.Ct\\\WcN:\.|\L]W\\\u)\\2\!>>>B\/\:֤Iնm[\\\馛\#x\\\0]\t˫g#ጄ:\u]\{tƮ\*7T\d\Wm\%>\0\0\0@\\0xӕv\'TF\RG\v綥\p.\\ݩhwf[\rR_tEo\e\\M_C\]ˍv@q\[\\[t]\矲_\<_FOa_B\\kd톘9Çwƍ[CTT\\\_vmٲ\/\r\(b\4T#~f\u\]̵C <Ϧ*wDDw!t\0\0\0\0*X U*\]C\0W(c[T\oڕ}_\ɽ\.<\\|n\-]W#&\0tϑ\\O]\S8DGG4r\HGN\n=G3&`\ԩ\r\Z\o\ܹ˽Vd\n+\`f\\r\c2AF?o\\\*w\<>Z\`)f\0\0\0\0`t@U\'\o\\q]\\\;\r\\\n\Æ\0.\md.)Ȯ\\󺌲ϗ\"\P9\;ԲCr׋\v\\l_\\\{:p=Lx8\s\>;w޾s\\}~;\sr\1T&Lx\<$A0\\	od}\"S-dL}Ix\0\0\0\0Pq\\0b\r\\jn\}#,dȾ6=\\tYr@8\~3\_#v]ۯ%ŕ\\T\(\r\Z5j\\3bĈ.^zzꩧ&O4<<Έ~[[\C;-B\)\\l΅\T\4܎Յ\7\0\0\0\0B\\Ț\\2\`}LL*p\\nb\\}_\/\\vY\\O8t\\8\\o2\\n\P\a\ر\$x0`@\ے\\'Ү6*wĂxyؗ2\E\\p>!\L\'r\\\W\0\0\0 t\0\C\iξ\\.\\\9\vY;C[\\Ǧ\5d\\\dߖ+\\a\\\аȓ\/\mp(i\\<<\!SN]\\A֮\˧|rG(\ԕgyLd\E.\ur\0\0\0*k:/3\\"$\A똬\\Z\v_rSd\\ \7鲛k}F*w1\Ѻ\\\\\]\}\1\\==r\-\\~vq-\"\\\9\e]V\\4\;\\υ^sϞ=Xs\"\ddL+\k\\$\Z\r2\\b]\۟Mζ?\\\0\0\0x.\\/u+\MUvKY<\]{0Lw0C\vcuT9\\\k\RT\\p6Tjժ-Ճl=}}Y\^7Qn\T*w\'\"\t*wAP\0\0\0\0>\!+T\n\d]V\\\\R\0BΔm\\' \\\?e\ne\K\n(\\*7B`Y\LJJR=\i\Θ1C5l\0\ɓ\'հa\N;\\\V\׷q\\U4iҒX\\R\\C\\p_;\\\\v\\g8Y{#\~2\f?N~\r4\0\0\0\TP(\r\,\\\\-gZ4믿Vs\̱\\աCw\\\նm\TVVu^z\\n;wɓ\'eggypqI\#@}f\0\0\0*\t\0\ng\\<\,\ܲgKE\֭Ֆ-[TbbbJMMU͛7W͚5SZt\\\\\Z }Q+pg\>]tя\\\`}\0\0\0 t\0P\ᣳ-\Zy\E\r6\d\\\V?\իRRRέU\ϧ\9\Bq\\\\K.ٶ{\\$\0\0\0\0B?~|xLLL !33SEGG[p:jǎ*!!.BCC\u\]n\3>\{n\w\}wE]\C#\0\0\0\0Tr@0v\ؾqqqeJEqŔu\SNY%h99\PfM5zhUZ>_&Mm\6gӦM2\b\0\0\0\0B5\"\3{\\i\\֭k\`!k@WӦM\;Ｌ\/\0\0\0\0vW\C	\h֬YRbb\\\Ç;J8{\7\\͛T	$d݇\{TϹcǎ\&M](\\Z\0\0\0w###䳇\r\\E;9z\J8\_}Ɏ\sOs\\7o;O	\0\0\0L\\\i\"U\YZ:5SNg]<(\\WaXAtX|5ڡ4o\~\\5\c\0\0\0\\\ebdd\}\CӦMx\\'J<\\\_U?cB<xںu\ҥKSɓ\'W\\`|B\0\0\0Waaar\\P\\ի\w\̙9;w\,\$Xx뭷Tjjj\1\>cu\\b?\֭[]\@\0\0\0\0@0}eu\ֽW_\l۶X\\\n-fVm)Z,\\XϷw\޸iӦ8\0\0\0\0p!t\0	j֬\oƌYg\\\\ʕ+իWv\r\r\;v\\	i\&3>L8qb\48\0\0\0\0p!t\0\~{\Sz曙g\n\}]wF\Zj\СV\0|pw~>\|Q\\ZiXƧ\0\0\0\0\b.\\6++뮙3g<lܸQ\\ƪ\\\c[VW_}u\/T;vvNիW\\\k88\0\0\0\0(\\"\"\"Vfdd\3}t\%d4\"{\G\~\G\hqq5w\\\\\EF8\\\L\0\0\0\0P\(	\\ԩS3jԨ\Nnݺr\g:OF8yj\0\0\0@a\\0Ta2\\"##\\?\x\9%pp\RA\\0\0\0\0\L*\-x\(k\R3)\0\0\0\0Ά\<\\\\aǎ\n\\F*\p\0\0\0\0PL<L2EZd\\F2\0\0\0@q:\0~DMU\\Am1	\0\0\0\0\gdoF\֭[\\t\޽{\LfJ\0\0\0\"t\0i6mm۶\Α5&Nϓ˨5\0\0\0\0%E\\0)*}\ԩS-[\\w p\0\0\0\0PZ\\\}On,_<\W^Q+V8\ZÁ)\0\0\0\0ʂ\s\!22֞={Լy\8\0\0\0\0B\0F\Z\>pT^}-\0\0\0\0k\ogddtV\0\0\0\0\0eƃ\M\F\0\0\0\0(+B\0\\t*p[~jQ3\0\0\0\0ʂ\s\\\\Z\\\P.\rnv\0\0\0\0\\Ng\.j\0\0\0@Y:\0~[n\\˻B-\0\0\0(-B5m\\Z\0N[4\L}Q+##)\0\0\0\0J\ci>R\q\0\b\0\0\0\\0?%S+L\,j$+t)u-\0\0\0\0A\\0F\Zu+kEAuO:Օ\\0\0\0P\Z6~\lS\'],\Lm\0\0\0(U*\0֠\o\\\afw{\0\0\0\0(B\߿]seE\ƍ\\\0\0\0\0\\\R\;Pk\0\0\0\0J!ӀZ`\\ucaaaŋL@-\0\0\0(+F:\0\0\0\0\0\0 t\0\0\0\0\0\0^A\\0\0\0\0\0\0\\0\0\0\0\0x\0\0\0\0\0\nB\0\0\0\0\0\\0\0\0\0\0+\0\0\0\0\0W:\0\0\0\0\0\0 t\0\0\0\0\0\0^A\\0\0\0\0\0\0\\0\0\0\0\0x\0\0\0\0\0\nB\0\0\0\0\0\\0\0\0\0\0+\0\0\0\0\0W:\0\0\0\0\0\0 t\0\0\0\0\0\0^A\\0\0\0\0\0\0\\0\0\0\0\0x\0\0\0\0\0\nB\0\0\0\0\0\\0\0\0\0\0+\0\0\0\0\0W:\0\0\0\0\0\0 t\0\0\0\0\0\0^A\\0\0\0\0\0\0\\0\0\0\0\0x\0\0\0\0\0\nB\0\0\0\0\0\\0\0\0\0\0+\0\0\0\0\0W:\0\0\0\0\0\0 t\0\0\0\0\0\0^H\0gfȁ\\\iii!Nӧ߳~j\޽\.xqذa/{5\3((hsVV֔]\[\0\0\0B\8[NMOOѤI%%44T9?w\ޕN\ %%w|||\SN\߳g\\|\0\0\0\\nbbb<xs\9ƕW^Zj\ԩS)J\ڵk-Z.]lٲzXn\]\\0\0\0\Cw\n\0ϐA.bռys@f͚N:Uw8]vj\0\0\0\rȔ\վ}{\7eU;>Q{׿~]7A\lX\<f͚cǎa|jժK\0\0\0\:\0e$F&$$LE}R~UΜLe:\\㿫>$x0	ڴi\Am\0\0\0\0\(#٥B!9~p\\L;\	@kѢE׬Ys\r\0\0\0T,Bd[L١5Na4\5j\(^_&\0\0\0E\\0\ɓ\'\\E1s~\A\E7j\0\0\0XTP6iii!TџGS}ѐ\0\0\0\0*#2r:\\)\_l*\0\0\0P\7\n\0\V^3B\0\0\0@\E\\0xYVשV]\oݕ\n\0\0\0Pe:\0^Vᅪfmt1\0\0\0\\"t\0\AN֩ӎegb\0\0\0\0TieS1?|R|\}i\S1[?\\0\0\0\\#\T\\\\Es2頊\JVJ\0\0\0P\a2r\\\/\\\ɴ\?q\g\\\*$)\0\0\0J`\a2r;qp\{T \0\0\0*\0PZ3\n\0\0\0Pe0\_\0\0\0\0@1\\0\0\0\0\0x	\0\0\0\0\0\nB\0pӿ\\\~&\0\0\0cM[u\B\\kԹ\[\\Xnڿz衇no9\\\X\w\\{\\W_V^\~\?.]I&gy&\)S\nM]x\\\?T\su\\r7cǎ\r\\\\o];v\{\r\ZX\R\'N#Mz\ڷo_}۶mj߾}je\nݺ\jԨ\4\\W߬Ƿ\0\0\0 t\0|ڇ~jժ:w\\ƍUfff\\\B\n$s/\\\S\\W[nUP\C+n-[Z\?Z\\'++K\o.\f~ڴiSyf+IIIQ]v%\\r\rU111\K\QW\\\\\W_UCB~Z5i\Dk\N=z\:g\\\ܹV` u!\s\=\\\\q\-XaW\\qE\\$\/w\R44m\ti蛵\\0\0\0@\j\\*((\cI\n\ȑꪫR<\\\1l\2u\I5}t\<[\m۶Uv\R:u:3/EB\H\0\[oY\<~\\ѣ\ĉՕW^i3s\L+p}\\x㍪{\\\;\To:u\Tא$!Ȑ\_~gϞ\	M\@\\e\\߿\>\SVIxx\\[_m`&_R\0\0\0\|l\0\v\'v\Z疑2\/2H8p\=X~gkA\֭\{\g\   ޸qca\5d\\a\nݺ\Z|pt\\z\K\\D\6mڨx.(d2\AF],Y$/\\\r\'#?\??\djEzz\{UZZO)\\tZ#3-\\к^pTx衇\Z\\~A>]jI\`_P\0\0\0\d\\2Q\!S~qkTD^T\Z5\\ܹF6ddd\\`믿Z\&\\A:B\i\[\a\'\<4o\ܺOejժ_|Q9r\\Z9q׫3fXQ\\!\G\V!\7u\TձcǼ\B`,ZȺ-%u#\\\w\mMӐ\\\0E\mz\"?wY\AFV*\Ϭ\D/\\\\_3\im@\\4\$j(ّ\T\0B\\"L0s\N3-d!iW\'j\*k=y橯ښFQzu-!LQhԨ\\ɱF\Ԍq\\Yk?Hh\\"<FFQ\k>|\Y/\\+H0\"\kY#>\}K@ #dʆ\ZB޷,\/[\cn\\Z\e\\YfY\HDD5E\\1c\?([׬5-\r(\4o\0@\0 t\0\YQ\4\n\hҒs0{lk\FYA\ȀMZddt\])2AF`\b\ճ#\n&Ĝ9s^C\k\\?nL\+e;\!dm		\9d\G	/v\\m{\7DX\\B\\\袋\f0D\\z/#FFK\w\r\NLǐ) r\\\N{CY\A\[4-\r(W\.QTP*/R\0\0Qp!Ų\\	$p<5B8\1Y;BΕ\e\A߾}dׇw\y\\Z9 t\ҵƂ!\#\YB	J}Ѽ\ndȺi2\^P\_\'dd\~QY[\\'\ixU\\\\ThѢ\5kf]\=z[P>}\eMN81\\p0M\uddd_.M\'\Y\'к2(\P\vD\0\(2Avc2`ݺu\_z\\'\\0v~(\r	d1\-[\Ç[tY\/H4\Z5ʺ.S0$cyߗ\\r\(\5B\\\x\7-8%h,%5d2ͣ(R72\B\Evʐ\ ByȈw\k\n	J\\p(f\:/\\lٸqc\*\\0\M\0\0\0JG\X\0@veE\~\\Z[Hʔ\0\\\\H\\AF\ٳ\'\\e\rٺ\耋/ؚF!\\[\.\H2!\<\\\\СC\:ca\\z	(ܧ^F:\\	yn\6k4\ \3d	\r\Zd!S*\\;^\t\M\KH1~xk\\ɓ\'[kb\t\nA\\O\\r7\`#u+e͚5\k\\Z\Z25\LRŝ\aaaoff}}--\0\0\0\0BI pY8Q\\08oQm߾]\Αο,辈?U\\N2A-*\\ߴiBgt\C\%\u]:?u[Emԅ\\\/dLٕBޣLx\笵%d\!2\ZBFH\"L\rq7`\0+i%w\}W}\\\,\!(kB\kFGdd\p}1\ ^5M\0\0\0\0<\\\\\Nsg׬Yc\o\]d3u\]\\AW\~L\GΓ0@8?cqߓv(\tHѣGvЎ\0\K\a\a\錗W\`5rS\y%8\0\0\0\0\ro\0\0\0\0\0x\0\0\0\0\0\nB\0\0\0\0\0\\0\0\0\0\0+\0\0\0\0\0W:\0\0\0\0\0\0 t\0\0\0\0\0\0^A\\0\0\0\0\0\0\\0\0\0\0\0x\0\0\0\0\0\\\0\0 \0IDAT\nB\0\0\0\0\0\\0\0\0\0\0+6\"\t:Tџ\A}MM\0\0\0\0\_\n			\ĉTILLܭ/vP\0\0\0@\\"t\0ʨZj/	\0\0\0b:\0e>)...\4M*\7D?~\\BU\0\0\0\0\(nai?9r\w\^?#=z\Dm\0\0\0\0\OP())i\\\p:\r\0\0\0\:\0гg\_tG={$<T	v\\ua\\c75\0\0\0T<BCw\6;;ޝ;w\\\gr{\~ǫsXA\0\0\0\0\ 	rrr\\w\۷o\\\\x\\\}\\_WϿW]\\\\aÆǏo p\0\0\0\0|K U\0xLիWw\K7}.!?\3O\\\\\\\c\\0\0\0|\%\r\}2\!C\&żyϞ=;O\0\0\0@Y0\q파n\\n\0\0\0\"t\0 \0MsU\0\0\0\0^nw\ׯ_-\0\0\0@Y:\0~.<<V}\\P\\\0\0\0P3M\(þ\\0\0\0P\֭\`3\]-%\0\0\0\0E\\0Mʮ57M3S_\\\\`\0\0\0R#t\0\\\n\>0\\0\0\0@:\0~JV8\[\n\4M})S,\R[\0\0\0\0J\S\Z5\fF\3\{\ԩ\\0\0\0\ t\0T@@=g;E0c0\0\0\04\0?\t:8\)\\\4ۻ\\\0\0\0\0@:\0~\\r\-ι2Ţq\\Rk\0\0\0\0J\Cat)\5\0\0\0\0%Ői-X\u}	\E]&FFFN\0\0\0\0#\0\0\0\0\0W:\0\0\0\0\0\0 t\0\0\0\0\0\0^A\\0\0\0\0\0\0\\0\0\0\0\0xWcaqaaa/45\0\0\0\0\\0\}\\0\0\0\0 HS\"\"\"V\\bK\0\0\0@\F\\02Mb\\0\0\0\e欳)1\ZT\0\0\0F\\0Q\F\0N\ ]\\\7R[\A\n\'\r.!\0\0\0\0(\^={vzXX\*}ޢ\1MsYTTT6\qq./\[t]\\!P]tii\0\0\0\0\"t7\n	L\\1#\p,\\n]Z\r}[4\e\"p\0\0\0\0PN^i*x\\}Z~t\Z\0\0\0\0BxL0#d\\nVxMc]\"uiKg\0\0\0\0@az\4ͥau;\T!\9_/\D\0\0\0\0(tW=ztH,]Kp:+a.i\\oL\0\0\0@E!tW\S(\8rѢEԎWMTI\IU\0\0\0\0h\7\`׊q.\\2\"\.\tYKU\0\0\0<&$$dSzvgV\5\\]\\]\Zr[f\0\0\0(t\̞=;\4\\\a\$j\k~\\n\e.\0\0\0\0(t\V^\988x\\\\\l;>y&$$͛7+\СCMF\\\\t:W\\Kz豉o\0\0\0\0xC%jժ5j\Xd\M6\rS\n\r\rU\\O>>[Nӑzibbb\#G\\f{칛o\Z\0\0\0\0\r\+*\۷?c\\/ꪫZj$t\\ڵk֭[7\ki\悀k׮\\0\0\02\C\\\w/\j͛7uk]v\e\}\0\0\0\0(BJb۶m\&\'\'סC\0\|a\S\7?V\'RiTV\N:\U.F\0\0\0\0tXӡHOOlժ4\\/l\i\Y5ne8KVZZhmll\4}5\0\0\0\0%\HJ`\\\\\l֬Y\'ڤo\8\\x̷T`)k\6k֬\\0\0\0\0#t233kҤQ\\Z\'\S\c\tήAE_j\0\0\0\0JС\\ȸBv(JVzr\dQeиq\sE7j\0\0\0\0JС8yd\\P*Ԯ]\"}\\~\f͚%\eVN\\0\0\0BJ\t*B\Z\`\\Ǉ\'&&N\ի:v\ؤg}v>\0\0\02*!yP\n\;oLL\\'Çw\Z4H9\q\\YG\\0\0\0P*UP\n^\}\\p #1\"\\/u\\I\\Ĺ\0\0\0\0ʂС\nh\vUQj\\N*8q\\C}*#\\˥^F\Ze?=\\0\0\0\\\i\ڵk\\\|\ȑ\Z)))\\\*00\\r\rͪ_\ڵkO駟\?DG@r\ժ׳\\n!::#J!#\n#\ǌ0u\\\r\7w\\\\\0\0\0\\A\>\W^y%\?\Un\T˖-UUHHJOO7N8t\Сw\nm۶F\\?˟>ē\\\O;׺OF<\0n\.2\\\\'6eʔ\3gΜϩA\0\0\0\06tشi\\NNN~\\Zp\y<Hiذ\\r2v\\\:22\G}\\Ǐ߱hѢߪgNu\\UR\ޟb~P\m\E57 S&\>p\#F5ppzꩠɓ\'/\r3\"\"b%5	\0\0\08|fM\4/_n\\\\Pkf	EN~\\=\\!44\Gy䡪\\N/2pptxu<KF8$%%-v_4$x;vl\\0\0\0P>:H\\W_}v\ڛƌn\r\\SV\\p8f<\CW-\\ԡmSǋ\k\Cܞ\|\\/ptt\\.TE\0\0\0\0\\'B[dɒ+u\Hy\֭[^zI\\\\\JZm\ԊR=6n\z?#Cll\Yá&\Z;v,\0\0\0b5d\rٳg[#d}O\{\gk?~fxxֈ_֠\\|sQ,shdq\S-B&MP>\0\0\0\0(\Z:\./;\v\F8$#<\kF\\(l\Ȥ$\cv\3~\'OTÆ\r;\~\\AFq\\U4iҒ\0\0\0\0\nS\+-[l{)k0xS\޽שSmUfE#\֭k5j\\_z\w=\WժU˻]^=u[E\r\L\0\0\0\0P\nd\\ݻ˶\oy\G\\\Q,*\\\\\\\֭[ _9x1q\\gZ4nPM6ͻ\t:Ձ\֭[ۿڵk\\ʲnڵk[o\\ƍ]-\"	\0\0\0\0L\;5\@O\3?;՝6\l\\ƍ\ח\\\ׯVyu\ԬYݖ\.66V-Z(_6o\luL_B_C\y饗\^^}UY\#߱\\+=(iӦY\]zZ)WyߕGv\\\>|x\N>\\'N3g\ջy\\"w\\n\\*\0\0\0\0\n\\\\,[cԥ^\Z\߫N\0\\d\?w\}o5{\tO\W^:t\\HX\"\hٲuϫs\9\\\\oY_}&^M2E}駧.!!!j\ҥ\\oV]v-	%䜈+5<\X\\:t蠞y\u\5\XȖ-[\of-zj\G:u\\͛\\lÇ[\\?\~\\'5o\<չs\|\?\\\ZO|7Ə\\n\\5i\\\Z\_Z\JII\;/44T]{]vg|>	Ǝ3y\<`\n\0\0\0\B\ݺu+\׼\\~7VT\P@-\\/\Ns\d.\\\zY]\'\ҥau\"O\:\\ݺl۶5^:*((Ț\/EB\w\}V\\%--M=\z޼/W`?5!11Q}\7V\r\J+Нiv\Z+px\7\kX	W<&L ۪\wF]u\Uj\VHҾ}{\\\y2=}$G\\Z\\ه;}cbb>q_4l\cK\A>\_;\gؿb=~\\O>sʔ)p\0\0\0\n9RCv(O\ڵ\}s\0}֤I-\x,# \\_|v\\a\s;w短\\\K\{\H <\7V6lPC\\@໓\\\ׯ\i\E\\Cw\wޱ^_\\"ʔ\n .\\}&rL\p\\/X\\c\>Or(\wCF8؁CT$~<y\Z	A:thigs\e\7n\\\I\0\0\0\0T\\萒(򔕕\Pw\\\&g\"\S_\)u^;v\O\"[\t\Ǐ#G^zY\\r\Z\\\\\wl\\\PCk-&(\\\7\\\\V \\"\\dJ;!C~H#|_D:/rs\̱:òc¾}\n\4{\-X\.J\L-b۶m֨9$\\w\\FF\:t\\PEF\.u;\\\nѢ5j:u\Tk\ر\\'M4/<<|\0\i\0\0\0\N:M\[gY0_DQ[\\\u\\j\*\72M\믿F!\t\@K\\"\7莫\\\ɷ\ꫭ\ƍF$̘1#\~Y|R\E7H^\6k\\eӗ\\`@eHP\N\cƌ\!d\k\Z\~\n !.\Z{BDFFZk>\_n\Z4T/=\y|;\?xQ\.\\x8\3\ܹs]\\rȐ!fϞ\_\0\0\0\0C	6\\Ӎꪄŋ\5\\\\*\\\W\z\\םv%y1قTFȚ	2<^`2j@JNp\[#,4)F\膷\zK]xᅪ^z֔m2=t`\EY}\	H!k1	1\nn* dW\Y	\rd-	$,\paÆ\9f뺋LW\\\{@R\_m߾}/~7\Z5jLN\	FF\\\7BF:,_\\nrJC\\э7\\\ۋ\0\0\0 t(wk\\JJJ\nUˋ\\םtݡP?kXXXK\\\\\I:t*\$}{.󂃃Wʼ}\q6Kz\&\\A=ik]\"\\?Su\\=o45|A+,Qr);N\c\\	\\"g\"#!\nNq/\}\~\\\\[J,X\n \\c\\\i\#A\g\H	e$y\\'\wC\{\gwN6-\\'(F\?\Z!d䋄-JIXH\0y\\9\ύ\0\0\0\0C[n\ԜWî]d놜t\y\\\`nw*Su\ق\ի\o%DhӦ\\\íd71P\x\Z5ʺ.*\$$\P\sJ\\$\z\2\}*Y5U@\\\A\\\r_W\ƫPv3g\\\/;\A\\"L\\\G<HI#\E$\0\0\0BQv\v\\}P^[\M}Uѕnw*X\CBBVv\\\فbV\RFH\R\yp\-,\Zx\wZ\ej!S\n###v\ܙ\<VZjݺuK\}qI\\r\eˢȶ|\A\A~6\\N	u,dĆ%Q1}eFW_..\.}Y\02\EB)YD\\rp\B\s;{\M6-\0\0\0@\\ɯ<xA\)v\\X\K\\\\A_>^Q?\Q\<\\\+s\%@NLm)e\ \nF\Y\'/F~\-\W^~a\Lp R\ԻQ\<6 ١2=\瞳:\<<\\Cu\\A-^\4DO|7$xx\͘1cO<Q\L|V+W\:\wB\g\d;U\\p\\r\6E)SL\0\0\0\0y|1c\6p\s˲~q\\?udd\\s=;\Ѻ34#\Z֬YcJϛ$hp\\ݕu\	dk͒\'Q\m.=MF}\\\\\Fa\\]N92%t\b:\懌<9\'Md}\B>ƍ\^{M\p\WGDD,\U]2A\.>:צhG\0hG\0\4\\\\?~L9s\\\;w\U\ϩ\\\\اB\i\:e\i$\}Tt\P.\\u\̙3\۵c\ƍ\W\ dDkL[\رc\\	d\R\\Z4\0\0\0O~\\\ԟݷ^)S,ѝH>rL>=\}\r\\\߶Bw2\ݣ>oGn1w\\|ko\Y4R_\n\0\0\0\0_#\'\'\'߹t\ҟڷo_\}KFOٵk\\qSTTT69c\ԩ5jTL[?\ceř\s\Rס\0\0\0\Q\o 222:33a\1:)	z\\Çy\;1Vw~\ㆿwȈ~#$p6mZ=\0\0\0@&>\y#\}y\9eøq\Z\\\#s\\܂)]\rbJ\0\0\0q\7o\G\\\\K)˗/O+\\IS4\W_\\t;F1\\I\T_	v\\Q\\Z4R\0\0\0brқ\\\\\N\?~t\J5k\D>mٲ\<Y\!22r61KBH0e\jYǺ/\Zɔ\n\0\0\0\0\\s\\Z\aaa\\\cAAAv\\\X׮]km\6~Md\\SNMJJJ駟mܸ1`߾}\u~\\h$p:{qɻMl\\\+8\>8\\\`\0\0\0\:DFF.\\b\Ν\ر\/v]\u	ѥ.YW\\\T	\x㍥G\\ҥK͢\ݻwoܔ)S\rdJ\0\0\0\n78o޼X}1\.\0<@~ӦM[\O\\~\c\Rb\RZ\0\0\0PR\0O2\\";;S\Z[lIq\}\n\0\0\0\0E\\01񐝝\g\ƚ5k/^֯_ආS*\0\0\0\0ZE\Rj\|p笧\7g9\.\\\o\\/>!9Jw\0V\0]ﲆH^\<|\G!K,Q\~(\0\0\0\0O(5>s~._\rԾQ7\\\\\]K\\r!\IP0_]n\N\\\ITt\9\\EVꗀ\\\\R\Z5O8QG\[\RRR~졪\Ze\0GFF8\0\0\0\04\պ-丄\/pÁ5\\K}߷Η`\\;\J]\%TH]V>\\%F!|3C;zR;\g5M7K\0\0\0\0(\n\rC!\;]`\\neH0;-b.uc\\' \ܞ\u	#ٗ2]\i\-*7ԐQ\N||M-[44\(!!A²\\0\0\0\0\\y\ \3<PH\db.t\k_~\\s\\~\\\a,d]ӥe!\CV\o\Zl\\P\\']r\%9rol9ڿ999\=z\Dm\0\0\0\0@\\k\\\ѳt/\e.ѺRS)\\ϕ\Y\iz\uy(S\'^\E\&<r?Tn\!U>ڵk\\\\\\\\N\_\r\0\0\0\0(\ {M \\\\s\[v0\>v.?\\eN>\\v9\vMsdzƽsTY?\/u\_~\III\\\\\Ν;\\ֳg\\\\0\0\0\0Nyt見,Ld\\n\\\ ;JȢ2-\Ax\M*w\-9kLQ\\\rt9l_0e}}o1\\%v]\\s\\\m߾=g\\\n\:Yf5<+F;x`\r}\ݻWܩF\d\~>i\0\0\0\0U!ta\]Q.e\gx/_\RSU\6a\O~r\upy1\W]^;dP\\"ɾ:\.l֪U6>|xqll\M6\r]-BCC\\\0\0 \0IDAT\\\]BNSF6\\Ą#GdiQUd\B\I\n\\\0\0\0PB\sʝ\ d7\\ns})Gݎ\;S_;((Jf\\\\\\\e.*w\\v`1|hC,y\\ի;\򰸸mM\\+]\\p\q:%x\Hٕ\ۇh\0\0\0T\a]\\"\)jt0ؾ]Τ瑩t\nwݱ~x\r5#\Z\\ݕ.U1\0\0\0@T\\n\\$ӝ&\0\0\0\0\\@\AۉT	\0\0\0B\\0Tm&\oF\0\0\0\0(/L\0-n.s\0\0\0\0兑@\\̾l\v.\˞T\0\0\0\H꘡K.kT\vB)\ty*\0\0\0P\\0T\rt\P\1L|\V]P]\0\0\0\0\Pu\%\tj\0\0\0P^^T]q\M\0\0\0\0(/\0\0\0\0\0+\0\0\0\0\0W:\0\0\0\0\0\0 t\0\0\0\0\0\0^A\\0\0\0\0\0\0\\0\0\0\0\0x\0\0\0\0\0\nB\0\0\0\0\0\\0\0\0\0\0+\0\0\0\0\0W:\0\0\0\0\0\0 t\0\0\0\0\0\0^A\\0\0\0\0\0\0\\0\0\0\0\0x\0\0\0\0\0@\0?x\0׊Ű\DFF\Z\\Z\0\0\0b\\r\\\A-\0\0\0\0z߃*\0ODD\J\4OXj\0\0\0@i:\0kY\ϑ?L\\\IU\0\0\0(\rBO9,d\ạ\0\0\0\0\jԨQ_$\]\\\7R[\0\0\0\0J\Sg\N7\\"\v\i.ʦ\0\0\0\0\\LӜU\]\zc	\0\0\0\0?&S\'L\<Y\]\t[K-\0\0\0(-B\\	\1a\ԊL\0\0\0\0Ps:_\6M\i_/\0\0\0,\0?w\ѕ\"u\0@\t:WP;\0\0\0\0ʂ\s2\0U\\hQ*\0\0\0,\0a\Z\0\0\0\\0M\0\0\0\0eE\\0@͞=;\4\_\a\$j\\jQ\0\\;t\'>\\SSS\?yd\\\7!!Am޼Y]q\\j\4\3((hsVV֔]$_ˍm	v:\[!\ӂ*g;,hG#\\vD;\\?Jۺu\\\ZM4QRBCC\\ۃ\\u7?\rRRRz\\\w\>u\\={\]	\Z/\.\Н7P;\?zU#\\vD;юP\\\0𐘘e|\sΩq\WVZ:u\\\XvmբEեK-[vt|ݺuwU\\n]Z\2ѾKCD\rюhG#\\vD;Ba\宋/X5o\\\Q)^֬Y3թS\O֮]{{%x\t\\\'G;юhG#\\\(?2nwo\\Jl\H=bw|In\JO9L\y@͚5UǎC>Yj\%>V\K;;3\vD;юhG#T\vB\\B			Se\]Q0\JMU9s2\\V\'b~<T6m3|m\v]f >=\\vD;юhGt\@Ռeq!V\7\̴ӎ\?T	@iѢE׬YsōL\E\\%OvD;юhG#\*];P~d$Yɸ~ΐzKZ\iԨQ\\\oQ쒅\\ӢюhG#\\vJݎ@\\0ٯYV2.UMx\r\Z4\\|m\\\\\25\.\\B;юhG#\\vD;\gH\0e\"5\\ϡ\\\\SsioQ{N;\vD;юhG#nG t\0ʏ\\dfaw\/\\|Z#\\vD;юP)\Qaqaaa/}XiM@9V^#vЎP\;\\jz\n\0\\\:T\ժRA\0\#Tr+Ej1Oz!t\0\A\r\z<\\T@;hG\0\UiR\'@9\\:uڱ\T@;hG\0\Ui\raN\0/\L;b~P\ܧb~`vЎ\0\*\Z5jl4\L	lO\@%٦aN&(IU\wTb̷\dogvЎ\0\*ٳg\L\\EEEeKe&\p\x3\'\:ıUzkKbvD;hG\0\\ۺ\[HؐcF\\X\OH$\.\?L\$9?\=*#vJJNy\\8\ظTH\]Z3\nhG\0\aD0͕4B0\_\q͚5K:r\jժ\	\@;vD;\2MsaC\\\"K[]0\\0*\Ǉ\'&&N\ի:v\ؤg}vЎ\0\\=R_$\{\'8\Vt\0\07v\ؾ1111\q嗫N:9fΜ9k\љӦM_o.\.k@;vD;GP\W^hѢTF:\0\(%$$,\\	<5r\Ȁ\\Ĺ?z\\.-tI-PZ\#\hG#\t3\o\+\\0|\ĉ:t\\\Ç;\\s\KըQ\=\\۹Y\\|Jю@;		\\~;888\\\\0\h\ȑMRa\1cN`РA\Ν܋o\y]68v.@;vD;r\r8Evv݆aܘ\YoIS\\>`o\"\͛K\\0\0\\r<\\\\7LO>d)S,<xp9s\|.Oۥ\\@;vD;[_<\t:o0#S]\\\\˻srr&E\\FDD|Z\\\0\CF\Zu\\ֳ\?zO=TGn\VtyKDQ\\{ggUY?\3\nf\\Ͽek+0(ٮbV\Z2(\{b&\d*\;\29s\\\\̝;+\\\\=\s\\\³\'ʑr$ʑr$\ZUUU\V\ˮaY_\9?-l\\\Ço\ADD:\"J/m\U*(z\ƍ\׷o\\FWv饰>,$S>|IX6)<\./yE9RD9RdU\"\\\U\=קO\\\f2~\7M2}\K.I\9\$\U\v\%\njVWW\\\\nNd\ɯ\\\SOM{\\\oL\o]}lٲ\o\d\=,ٜ9s\r6\ \G>\\~\\ܹso|\M\;Yo5\X#}=mڴ䳟l}\}\\'y\g;\\6,Ї>>\ɓ\'\'?\\\Z>\Ƴ\n\r0 ߽N:iTmm\q\ZPHm\ 8|ƌ\:*yG$y>8,CRd~g*yʑr(Gʑt\^XOt6|\+_Iv\md\u\]i\}\~0\,^85kVr\-$˗/g5\z0}u:Hy\\'G}4}}\w&\zk\\\nmr\\'\;\d፾Ă\0W_}u\/+\"\~\K2%<H\9iҤ\K-ᆛ\\N\]w]r/\ַ\/\dJ\rhw\K/M^~\9$\\6\lz?)5\>\:/R3\|ܸq\>\r)zM\#Jq]\OQY)G\Qϒ#\H]2.K8ƌl\F%oc֢\d\;&SLIۼzIo\\A Ry\W6g\N7\/~\w.\F1\1\\nF	Yxꩧ҈q4X\";\sj\>dO\:\Ԙ\x㍓g}69\c\n\w]}\hd޼y\^{\F^y\O\җ\Kɵ\^\Z^?p9sfꫯ\6CФ,\n^\:`WA\0h\ڎ\]\7\b^i3\"\ior)G=OD#C\\\cC\"\o\pTI\\?y8\\:D$\+1Mk~\RV2\"AHӬyhis`p\kM~N\d4n\\\\K\w߆\\?\h,>4=<Fi\7ʃ>89Ó]w\5]unt?c(\kٰ\R\1\\G\v\miJ\\0\E{\"I)Qø\\_Q\[oq\+w\y\%묳N\w\qwMl]X6uD\	\aI|\N\S[#{\n\H9R(G\"\\s2\\pPvA·B\%\\taI6\dd	\r\\\/~\[ne#\rRɉ\bT^K\gA\O,@d:=x\E\/\sj\g̘\\v\e\\[o\ZElw\M7Mx\3nDn\F\hA7\C`x\w\Z\\w!Cu\\\o\\Hu\~\\\rQ*(xtjǱ%\"W\R\NjXDD.]^{~=\?\\w\g\$\r\r4\\)r~aQ#\ʑr$\v3_\9c>:L(Pdo(\\ \\\\.IEEE<\rJ e<\H9\Z\\:\o\{́r@;\-\\&\d\nJ\\7\L\ϟ\Z5*m\hb1Ģ`E\"?&J\UW]\ZlH\\QDz󠀤\4ܼ\Z\\'\\N>\N?gUUU\'s6w7Ϟ={Y\\{\T.j8D\\ؒ*Oi\?*x\D\n\\\\7~6*z]v#\H9\X9rI_ߋO^C)=\\'o\u]]͜t:H\%bm\rY$\ϧ73\8#m~\6\y\HVS%\A\1\\\\'\\DSaɒ%i:\_\}#\lE\?\\{t\E]\,ti\֣&~\}\\7}\"\o\0X]u\\W_F[jftp\	\r\%DIǧ\P|3-bv\1mSMuuA-\8\-\8]\\\)G\Q\\Qg\s\\=KH?o9\G\N\G\uߗ|pp\5-2p\F\@w\}4B\\}M#?]8rԍ\9pD\\\'\ZNrJ\?7S)\\aa¹ô?я\Z]!\\'R\~\wh(\(G\1dnc\Nn~#c\L9\+Y-~z\G\\,\g v!mC9\C\?\\8SEG\}\\۞555:DYb\kIߋQ|W|n\q:=\򗿜\\5F矟P33x\mj\+\/Uв\\WZ\V[-U\b<1P\>\O&Ai0i\Gt6k(Rꫧ\|\F\)\D|EP:00qbFjT؟\Aa]N\b\\O>0t4<D;\"\}O6\lf\\@>r\\C;2\\p@8NApn	[\qR#\\\(\m\w\6\r^x\M\P\1\Jt\\\\\\\\\"?\OS\m\\3%cYǙw\G6-z\YȂ\\= \;Y\\'<o\J9Z\( \\@]>\q8\\kq\g~\``\\\\&\"y_~yC\\\\5\:th:V\\\<ө3G\\ϙg6\\Ɖqǧ\D	 \\h8t\A}l\\"gS2H3d\86\pÆ{\oW9唡p,\\\rBiJ/I47ޯ}\k\rF\\\#B\"n)\q!:eaPb;z\\\\\=ܓz׿-\MX{\ \LG:\y]\\\,((\Gx?\\\\$\`ɱ\&\Za\aA%2#wCS\zA:0(\0ӲMZ\<<\r701\\8v\\AA2(zwFH\\\\qz\'\ׅ\3ڒ֨)G\Q\:c`\W`-峘\\\8\00\0`z6\\m\G6dR$\"۬K8:,\}_`leb]\=\'\n\\1\/28O9Z\\)C\\,:\qS±\'5\ϛK\\'\WUzg\\\vZ\|&]q\E6c2!8GLˌ\0G:\wf\G\	ܒǘ752\"C\n~\F;S\Z4)U\~\鰓Ni\"\tVc頤\\4A\L)qLx\Xѳ~^!ĻN%/BiuxIi$5A	#*Yp\\Zt\"At\\\h \B-\'xMY6-\n(\g d4Ź뮻\Z\QS\"ɱ\G7f)Y\}\xuC\\_W\15LSRA\ӔZR6( \ZYO8FǧTz\?~|g*za\cU8ND\5Ԉr)G헣Κ\-Hl`,\r1\+rE\\*k̹ؓK\\l\\\VY<GNY\r8\\u\\~\=qK#Z\Z\\\%N2&Xymt\\Qsy\8@z<D8\B\a̵!\T\d s7\'c#40&#3p\\#+k\;\\A\\p衇6\<\\k\"\=\2\\G\A\XS\Ji\ĉiiNI\nIK=\a\n\t\PtA4H#ՙVA;\\\8\hmz8\>P\Eg\/\T\\\H{\'àPÊ\\c?J3IM0^q\\fH6mZ\Z?C̣lFK}\ ĩ]t)\(\8.\n\n޺M5\j	jf9\\\/٦\'RۢƑG8(<3\y\.8ND\\\)P)G\Q\\Qg\d9͊@>98Rf1\'%0p`#2\<\;ED\t`\p #\>l\\֑?\G\,H\\Ÿ.\\^9jpV1fQ\\\Z\nYbf\42#	?So<\8ӑ)\\#C\'1\fd/r\)ic\C9\{8\!T\A\gl\\H^~n,cYS8YG\"X\Z\+\\0\Hr\\ADZ\-U^\A\9T9RW#ȼyVZT\\{\H\˧\~\\N%ݬ\c5Y\-2ؖC4Sù\z(mQ\"(ϙ\"L\\l\ Va;t1\E6F\#\H9\9\;:r\.\ĎϹ\z S.rH*k\Ao.l{\S/D!K\npp}u\Y\kNd \ށ<bEM\QJD_9Z5\(\\r\1\a,+Bpvc8sGUmI\\\0id\0!k:v|\߈γF\!\rE3+1\0\8F}ؔ}\q	Gdr9^X+\rlϡ\\\\k̦\\c\t	_3PH\C\\o\H+\d0\\\ܠPj\\E9B\\"\m3EC\_\P<a:\\x\ro\\`\\;\\ \ʱ$E-<o\\-gd\ğ RШy؏\v\\\!GD<c/\"\ꮹFɒM&E.\Dth\"q\\" \'4\BF\N\\\\\]brG3\)G\Qs\\05\\>ˎ]4#N\a\-;E\'Bj\yd?(Y*\:\M>\JZ{\YAT:+eT8\aމQ\\\Ѫ5Y\\{\\3\\_ڤ$e\r6H\k\<:\2\~Ù~\r\\iJLI\%d֑t	\"4\'gL9aD༘;wnqIy,&昢\BJ\\aŽ#S!\\1Yz\\"\\2\\ZΛ\0\0\'IDATt<dg\AD:XS\\0\V3`\]=YӁn\LkE\\h\w\q1glXǍO[`gP<\O-\6\Z\f	P80׋\\;R\ZI&M?\[\J$}6r0ǹ\[C70\\A5557w\q\,/t|&ڧ\q\n\nZ]{RD\\@	\(?\%S~!(U[2j)R+K\jiI+N{\FULFp:P7O}z6\4ӵcӭ\(w\QΘ\\#t\7N3p\L\n\(\\a-HWd1f=>k\鍑F40\\\8xC.\Z\e:p84\H9j-?\ᾎC ^s\[ypź\\n\G̪\NO\\Sx%`;d\\ \@\\w: #el#yp\\'̡7\428(W\\n}>r55t\\I\s$ןK\=2\\\\\\ؑN\E\"ҩ1HQ\ \80\\,|h(Gk|\(t\ M(\\ttv#\((*e`!5kn\\\nK\\3ϼj̘1\N2efx\Sj	E\\b\F8הؗڼ+\\/&N80\\ttӮ\鸞\5{\\i4RHQc$h-\n\Zx\\\\8DH;,\\0uH\Gc]s̢{4\0\\Z\\<4\⼮\ruu\,0\\\Td1\c5\o㤣F\r2AhaTeC\F9\8!#\zC\>\rh[#\r\Q\p\"`dӗ\9`\\\\n(r2wc\+\\>Rl\ZژE|\БE8\ZÆ\rW8ɘp\>\1hfY\+4\#H.c-zh\8gv\cQUUգ\\\6\\4\^r?\\ \"\n)otçf7\\`A\]s]ސ\`WZ\\;\E:شn\\:`\\TLl=+[\v\\RqPxYj\pB\:\J\eTy$Дbe¹\\n^A\\\\\V8&\Z\x.+\\\D5\Z\Q@j\ر\r\YBv6s#sDk]F\/>M\#\'O6\Zʝr\Er\ѳ9\p\<`=801rps\"#qiGDtDp\\r;1\n>\)\63\X*d_\^-O8]\tP\x\c\ 58\p֠eǋ,4\\=pl3\,8p-fK/\\(/	\4D8\Ap\I8(\݁#>[lB\!\"\Ӧr/ш\:\T\\ƢõtP<K\$ޗܭ\AD:\r<\xQt\vs/\\ir>e\0E/@4\"\D=*0\w.ʤN\'>m\ɐffWVV^ZVU`\`\kN\#N \ш\NHs,!\G䜚\\o\"u	h\\	v(y(v\(=1\5\\DuiEx$v\o\\\)\\5!\1]Y\2\m*ŌX\"T\)G]+G=\Z8h^Guܸq\q\=\ 81Z\0Ȧs-g{(`}чD0x☇\\R3曧g\?aQ#Y\l6r\x8\qd\(F\Dco8Ӌ(ܑ\Rv@s%t|?f8\9הVp\-8\\Y\>3!cX\\8#ql\0\8(8+\6/4D\\n\q\\Ǣpޮ_|9O-Δr\=1\\H#(5\\q\"\\;\[G\\r.;\YHQMRI/g\%\"ƻ\0;q`éR\n\j_ndPLicc0\]wݕF0wFO JC\\oUUU\'A6י刌1b\0\:\cVkJ\CFɍ\\ni\\)8\\c\n\\g0z\\w\qo\qjq\"8ۈ\h\'\nJP8)DcP\CH/\r(hg\g\\\Zl\D\\'\\rX+\ \&w\Ѫ#G4\ G^K\Q)\$ʕ\nz\Qk\g\fq\gS\h{䱩}(S\{mTWW\QWW6r\i\\\\01K$0\'ޡ\S\t\A\\\\fL&:\zLN4\"<G\FFkSiv|ej\) (/\\_OVF\\\\\UW]ug2e\uGuԀG0\\y&-bcXr>9\\DGά-qj\rqL28FA|%\r(S1S&S</\\\\`S\65\\ѣ\vSg6֬ӓ膵\\Q\#M\b~\r\l[\=>Pk㼰N\ZW\*go\n!ˡ\\\pO\\ \àب\O6R\r\'E6\ZbyEF?\\\Ҹ+6\\Rj\|ev&!\CpsSL>֠\\?y\\Ǝ; :HaJYH\\\\g`L#\nޭ\qE\\\vo.B\g^\"\:錵\\q\]\\6\\\'ݔ\\)\\)G\"ʑH뫪f;HCg\1%LA\X&4g5:DK;\Z:qj@ RJI]\yy͌\0̶sC]]eۤѥtpjK\d**z#F\sιi̘1i&-1mnQB\wVcJ	\gvd0h)et\a\\P\Z@\!hFG\0Ӌ)\n2}|GSD#S\0=ĐN\#hN\\ɓ\'ׅq?:ި8r\\\t:H@3\r\?k֬\\ j&ҾAb\r:4M?\6\*\w2\B\!\:h&\\\\>E/47s\1\f>\\&\n^8׫RXW	\6\D`j0\nthJ \X*iV\\ā\\\=2rP\I,4U\H2\gQ\#\HSSSS;r\ȣ***aOg\@ڶZPRAC\\@Y\wODo9f:Dz DbtZ\u|(f?i\iy\̼y\4ph\0ѝi\0Hfտ=^La\iȺS$a\\{\\wN Y-A\qa^\FС>BA)\XRGN\{\?\fd&~\\~Qf3T\N9QD:pMׄq>w_2^&LQJPKP\D#lz8dJ*Y\\555\\\\"eg_we\(w6\\\YTWW\ѧOkq\뭷n\\SX;S\2SJru\\S#Q#Qg\ȑU\ႊ/3\\LK$q4\\֦S\0e\;３ę;\\ \ӄ6\n_we\\t:(4:p	3=XR[K>\&]\̖Fe㿜\N9QDB\\ũ4i0IIf~\bjA\z8tEo\ҥM4i\#<n\nª\'(G\"=\>,<^QQAsk?\	\\.\\Kou8\t\PS7q\\w~\7[w&L@\\\̊(G\"ʑH9f\|\ӧϦǆf6,K\nH36\c\\X6\r\فr\2KES)\"\M\\\\&MO\k\\)tPWWGD\zr$t-W\\qɅE3DD-.[l\s\9⡇z-Y]|a*x\"ʑr$\"\\"\"\\"LA\;`\\>\+Q5(G\"ʑH\9?,\\(/\\a\mm\n\\{\BD(z#F@ѻf\fΜ9k\(G\"ʑHyX>\7pXv-Qx~wX\\r˕\n\\;8\\\J\;D\v\\b\\:\%\"\"\!^uu\{\Ϯ\\"ʑr$R~Nˏ\rmX.\;\\0Ή\SpDhb),ՙ\\\\Ήτ\И&,\\}\tX\\ \"\"e\\?|\S.h(G\"ʑH\!̆Ag3{s\\TQ[x\\M\2),\\n\[K3g\<Rx3\\\\'\>\\ntPO9:DDz*x\"ʑr$\a=\p[X\8\f3,*whR\rI\ytmWpUxRI_\r\FC\d@<UXSI}\=\\tIa ,7exX&\ܤCdY\\\t\un^_xZ\\a҉ӓl$\l-\2T\"\"\"\"\"\"\"I`aR_ʰ\`إuhN\9\f\\m\x#,rۧ?Ñ\dE\Ux͊`\\nJ\'\A\\=\t7?\;\^xؤމ\0g\\\@2\n\\rFX.|y7\bسzHX-<dt<\/a?,\6\!\k7\\\SJ*7\)a\Z>+\~Y\EI\H\:D\tذ\Z[81pP\y5\\ \"\"\"\"\"\"\cc^\Dg\MIG\\\EC§o7[\6> \K\G&\7\La4\aqXO9:DDDDDDDsh\FGKr{}m3\m*ˁ\lF%{e^o\\`אt:DDDDDDDC\\ RA[b\\\s\'r$ʑr$ʑ(GʑtLyD\π\=݀W^yen\C:rrr$\QoGH\ׯߜW_}\\\rXp\k\aGB9\H9\H#\H\"e`ɒ%\,X΃ѵԾ\/_Y#Q#QD9R\\ Rv\q\\\{΃х̝;p6l\\r\H#\H#Q#\zt:%K}\\^`t/\\_\{Ŋ\z4#Q#\H9\H9\AHy\_<\C|饗4hЀ{P:q`z\⻻\\r$ʑr)G)G\A\q\e=5jԨ-Z_Q\kv\ܹW\\\~i\]w\Cr$ʑr$ʑr$\F\\>^YYyn߾}\\2dA\\\kf$\\\Z?R\v\}\H#Q#Q#\\ \p\o]QQq`xsX\r\\0JY\\\<;,\\\\H9\H#\H#\HDDDDDDDDDDDDDDDDDDDDDDDDDDDDDDDDDDDDDDDDDDDDDDDDDDDDDDDDDDDDDDDDDDDDDDDDDDDDDDDDDDDDDDDDDDDDDDDDDDDDDDDDDDDDDDDDDDDDDDDDDDDDDDDDDDDDDDDDDDDDDDDDDDDDDDDDDDDDDDDDDDDDDDDDDDDDDDDDDDDDDDDDDDDDDDDDDDDDDDDDDDDDDDDDDDDDDDDDDDDDDDDDDDDDDDDDDDDDDDDDDDDDDDDDDDDDDDDDDDDDDDDDDDDDDDDDDDDDDDDDDDDDDDDDDDDDDDDDDDDDDDDDDDDDDDDDDDDDDDDDDDDDDDDDDDDDDDDDDDDDDDDDDDDDDDDDDDDDDDDDDDDDDDDDDDDDDDDDDDDDDDDDDDDDDDDDDDDDDDDDz8\_\\0\0\0\0IENDB`',NULL),('89fe145c947d4ce482699d1b17bc7996',1,'流程审批测试流程.test_audit.png','de3c7af4ac82464d8ac31e7ae73ddca7','PNG\r\n\Z\n\0\0\0\rIHDR\0\0\0\0\0\0\0p\0\0I\IDATx\\\\r]u}/#\*\ԥ<./Z˲R\\J(IBDH&s	\"fZ\\ERe\R )\n\H!I#\nz\9\=\'\\[\93\ZuΜ3g\\\w\0\0\0\0\0\0\0\0\0\0\0\0\0\0\0\0\0\0\0\0\0\0\0\0\0\0\0\0\0\0\0\0\0\0\0\0\0\0\0\0\0\0\0\0\0\0\0\0\0\0\0\0\0\0\0\0\0\0\0\0\0\0\0\0\0\0\0\0\0\0\0\0\0\0\0\0\0\0\0\0\0\0\0\0\0\0\0\0\0\0\0\0\0\0\0\0\0\0\0\0\0\0\0\0\0\0\0\0\0\0\0\0\0\0\0\0\0\0\0\0\0\0\0\0\0\0\0\0\0\0\0\0\0\0\0\0\0\0\0\0\0\0\0\0\0\0\0\0\0\0\0\0\0\0\0\0\0\0\0\0\0\0\0\0\0\0\0\0\0\0\0\0\0l\\0\0\0@뙖r\\0\0\0hgmc֖WnJ\0\0\0u\nT\GO=\0\0\0VA?\\\0\0\0@6Lឞw=\0\0\04aA?\\\\0\0\0\\\\0\0\0,觏\}\0\0\0\Zz?\0\0\00Ýo\0\0\00B|{\r\c\0\0\0\$w\ک\Ѩ}\\0\08\WV܎o>=\0\0\0CAN\\Qł>9\c\0\0\0\QB^>Ta_\W\yc\\0\0`;\FQ\+\GZ\\\\0\0mA_Jz\\0\0`LH\F.c,\\\\0\0,\*\\r~\0\0\0Tg^a-}ma\{\0\0Vv\\'ײxhɲeS\n?Ɛ\T\\C}\y3\r5M\4MӴI\]\vy~~awߍ\usGW7\:1xQW\!\\\\Z8\\}~!\\/\\|茭Nwv׷\'^_\\\|cA\\߻ҞɫoE/}?\\magW\g\\X\=ŝ\\ݿt\\\sK\o\\ξ?\\u\\`r\03g\<\}3\n\xBV\S-Es\\Qxg\Y~\3mΒ\\{\׼\5\c\1\c\\~\?®Y\h\\\ߏi\og-\G?w\#p7,[ߪ\;!{_ι\\\\\\=vݢ/^*\?vE\R!_yO_ ̱S ^oj\03޷`q\K3?\oD\\󢮾K\9pj\\{\k\"+\]xyߧ\ީ\z{?X?\1\履\N\\.\\;.\_\?{`\\\}\W\<u\?ˇξ\\7|Y\蕏\=\\\>\[nn[l\.=f?ϊ!\n(Yv;#zMm\0\0\C`&p\"x\_\\et1/\\o$\n\(c\}\yA\\\*\\\:?j\\1\>\nS\\얞?\^3>x\r9K)-\g[\ܖ\n\A0px\[z\n\\\\cN\y|mM: ~_\%FD}\g?1?\Q\\~\|Y\q_;/\}\r\0z\\Fqϊ\ǣ\𲯮\\\\nX\\pa\E=\}\\\\\W<\U\G\?\)\_]\9/\f\n\3\_|\)|\\%\\0he\~Qw\]}\Q\gJ\죷~\N-\٧\'{\O:\+>\r\0z\\JV\o^\\,yy\ǣ<^we=\IN>\\\𧇕x\^\Y\\'^\'\K\O\\\Ǉ\= \\O\\\;P\393\?}\e\\W>\\\1΃(c\A|h}g\\\\\1yⱅ]}\=\\I;\0\0@=f\	#?\hQ0G\\\~s^-\\rl/fMPÃ\\\WoU\\\\OrWc\bZ\I=37\\?<\W܊\'J\>ýi\'\?\-Ez o\\[\Zw;\}\'\X\\O?\0\0L<a\5\NE}V$we\Kq?/\\޿\'\\k\\\\?,gyAyy\Eq<~GW\GK[.oW~\k\\\5\\c>v\\\E\\䫿\\	=\\\_\\\|\m\8~\g\\\\0@=f\	eaw_aڇ\W\\\_f/\2v!C\\\y;\,\\Ak\8q]\n̴m|ρ1/?~W_GH?8\/ᕂ}i%2\\\?z\\\W\{aW\\\3\\Y\\}ӥ\\\0S\0\0\'(\7Fa~_\\\0\0\~{\ \0\0\0i|\Nz?\0\0L\v(\G\\~\0\0\C\F;ސ{\0\0Pa&)k3|e\0\0\LLV)ا\r=\0\00Ӝ\Z\r\0\0\!0`a\0\0[_\0\0[\\\V.[\0\0\!0\tZqǗN:ŷ\0\0\!0\JLv=\0\03q\t{|#\0\03qkLR/}jY\Dy\0\03qLł>\;\0\0\C`&n\iU/}j\\\3|C\0\0\Ll&n\isG\\\0\0@=\Lܜӥa/c\\0@=f\\.+*\	\0\0\C`&6\0\0661\0\0661\0\066M+\0\066fbL+\0\0\rfbL+\0\0\rfb\\n\0\0\\n\0\0lc\\n\0\0lc\\n\0\0lcش\0\0lcc&ƴ\0\0\\`&ƴ\0\0\\`&6\0\0\0\ؘ1\0\0661\0\0661\0\066M+\0\066fbL+\0\0\rfbL+\0\0\rfb\\n\0\0\\n\0\0lc\\n\0\0lcش\0\0lcش\0\0\ض1cZ\0ml0cZ\0ml0V\0\0ml\ĘV\0\0`\ĘV\0\0`\Ħ\0\0`3ش\0\0\\`&ƴ\0\0\\`&ƴ\0\0\\`&6\0\0\0\ؘ1\0\0661\0\066M+\0\066fbL+\0\0\rfbL+\0\0\rf\mT.<\c7\}ݿ\\\+li\ʟz\\\l\\0@=f\aEAf͚\\/ۆ\rʫVz>+O>\0\0\C`&R\+蛮\!\\0@=f\!Ő{t󵬨E\0\0PxHq,\")zO\0\0\C`&\>E~L{)\y\\Q\0z\\M\\\oڸ\wx\x,S+\\0PI\'t\V}jOh\"\\Q\0z\\\Z\?4E}<W\\03q,kX\\spE=\0\0\!0+\5E=\0\0\!0oϢ>\vߨ\\z\0\0\C`&nҢhX\\spE=\0\0\!07iQܺ\\y\C\\\9E\0\0\oU\\c\npE=\0\0\!07sQ\K\G[\\\z\0\0\C`&n¢~\\u\\\\x.^W\\03q/T~\}\\r\\5Zz\0\0\C`&\\Epz\\0\0LܤEHz\\W+\\0Px\'c-\SS+\\0Px\'\0\0\0\0z\0\0PXQ?͛%\0\0(\)\+\K1_Z\0E\"\b^Q\0z\Ċ&/\\1̾W\\03Iۥ^Z\3\0@=fbE}\yM\4MӶ\\f\	]\_y\\m\v\j߳f͚\\n\[o\\̙xM*q\s\{\o~so|\\5w\uW\\\\c=jժ\\r6\;\n~9>\\͛˷\~{\}}\ks\\\\]vm\\\y\\\\\\\w\/^\\6m\T>\W\3\{6n\8\N:\\ՉAb\0rrf\q(\Sa\\\7\\\k/T\3\8޸\n\xM\G-\\\/~\\\ڟ\5`\\\_\\~\\'\\(ԋʋ\\\ݝ\s\1`.X\"\\?\\OT?G\\\pA~?^S\\\kq7!\s\=<y\>l~;5\V\\P\Dy\\+\\	\09yEVm\\\B`=\#:\g}\Z>n\]\O?^Go{*=\\G]\{ｫ#W_}u.Uz\\{\W\{\{fΜ9\Fѿ뮻Vw.u\Y\\=\x\/|\%\	p\7W\;\x.?ڱ\;]mϽ< G /ߪF_ۊʣ-\\Ν[-hSqz\=м\Їꪫ\\Roy\D\s\|}\?h\B\\\x,}t8AL\y\\#8\`$שORϽ< G /\\㎭cO-\r!/>>\4$>՗*\\\1\1L=\r;\\\0q~ܞv\i\q\\\{\\c\k~\\z\o\\?|s<W,\\s\3Ď\1ѫ_<@<E/\ߗڂ\\;|\\MQ/O`\\,\HME\a6h/MQ|\p+\"=\Q\{룐\\m}/:\\ё\\\5\/\AEwc\\Px>\\\0C\"\\;\\3Ϭ\G\\o\Ps\'\rӏ	q\9\\\\\۽O\ѷ\vzѳ죸/Y?\ԫ/UN\*#OǬ\G1\S ڧ;&\s\cq\q,\;\nJ^FE}j12 {\\\\\\\GUԧB6\n\tyU\8{}m\:ڢT\]\(j\TT\B/~*\\Pڢ\\C>\n(̣HO\\\\΃Re(~\sϭ.Nz\ȁbQ_ǾT9_Q\\\KQ\ttTؿ\u^_=^W{ٻR\$u\1i@*\\\\\\/^X\\\\\pt{zX\\^\.\nw\]ywL}/\\KQ\07=\K,\؉׿^=x\T%!ݧz@@@^LME}3\'B3\n\\\\\\??>\bQ\n\r\҉\ǭ\ϩg;z\S\{\;\Y-\K\\K\\\w\8+~q\{(̣ŝ\0\\::gOC/\A?O\"?P;* ]\rKsőz@@@^L<\^k\\\\ĊzE<rXQ)\\	\\\\ĊzMQ\\\zy\%@@^@Q)\\	\\\ĊzMQo\0rrfbE^\099y3^Q/O G`&V\kzy99y3^S\rrfbE^z	#P\kzy99\3^S\[)XQ\'@@@^L\\O\|msVԿ\"OxHW~f\n\&j\֭H\099y3]r\/~󟿨\=Q\>\	##0++ \C\X\Vl7\xc9U~J\Z\[)F\iELSNm\\ G /`&nmmme\镘V\\\\|#r\\[%S\\\'#@@^L\\Z\\\KZV\O\\\ G /`&n鳢XЧ\z\\\\ G /`&n\iU/}j\\\3|Cr\\fb3qN;\\7$O G`&67\ti\K\\zy9\\\\\=]VU\;<rfb\\n\\\\\ĘVF G G /`&ƴ2@\09y3iirr\fbL+L###0cZFش\49\\31\\\1L#@@@^Lie\Zrfb\\n\\\\ĘVF G G /`&ƴ2\099y3iir\\fbL+L###0cZF\\49\\\Ħ\\ /10@@@^`g\1\\\MY\`\Z@Ͱd핡\)L###hΙ!SN\[499y\ihTԷ\\rY\`\Z@sϸG/\\\4ձ499y襷499y\,\*K?\7birr5\\\륷499yaR*\S{챛\\_{zzZ\x\yO}+}\h\իWG\f[\`\ZrEAf͚\\/r˵[soذjժ\L##@@^\oՂ\[Vؿ\\\\ G /IW`６X\`\Zr\1ފ\Zԗ-p0@\09ya\3\\\O\-\\c\nsEi\\\M\\\oڸ\wx\x,S+\-pL#@@@^hҢ\ݶUA\S?Z8W\[\FЬECkX\\ssEi\\\MZ\?سaQ\)\#0&uV\n GWԷó1k\\󯾽[\\\\J\\ /l>\vߨ\\\+?GOcW)+\{v/B~ٲeH\ G /l\hX\\ssEܔ)S\\_\;rQwYqvJ+##\\۱n\\\`\\c\\\Q_Ǵz}GW_f|\?\+\\\\sz\\\/mɴR\099\eH\r<뮻n\%\\^;wn9ٳg\\\K,y\s\\rY\\\\G{\\*\\1~~\ݵz\E]}G|\\'O\uveyo}\T\c\0rr\K\b\o.z/}|\w׭[W޼ys9\\\\?\Y\_^p\o-Z\O?IYԿR\\\C\\\9Ź\F}\\vݷ{\#\jg/y\\?~e+#@@^\Zʊy\g^\?쯾jy\\'>W\ϟЉ\'\R\oڸӻS\\k\Rc\\\ا\\~=~C-@\09y\JVO\[\8\+FU\\\wS7oދ׾aQ\K\g\/\w>ٰO-^\k?a\\(\;:N)\\\\<\ý+##`\%\n+W~\\.?-o?\\\gqƋv\\&bQ?\\\^{E}i#)\CGg΋c\-+\/:`\0rrLD}q\\O\\\\>{#\\^>\'\c\0rrL\11\~{\\뱟3g\Ƭ\g\"c-\SSOx\ک\Ѩ}\\\yGV\n G G /&\r\O\8~G\_5k\ډT\kQ\W\"zۑާR\099&s^n喯\Y\?y\϶\0|E~;\\Ja^Ea_,\SSx~\\\c\0rr2D/}\\>.[7~\ܪzE(5*\\C^U\;\\J\\lyy\\\\\\u5o޼g/\d\zEX\!\ni(\\#-\k{C@@ɐ뮻n\UW]UO˗/?B\m-\n\\c,+\G[\{+##`\\\K.y\\ע{\\ϲ/tEvG\YE\-ꇛ7\#-Oco\0rrL,X\gyf\\g}v}>\\E}wX)\\1C?ن~[?6@@@^Z\ܹs˛7oע>^nn\;CFFi\{\\\R\\R\099y\\0b\\Xz|\Go\\\^~ߜߏ\71oq?^s\]w\-s{\G\VZaÆ6~g\\t\M[\{.\\on6m\TWX\h\{\\\{\\'\\.\@n\\q\z\\f/?}.\\8Ɛ\T\\+\w-ʭ@@@^&SO=7\\S\/>\\"=M:u\x\XG}\\/V_s//\\6x\\/΋\\׾V-ҋ-絏y\s\\\\www\\\/\ȍ\I\'\=\s\g\\v\a\<oW_}u\+\\w*v\G\\[Z~мQ\Zl\~$ױoDO\\0r\g<\\\?\?ic\k\XT\b:\n\9ʷ\~{\\\\\Y큏\>\(OE]*ꣀ.Uz\\6z\\C\c{?^>\\\\{\z\\S\Yg\`}T\\\\\\\[;o\n\MsLX\n{\\[)=/K.}d\~\\~\Mz\\\3\Zlc.\S\w\N\QLGa\母b?\\q\b~\1\\x≆\\S\hxP-}\\Sbɒ%[bQ_\fϞ]>\?\\nyKoC\u\n\7l]ߏw{+##`2\\\\\\Z\\\_p7\u\\}ݦ>mH=\1>n\\/U\\ў}\jQ_\ɟv\im\\\>ڢ\/_x\\M\]w\b\\^\{j\=>cqGD\gȾ\:\^bGG#7\Z\\\]~\\7r@\u\@@ɑO}\S\:n\'9s\\V\Rԧ\\+3P]z\\QGU},T G!_\O\'K\qГC\\\\kkOW.\PH-\nRa@*£@O+?z\\ڵk\\\~\r9n,X\E6|4\\>0\b\J\\$yYx`\ߐ}kZ{\Z\ds(cӣT8}\^\(Sqz~\j_9n}=Ew|=\sPc\c6z\5\\x]\O\Kg\/Ov\~hV\n G Gd\\G>\9\Wơ~\̙3\koo=Rw\3\,\o\1^Q_*j\">oϢ\\ۓ\\ɏKۥ\\(5詏\eJ5.]:=C\O-:\n95\1V\n G Gd\\\\)ߏ^Q\\E}\\X\\HEq\\\\}\{_u}d\\zX\GaǸ[rB\\\Ţ;v.3\[\lŢ\;\^j\^c}=cm-Z\\iu\na\\uV\n G Gd\K\>o޼ӟ5ϴ\Ӫ\Ѷ\\ҮT8\?Kҕ*\\w\b8\@iG\r7\P\YP*YQ+X/\'\q\\?*\kt\)\\\^{IX\\\}Ni}\4\\ /ٳgϚ?\ׯ߮}V\\̙3h\a\Z\kۧxQ_\Vc\0rrL\̚5k\駟i{\G}mmmh\FQo\~{\ J\\\e\\ngϞ7\_m\\6^v\e\Đ͝ߋ^Ql\yC\@\09y~\̙3\ϟ\}\\hC\w\8{\{\x|^Q?h{ڝ\J\#Q\\'Dq?w\\\\rɏ_u\\=y漂\}\\\\e˖\1k֬Ǣ\V=˽^Q?NF;ސ{+#@@^\&+\\\\\ޑ}7e\m/rd\Vd\\\៨߁^Q)k3,@\09yAQo\*!ߠR\09\\E95\7\\J\#,\V\n GWԷ`a\\Ao\0r\\zE}\VY\l\ G /(\Y\\w\\\)E]wut/V\n G G&^\d\\Y!\\E]H\ȑo\EI8M]ߎزBͲeS\J\\ȷ\0^Qߤ\e\_H+#@@^>\\kɴ\\\?x}G\m\\TZ)@^իW?~zNh\֭h-p\k\[\_m\.Ri\0rr\[\0ya]r\/~󟿨\(\{{{\\	iE{;:N\"ю\R[v\\\J\\ȷ\0\(d\{b(x\\\C\\3ˋ:9\t=K\ G /@\K\i\}k\o\-V4R\09\\499y1\099y,p,pL##@@^\0L###@^\0L###\0\##\\\\\\\\4\\\49\\499y499y1@\09y,p0@@\0y,p0@@@^\0,pL#@@@^\0L##@@^\0L###\0\##\0\\#\\\\\\\\4\\\49\\499y1\099y1@\09y,p0@@\0y,p0@@@^\0,pL#@@@^pYa\=)+#@@^\[W*\\\ڦ@\09yss\EکSN-Y)r4\\FE}{{ߐ\ G /@s/d\[^z+#@@^\_\lulc\@\09yZDV\ߢ\J\#5\n\\OX)r\\&?^/\ G /@\-lR\09\\&r<\\\\\u___G\\\\[^zdmir$Gr$Gr$Gr$/ł͚5\\ח_~em\'\r6WZ|\"8Fir$G\g9#9#yF$\Z7\\n\垞lDɑ&Grɑɑ\0\"14˂yZ\Fir$Gɑɑ\0#\X\6\\\.8\'JA\H\H\H#E=L~L{)\yɑɑɑiz6+?ݥ\\A-\,-mDɑɑɑɑt\\n\j\S?Zam\o#J\H\H\H4E=Ь>\p\\Yh[ۈ#9#9#9#MQ4\\e\r񜅶(9#9#9#9\(9\\H\H\H\H^\6Z\s\6\H\H\H\HS\M\+\Z.\9mQr$Gr$Gr$Gr)\&]?\w^\x\B\\\FɑɑɑizI\ɑɑɑiz/T~\{\x\B\\\Fɑɑɑiz	6+\\^\s\ZnQr$Gr$Gr$Grnl|\\QAA,_z\#\\\'.S\\k\ݵe#J\H\H\H-\\\+Cmmm\UP\\\ڻk\o#J\H\H\H,wQԯ:u\\${qڻk!n#\Fɑɑɑ\QK4*\\\\gEc]f!n#iir$Gr$Gr$Gr$Gr\ԅ}c\\\K-\,ó1k\\󯾽[\\\\ʑ&Grɑɑ~c\K\\݈JPiE=#\\]\lgaW\pZl\.rɑir$Gr$G;_V\ߢ,5QP)S\8\M{agWw\\3\\ir$Gɑ\\N/\*K?!WEf\?i6:\u\5㣗}<\e_]yv׷\'[\\{HGwi\oˑ&Grɑɑ\\\\\z`\M\^ݳV﹨\/7䈓\䩟\\\NX,\\6\H#9\\H\H\׬Y\\\\vVV\ߔGB~s\\?7^m\nD\h*\q\[\=h5\Ǽp\\Y\\\ir$Gɑ\\K\e\'k/q\6~j\n,UŢs\\껦}\}_\\G9\\H49#9\\\\n\֜x\\RU\Q\n@\}\'\FTGg\)\6Gyˑ&GrɑɑmgΜY\[\\\/{e9\\u\֕\\\\˧rJmaI=Xk5m$P]\\1ŖmH]\\'u,\\#M\H#9#9\ZsA?=+\_-7\pCy\ظqcx_\~\i+o\'!ڑ=,rɑir$Gr$Gc*\O./\{\\\"\\c-4Ԟ\5Y;r;\Z\;|;oɑɑir$Gڤ\QC_rT؏UͿ\k\\\\ـ^\J\ʕۑnH5z_KmHɑɑɑɑ\\9\\n\b\¾\~*,-[kT\\(\H6P\)<?\c#\H#9\\H\H\Z\\\\7,-W\rzDCmH\{Uu^\\4ʑɑɑɑ\\E}O*\$w;7ި}\\SO=U~\k׮ڎ{\9d\4[\̙3\u\M7\\\'\\o\?Ϟ=\s\U\\??C\￿?G\u\]x\\k\\r6\}\k_\bZ|w;{\}`6bèކ\H7j7\}\\H+9#9\Z\i#97f͚\tr\Mgů\\;T[\DEO<Q]\t\Iy\Hd7\\E[o\\\]~\\X>\\5C#\~G\b#?^裏6|ͪU\y\տ=u\\C/󪫮\o\7m\T}_܏y\\\\m݊\믿\\}\%K\aXTO[[\A#|\H7dې\Z\T\o\~Wr$Gr4~9\&N1\"Gr$G\3od^w饗w}?WMR\?\\w\]\#<b⢋.\\#T_3\b䬳Ϊ\0Q\Wʻ\{~7\\\;\\{o~\_z~[\LEF\QhE!S;\{\b%EQ<\O\Q\r\;{\_hwwCmH\2\\rڞqې\Z\w%Gr$G\#mb#r$Grc\챛\+WܡE}ej!:ilil\~;\\s}}}\\;\<ꨣ!\#C=_l1t7^\/~\\uq\o\\_r\%\^{\U~\g\\w\}c\rKt\Ҽ&sܾwCP.{x\l \zR?ن\rm<;#9ɑ6\9#9\F#\\}Z\֭+~\'U[\$E}@\c=\Z#\a=i\9o޼Amb$}\c\b$WN/z7\y7_BX/\'NE\ܹs\7\\3\8#?Rf͚\\<\cW2n\W7¿2|k[{\"\mHm\T\Դf\H\h|sM\bD\H１\\\\2vC]ޮ7	R\\X{\\c\n\N;n1\7\a\ior,\H>W,8]y啃~:iWmP_g5}T|\\\\l٢1KFm\qi\|^o\,KT\˛廊&Gr$G\#m\79#m\\\\C勇IؐT[Z!>\\ٴ^r;\c\F{Mg\\Z~t\[[\	\j\%>w*:\\MM\\d\"ѫ\Z\9G\OY\Z2X\\\-f~C=\\\\\6}\ԩS*/\\\\\32\gdawߍ\u\\\\x|Wr$Gr4>9\Z+Hjo1¤\NrP\bgX\e\#z˄8\\\r\\?\Nc9z?Ν\\	.[Qvp\\\G\\'q^\\~8\Jl\h\Pt%놴9Fx\a\\\tI:\'Kq\nq\X\oggg\%{\;߹\r#Ȓ\G11,~_K&Z\XO}u\\\o\Sr\47	.$\\,c!^<VO?Ϝ93,N\h\>?{{[6\rbj\s\{nݍ}\w\\\trQ1?ǂ=n/^\\]B,]`ק\&V>18{<\\\v\¿v\veSi\\8\r\0fKgN\n\\\\{\x|Wr$Gr4>9\Z+Hy5^ڱT/#q(B\h\\3\\_\'e?\ɕޛFwL\'=\d9\y)bYF\\7\w;՚q\QEm,\|FF\@\\6R\p,j*\˔2ͯɴ32ߕWXQ-Kٍ\q?^So[\zőp\\LüO\~)\\.͞#\ԃ>\0k:6|\O\(\I\\\و^\\H\r؃/R\\#\{ｫ{n\έ9\kJ!g\rOEAEic.6\.AÅ\ts3o3rc\<h%tI}٧\k\\\g4\x\Z\'bPq\b\rfC\1M]ߎ\rb\6\,[60e<+9#9\9\Z+H\ȒRᄔ\\\\N\e:T%\\\sR\9HI碈4\|JHy\\8\%}\yQɵ>\Z y(~:6^\\)\+\{LE}Z?\}IP56v\"؁]c\\N*>y\{߻\\*\f\\.\rN\BE}\y\\\AQ_]O\ŞCZ(\F~:WmK\tv\bAP\\\\\H{\\\D[\פō\b\lz8\7VT_-\c=PH\\\8\ػ+\\h\`kP=!\\\P\Ɇ\\^xy\~[;n\F\W\뻒#9Dzm\\O\I\ivJ\pRe4I<z+z\K,~\ofpp\\~N\\_?P2픈8z`$É\h⮏ji\sqQ\a>Ea湔(zKs\n\[\R͹SJ˥F!_|O\HH#\z*e,ԧ\\l\\\W\z2SO;k\7ӄE\ԃ~BtL\Px\D>K\6\\\\m@Ƹ!\\Ψ}\q]\r:r$Gr4rT\WiQ\nx\=\yO*\1 F\\ѻE|\?`xiDM5-\c\Do_##\H\מ\"]j2\n\\X\#\\;\rOW\ǩ?~x(SQ_\Zq,\.^\$2s\\-S&\G\i\[<W{Ux.}\\h\IX\d\iX|]iW]i͚5\YJ\\|#\!Ig\Mj#.}\|\ZtjR\\\hm\k\{I\[\_m\.r$Gr4rT\W(H)՜1F_ÀS\J\(\'ʋb&\'\S\ߋ*\'*F\΋R͡\QxE_*wT9\Y\Z\\+g,tHJ\0:\Q\{룐O9Kǽ,ih|%n\\\\\/g\"2T<\kqN\\\>\\\\\9\֧b;v\7\xc~J&pQz6\	\\?D+.\Bvm渫m9Sp\Ъi\CR;\\\[oCj\(zbJގξSbю\R[v\\[)Gi#?=j#<*\+FOJ:>mLg+c\{ұ\\	3GKg-Nrz\'J3C&s\'G3G\q\eFqKx\1\Dw\\Xo\zXP\z\\GA#_\H\'\*\4TT9nx±txM:e\\/\\h\N?*ǯ\\\<4\nC\ӡS\*(͗\*#b=\\\=\Kq\|)b@ZG\Ra4A\T7,e-e\U2\\\"W\ē\\\0\\h\~F*~{0/~_]^\\\lLТT9\0O{D\ɴ\6ڋ\Z\t\\n,kO\U\Zᙂk\\\Z+(\\42*\ڐ*A4\r\0\dHqҡEg\6zu\r|#ۘsT/\7D\\ainlؤ\!c.CN\Kl\\鋟\δ:kx:sx]l5k\\hb\h< t\\\8D*Pb\hoy\[\t\zg\/.rr]ov8X\/S_[\ǲ$ZʯY\[uClk\(\ڢT\	O{ڑ\\[ԧ\\\!0C\:\"vt\z\"\\";):=\\\;j\d\\\N\Nm=\r\\sl\\\wz\9\Z\\2V*\!8DQ*;T9\^ԴwTs\bq1\3מ5N\a\Zv#\\c\OE}U\\\\Tz6F{Y\\z\]\0\-?Gd\\[ѶB㙣Tמ\FK\\KC{\Z\\k\~\\6\ى\l¥ʱ\\rRMO}s\'G3G;\nI)Sѣ\(ċ\̎\\)OW\\'(n\ɩHO?׎VKQAT,\K3\\d8MQ\.Kvt\t)\zE}\HK#`W-\\\ԍl\\S_\X:k\(x}2ܿ8\-혋uQq}Ҩ)q2\dq\'u\e\p\ZG\6\;v~lka\\\_\\<~S{{>,E}\Z6\\Tԗ\Z\\:$P/u{\-Gz\t\426\t~DRۣ\e\v}-t\R;$?;\\ڞz-(\ݴ=\i\&\\r\3Ҩ>\ǆVm)wr41s \ЗRTRo{\ҥ\\\m\닗\K9I-z\}\^{\V\\F\\\\i\a\#G\GQ)\\\ҡSpIǻyT8]z<\n\(\$\j3Y\	vf\?\r\ϊ\A\Xw\tIF8+=V<\\Gmmm\'\ŏ\\v/q*)5\qV!\Ҵ [ۊÓK8Sp\YX\\k+qِ\\d-S$\\\~*Tb^\r(.b}\ܩEod\&z+c<\rb m\"ᐩ/GqD\\~\5\#\lɗ#\H\HF.[\\-q}\P,qR\1\\\\>IO{\\(\ԧ\c\r\FgaMCcHsP\\l#j\a(\|b\Op\k~wiR\dt\ucދ\NyڙV;,2/\v\\q\\be#\ٺ\\f̝M\i\Gr$Gr42\cŢ<Er\ʼ>\r͏!\֭\GtuuO=\_\C\cG\\n&\¿\C.\8(\\;48-\\\r\ڳ\^\4|2]^1,\\TB\\$D)G\şchcWq|a\\c\N4: ]w;e02NT\\\b\s0BYr\'GrYɑ&GËc싗c[\zdRehm\t\"81\4xRǱQ3ܙk\#x91mM\A\9J\'*^աT9\w{\c~:~7nc{\!q,c,\\\q@8 qDx͒;9>Ҭ\HQ\'TWFS\GＳ\\$-\\$Z\k󦓜K\\>uߗμ\}\\VO\\\L1z\qQxKl)p#j4FdmS\fLEa\JEt:\I\\ͷ1\%]\J5\'\\'Jr(;\j\8\%\'\"58Ys\'G\Gir4zf\zkV\wd\䛲x\6W\n}2k+vn`\eRNU{m\\\	j\Z;gT͙k\+\uU6\r=rrQ<N=?Z񚺵\)\.\.\T\GRO{R\\Ŗ\vFЋs\'G\Gir(\5\C2!8ʑɑɑɑ,\`pPr$Gr$Gr$Gr)\m\"/ӆ\%Gr$Gr$Gr$G\&\?Y,Z2Ar$Gr$Gr$Gr\`\M\\ʑ&Gr$Gr$Gr$G\0ȑ&Gr\r$G\0ȑ!Gɑ&Gf\/G!GrirX[#Gɑ&GȑX[#Grir$G?r$Gȑ!Gir\r$G\0ȑ&Gr\r$Gf\\rɑirXkr\r$Gȑ\`\o\ir$G!Gr`\o\\rɑirXkȑ!GrirXkr\r$GȑX[#Gɑ&Grd#`\\\\m9[b#M\H#\H\0Fd\\Ϭ_ނ	ںu\)[?d#M\H#\H\0Fؕ+W\\?;oOn,{{{\\	\J9\\H\\r\e\===\8G\Crɑɑ!Gr\0\0\0\0\0\0\0\0\0\0\0\0\0\0\0\0\0\0\0\0\0\0\0\0\0\0\0\0\0\0\0\0\0\0\0\\\\ER\0\0\0\0IENDB`',1),('9bac72c39a9d493bb12a62728f4b957a',6,'source',NULL,'{\"resourceId\":\"c590bf8e1f2042a2a92447586a773fe6\",\"properties\":{\"process_id\":\"test_audit\",\"name\":\"流程审批测试流程\",\"documentation\":\"\",\"process_author\":\"\",\"process_version\":\"V1.2\",\"process_namespace\":\"http://www.activiti.org/test\",\"executionlisteners\":\"{\\\"executionListeners\\\":\\\"[]\\\"}\",\"eventlisteners\":\"{\\\"eventListeners\\\":\\\"[]\\\"}\",\"signaldefinitions\":\"\\\"[]\\\"\",\"messagedefinitions\":\"\\\"[]\\\"\",\"messages\":[]},\"stencil\":{\"id\":\"BPMNDiagram\"},\"childShapes\":[{\"resourceId\":\"start\",\"properties\":{\"overrideid\":\"start\",\"name\":\"启动审批\",\"documentation\":\"\",\"executionlisteners\":\"\",\"initiator\":\"apply\",\"formkeydefinition\":\"/oa/testAudit/form\",\"formproperties\":\"\"},\"stencil\":{\"id\":\"StartNoneEvent\"},\"childShapes\":[],\"outgoing\":[{\"resourceId\":\"sid-36E50C8B-6C7C-4968-B02D-EBAA425BF4BE\"}],\"bounds\":{\"lowerRight\":{\"x\":60,\"y\":275},\"upperLeft\":{\"x\":30,\"y\":245}},\"dockers\":[]},{\"resourceId\":\"end\",\"properties\":{\"overrideid\":\"end\",\"name\":\"结束审批\",\"documentation\":\"\",\"executionlisteners\":\"\"},\"stencil\":{\"id\":\"EndNoneEvent\"},\"childShapes\":[],\"outgoing\":[],\"bounds\":{\"lowerRight\":{\"x\":1003,\"y\":384},\"upperLeft\":{\"x\":975,\"y\":356}},\"dockers\":[]},{\"resourceId\":\"modify\",\"properties\":{\"overrideid\":\"modify\",\"name\":\"员工薪酬档级修改\",\"documentation\":\"\",\"asynchronousdefinition\":false,\"exclusivedefinition\":true,\"executionlisteners\":{\"executionListeners\":[]},\"multiinstance_type\":\"None\",\"multiinstance_cardinality\":\"\",\"multiinstance_collection\":\"\",\"multiinstance_variable\":\"\",\"multiinstance_condition\":\"\",\"isforcompensation\":\"false\",\"usertaskassignment\":{\"assignment\":{\"assignee\":\"${apply}\"}},\"formkeydefinition\":\"\",\"duedatedefinition\":\"\",\"prioritydefinition\":\"\",\"formproperties\":\"\",\"tasklisteners\":{\"taskListeners\":[]}},\"stencil\":{\"id\":\"UserTask\"},\"childShapes\":[],\"outgoing\":[{\"resourceId\":\"sid-163DBC60-DBC9-438B-971A-67738FB7715A\"}],\"bounds\":{\"lowerRight\":{\"x\":311,\"y\":193},\"upperLeft\":{\"x\":209,\"y\":135}},\"dockers\":[]},{\"resourceId\":\"audit\",\"properties\":{\"overrideid\":\"audit\",\"name\":\"薪酬主管初审\",\"documentation\":\"\",\"asynchronousdefinition\":false,\"exclusivedefinition\":true,\"executionlisteners\":{\"executionListeners\":[]},\"multiinstance_type\":\"None\",\"multiinstance_cardinality\":\"\",\"multiinstance_collection\":\"\",\"multiinstance_variable\":\"\",\"multiinstance_condition\":\"\",\"isforcompensation\":\"false\",\"usertaskassignment\":{\"assignment\":{\"assignee\":\"${dirct}\"}},\"formkeydefinition\":\"\",\"duedatedefinition\":\"\",\"prioritydefinition\":\"\",\"formproperties\":\"\",\"tasklisteners\":{\"taskListeners\":[]}},\"stencil\":{\"id\":\"UserTask\"},\"childShapes\":[],\"outgoing\":[{\"resourceId\":\"sid-2AB7C01A-50EE-4AAC-8C8F-F6E1935B3DA7\"}],\"bounds\":{\"lowerRight\":{\"x\":201,\"y\":288.5},\"upperLeft\":{\"x\":105,\"y\":231.5}},\"dockers\":[]},{\"resourceId\":\"sid-C28BB5F6-013D-4570-B432-61B380C1F46F\",\"properties\":{\"overrideid\":\"sid-C28BB5F6-013D-4570-B432-61B380C1F46F\",\"name\":\"\",\"documentation\":\"\",\"sequencefloworder\":\"\"},\"stencil\":{\"id\":\"ExclusiveGateway\"},\"childShapes\":[],\"outgoing\":[{\"resourceId\":\"sid-53258502-43EE-4DE8-B1A4-DBD11922B8AF\"},{\"resourceId\":\"sid-72258A41-203E-428C-B71D-CA3506252D73\"}],\"bounds\":{\"lowerRight\":{\"x\":280,\"y\":280},\"upperLeft\":{\"x\":240,\"y\":240}},\"dockers\":[]},{\"resourceId\":\"audit2\",\"properties\":{\"overrideid\":\"audit2\",\"name\":\"集团人力资源部部长审核\",\"documentation\":\"\",\"asynchronousdefinition\":false,\"exclusivedefinition\":true,\"executionlisteners\":{\"executionListeners\":[]},\"multiinstance_type\":\"None\",\"multiinstance_cardinality\":\"\",\"multiinstance_collection\":\"\",\"multiinstance_variable\":\"\",\"multiinstance_condition\":\"\",\"isforcompensation\":\"false\",\"usertaskassignment\":{\"assignment\":{\"assignee\":\"thinkgem\"}},\"formkeydefinition\":\"\",\"duedatedefinition\":\"\",\"prioritydefinition\":\"\",\"formproperties\":\"\",\"tasklisteners\":{\"taskListeners\":[]}},\"stencil\":{\"id\":\"UserTask\"},\"childShapes\":[],\"outgoing\":[{\"resourceId\":\"sid-EF2F51BB-1D99-4F0B-ACF2-B6C1300A7D2B\"}],\"bounds\":{\"lowerRight\":{\"x\":310,\"y\":410},\"upperLeft\":{\"x\":210,\"y\":330}},\"dockers\":[]},{\"resourceId\":\"sid-ED46FE41-A0FD-496D-86DC-2C97AF5735F0\",\"properties\":{\"overrideid\":\"sid-ED46FE41-A0FD-496D-86DC-2C97AF5735F0\",\"name\":\"\",\"documentation\":\"\",\"sequencefloworder\":\"\"},\"stencil\":{\"id\":\"ExclusiveGateway\"},\"childShapes\":[],\"outgoing\":[{\"resourceId\":\"sid-A7589084-4623-4FEA-A774-00A70DDC1D20\"},{\"resourceId\":\"sid-FA618636-3708-4D0C-8514-29A4BB8BC926\"}],\"bounds\":{\"lowerRight\":{\"x\":385,\"y\":390},\"upperLeft\":{\"x\":345,\"y\":350}},\"dockers\":[]},{\"resourceId\":\"sid-EF2F51BB-1D99-4F0B-ACF2-B6C1300A7D2B\",\"properties\":{\"overrideid\":\"sid-EF2F51BB-1D99-4F0B-ACF2-B6C1300A7D2B\",\"name\":\"\",\"documentation\":\"\",\"conditionsequenceflow\":\"\",\"executionlisteners\":\"\",\"defaultflow\":\"false\"},\"stencil\":{\"id\":\"SequenceFlow\"},\"childShapes\":[],\"outgoing\":[{\"resourceId\":\"sid-ED46FE41-A0FD-496D-86DC-2C97AF5735F0\"}],\"bounds\":{\"lowerRight\":{\"x\":345.1328125,\"y\":370},\"upperLeft\":{\"x\":310.21875,\"y\":370}},\"dockers\":[{\"x\":50,\"y\":40},{\"x\":20,\"y\":20}],\"target\":{\"resourceId\":\"sid-ED46FE41-A0FD-496D-86DC-2C97AF5735F0\"}},{\"resourceId\":\"audit3\",\"properties\":{\"overrideid\":\"audit3\",\"name\":\"集团人力资源部分管领导审核\",\"documentation\":\"\",\"asynchronousdefinition\":false,\"exclusivedefinition\":true,\"executionlisteners\":{\"executionListeners\":[]},\"multiinstance_type\":\"None\",\"multiinstance_cardinality\":\"\",\"multiinstance_collection\":\"\",\"multiinstance_variable\":\"\",\"multiinstance_condition\":\"\",\"isforcompensation\":\"false\",\"usertaskassignment\":{\"assignment\":{\"assignee\":\"\",\"candidateGroups\":[{\"value\":\"e\",\"$$hashKey\":\"0AZ\"}]}},\"formkeydefinition\":\"\",\"duedatedefinition\":\"\",\"prioritydefinition\":\"\",\"formproperties\":\"\",\"tasklisteners\":{\"taskListeners\":[]}},\"stencil\":{\"id\":\"UserTask\"},\"childShapes\":[],\"outgoing\":[{\"resourceId\":\"sid-3DBCD661-5720-4480-8156-748BE0275FEF\"}],\"bounds\":{\"lowerRight\":{\"x\":520,\"y\":410},\"upperLeft\":{\"x\":420,\"y\":330}},\"dockers\":[]},{\"resourceId\":\"sid-FE485B2D-9A23-4236-BD0D-D788CA6E30E4\",\"properties\":{\"overrideid\":\"sid-FE485B2D-9A23-4236-BD0D-D788CA6E30E4\",\"name\":\"\",\"documentation\":\"\",\"sequencefloworder\":\"\"},\"stencil\":{\"id\":\"ExclusiveGateway\"},\"childShapes\":[],\"outgoing\":[{\"resourceId\":\"sid-D44CAD43-0271-4920-A524-9B8533E52550\"},{\"resourceId\":\"sid-1525BFF4-3E9D-4D8A-BF80-1F63AFE16289\"}],\"bounds\":{\"lowerRight\":{\"x\":595,\"y\":390},\"upperLeft\":{\"x\":555,\"y\":350}},\"dockers\":[]},{\"resourceId\":\"sid-3DBCD661-5720-4480-8156-748BE0275FEF\",\"properties\":{\"overrideid\":\"sid-3DBCD661-5720-4480-8156-748BE0275FEF\",\"name\":\"\",\"documentation\":\"\",\"conditionsequenceflow\":\"\",\"executionlisteners\":\"\",\"defaultflow\":\"false\"},\"stencil\":{\"id\":\"SequenceFlow\"},\"childShapes\":[],\"outgoing\":[{\"resourceId\":\"sid-FE485B2D-9A23-4236-BD0D-D788CA6E30E4\"}],\"bounds\":{\"lowerRight\":{\"x\":555.1328125,\"y\":370},\"upperLeft\":{\"x\":520.21875,\"y\":370}},\"dockers\":[{\"x\":50,\"y\":40},{\"x\":20,\"y\":20}],\"target\":{\"resourceId\":\"sid-FE485B2D-9A23-4236-BD0D-D788CA6E30E4\"}},{\"resourceId\":\"audit4\",\"properties\":{\"overrideid\":\"audit4\",\"name\":\"集团总经理审批\",\"documentation\":\"\",\"asynchronousdefinition\":false,\"exclusivedefinition\":true,\"executionlisteners\":{\"executionListeners\":[]},\"multiinstance_type\":\"None\",\"multiinstance_cardinality\":\"\",\"multiinstance_collection\":\"\",\"multiinstance_variable\":\"\",\"multiinstance_condition\":\"\",\"isforcompensation\":\"false\",\"usertaskassignment\":{\"assignment\":{\"assignee\":\"thinkgem\"}},\"formkeydefinition\":\"\",\"duedatedefinition\":\"\",\"prioritydefinition\":\"\",\"formproperties\":\"\",\"tasklisteners\":{\"taskListeners\":[]}},\"stencil\":{\"id\":\"UserTask\"},\"childShapes\":[],\"outgoing\":[{\"resourceId\":\"sid-02DB2AD9-1332-4198-AC8D-22A35169D15C\"}],\"bounds\":{\"lowerRight\":{\"x\":730,\"y\":410},\"upperLeft\":{\"x\":630,\"y\":330}},\"dockers\":[]},{\"resourceId\":\"sid-3F53B6BD-F8F3-496B-AC08-50630BD11477\",\"properties\":{\"overrideid\":\"sid-3F53B6BD-F8F3-496B-AC08-50630BD11477\",\"name\":\"\",\"documentation\":\"\",\"sequencefloworder\":\"\"},\"stencil\":{\"id\":\"ExclusiveGateway\"},\"childShapes\":[],\"outgoing\":[{\"resourceId\":\"sid-7D723190-1432-411D-A4A4-774225E54CD9\"},{\"resourceId\":\"sid-35CC8C6C-1067-4398-991C-CCF955115965\"}],\"bounds\":{\"lowerRight\":{\"x\":805,\"y\":390},\"upperLeft\":{\"x\":765,\"y\":350}},\"dockers\":[]},{\"resourceId\":\"apply_end\",\"properties\":{\"overrideid\":\"apply_end\",\"name\":\"薪酬档级兑现\",\"documentation\":\"\",\"asynchronousdefinition\":false,\"exclusivedefinition\":true,\"executionlisteners\":{\"executionListeners\":[]},\"multiinstance_type\":\"None\",\"multiinstance_cardinality\":\"\",\"multiinstance_collection\":\"\",\"multiinstance_variable\":\"\",\"multiinstance_condition\":\"\",\"isforcompensation\":\"false\",\"usertaskassignment\":{\"assignment\":{\"assignee\":\"thinkgem\"}},\"formkeydefinition\":\"\",\"duedatedefinition\":\"\",\"prioritydefinition\":\"\",\"formproperties\":\"\",\"tasklisteners\":{\"taskListeners\":[]}},\"stencil\":{\"id\":\"UserTask\"},\"childShapes\":[],\"outgoing\":[{\"resourceId\":\"sid-BDB0AAB2-7E50-4D35-80EE-CE0BECDD9F57\"}],\"bounds\":{\"lowerRight\":{\"x\":940,\"y\":410},\"upperLeft\":{\"x\":840,\"y\":330}},\"dockers\":[]},{\"resourceId\":\"sid-02DB2AD9-1332-4198-AC8D-22A35169D15C\",\"properties\":{\"overrideid\":\"sid-02DB2AD9-1332-4198-AC8D-22A35169D15C\",\"name\":\"\",\"documentation\":\"\",\"conditionsequenceflow\":\"\",\"executionlisteners\":\"\",\"defaultflow\":\"false\"},\"stencil\":{\"id\":\"SequenceFlow\"},\"childShapes\":[],\"outgoing\":[{\"resourceId\":\"sid-3F53B6BD-F8F3-496B-AC08-50630BD11477\"}],\"bounds\":{\"lowerRight\":{\"x\":765.1328125,\"y\":370},\"upperLeft\":{\"x\":730.21875,\"y\":370}},\"dockers\":[{\"x\":50,\"y\":40},{\"x\":20,\"y\":20}],\"target\":{\"resourceId\":\"sid-3F53B6BD-F8F3-496B-AC08-50630BD11477\"}},{\"resourceId\":\"sid-2AB7C01A-50EE-4AAC-8C8F-F6E1935B3DA7\",\"properties\":{\"overrideid\":\"sid-2AB7C01A-50EE-4AAC-8C8F-F6E1935B3DA7\",\"name\":\"\",\"documentation\":\"\",\"conditionsequenceflow\":\"\",\"executionlisteners\":\"\",\"defaultflow\":\"false\"},\"stencil\":{\"id\":\"SequenceFlow\"},\"childShapes\":[],\"outgoing\":[{\"resourceId\":\"sid-C28BB5F6-013D-4570-B432-61B380C1F46F\"}],\"bounds\":{\"lowerRight\":{\"x\":239.7734375,\"y\":260},\"upperLeft\":{\"x\":201.6484375,\"y\":260}},\"dockers\":[{\"x\":48,\"y\":28.5},{\"x\":20,\"y\":20}],\"target\":{\"resourceId\":\"sid-C28BB5F6-013D-4570-B432-61B380C1F46F\"}},{\"resourceId\":\"sid-36E50C8B-6C7C-4968-B02D-EBAA425BF4BE\",\"properties\":{\"overrideid\":\"sid-36E50C8B-6C7C-4968-B02D-EBAA425BF4BE\",\"name\":\"\",\"documentation\":\"\",\"conditionsequenceflow\":\"\",\"executionlisteners\":\"\",\"defaultflow\":\"false\"},\"stencil\":{\"id\":\"SequenceFlow\"},\"childShapes\":[],\"outgoing\":[{\"resourceId\":\"audit\"}],\"bounds\":{\"lowerRight\":{\"x\":104.75,\"y\":260},\"upperLeft\":{\"x\":60.34375,\"y\":260}},\"dockers\":[{\"x\":15,\"y\":15},{\"x\":48,\"y\":28.5}],\"target\":{\"resourceId\":\"audit\"}},{\"resourceId\":\"sid-7D723190-1432-411D-A4A4-774225E54CD9\",\"properties\":{\"overrideid\":\"sid-7D723190-1432-411D-A4A4-774225E54CD9\",\"name\":\"是\",\"documentation\":\"\",\"conditionsequenceflow\":\"${pass==1}\",\"executionlisteners\":\"\",\"defaultflow\":\"false\"},\"stencil\":{\"id\":\"SequenceFlow\"},\"childShapes\":[],\"outgoing\":[{\"resourceId\":\"apply_end\"}],\"bounds\":{\"lowerRight\":{\"x\":839.78125,\"y\":370},\"upperLeft\":{\"x\":804.8671875,\"y\":370}},\"dockers\":[{\"x\":20,\"y\":20},{\"x\":50,\"y\":40}],\"target\":{\"resourceId\":\"apply_end\"}},{\"resourceId\":\"sid-D44CAD43-0271-4920-A524-9B8533E52550\",\"properties\":{\"overrideid\":\"sid-D44CAD43-0271-4920-A524-9B8533E52550\",\"name\":\"是\",\"documentation\":\"\",\"conditionsequenceflow\":\"${pass==1}\",\"executionlisteners\":\"\",\"defaultflow\":\"false\"},\"stencil\":{\"id\":\"SequenceFlow\"},\"childShapes\":[],\"outgoing\":[{\"resourceId\":\"audit4\"}],\"bounds\":{\"lowerRight\":{\"x\":629.78125,\"y\":370},\"upperLeft\":{\"x\":594.8671875,\"y\":370}},\"dockers\":[{\"x\":20,\"y\":20},{\"x\":50,\"y\":40}],\"target\":{\"resourceId\":\"audit4\"}},{\"resourceId\":\"sid-5FED02D6-C388-48C6-870E-097DB2131EA0\",\"properties\":{\"overrideid\":\"sid-5FED02D6-C388-48C6-870E-097DB2131EA0\",\"name\":\"\",\"documentation\":\"\",\"sequencefloworder\":\"\"},\"stencil\":{\"id\":\"ExclusiveGateway\"},\"childShapes\":[],\"outgoing\":[{\"resourceId\":\"sid-8448EF4A-B62E-4899-ABC2-0E2DB2AE6838\"},{\"resourceId\":\"sid-44AFB9C1-4057-4C48-B1F2-1EC897A52CB7\"}],\"bounds\":{\"lowerRight\":{\"x\":280,\"y\":85},\"upperLeft\":{\"x\":240,\"y\":45}},\"dockers\":[]},{\"resourceId\":\"sid-163DBC60-DBC9-438B-971A-67738FB7715A\",\"properties\":{\"overrideid\":\"sid-163DBC60-DBC9-438B-971A-67738FB7715A\",\"name\":\"\",\"documentation\":\"\",\"conditionsequenceflow\":\"\",\"executionlisteners\":\"\",\"defaultflow\":\"false\"},\"stencil\":{\"id\":\"SequenceFlow\"},\"childShapes\":[],\"outgoing\":[{\"resourceId\":\"sid-5FED02D6-C388-48C6-870E-097DB2131EA0\"}],\"bounds\":{\"lowerRight\":{\"x\":260,\"y\":134.3828125},\"upperLeft\":{\"x\":260,\"y\":84.5625}},\"dockers\":[{\"x\":51,\"y\":29},{\"x\":20,\"y\":20}],\"target\":{\"resourceId\":\"sid-5FED02D6-C388-48C6-870E-097DB2131EA0\"}},{\"resourceId\":\"sid-8448EF4A-B62E-4899-ABC2-0E2DB2AE6838\",\"properties\":{\"overrideid\":\"sid-8448EF4A-B62E-4899-ABC2-0E2DB2AE6838\",\"name\":\"重新申请\",\"documentation\":\"\",\"conditionsequenceflow\":\"${pass==1}\",\"executionlisteners\":\"\",\"defaultflow\":\"false\"},\"stencil\":{\"id\":\"SequenceFlow\"},\"childShapes\":[],\"outgoing\":[{\"resourceId\":\"audit\"}],\"bounds\":{\"lowerRight\":{\"x\":239.7734375,\"y\":230.81640625},\"upperLeft\":{\"x\":153,\"y\":65}},\"dockers\":[{\"x\":20,\"y\":20},{\"x\":153,\"y\":65},{\"x\":48,\"y\":28.5}],\"target\":{\"resourceId\":\"audit\"}},{\"resourceId\":\"sid-A7589084-4623-4FEA-A774-00A70DDC1D20\",\"properties\":{\"overrideid\":\"sid-A7589084-4623-4FEA-A774-00A70DDC1D20\",\"name\":\"是\",\"documentation\":\"\",\"conditionsequenceflow\":\"${pass==1}\",\"executionlisteners\":\"\",\"defaultflow\":\"false\"},\"stencil\":{\"id\":\"SequenceFlow\"},\"childShapes\":[],\"outgoing\":[{\"resourceId\":\"audit3\"}],\"bounds\":{\"lowerRight\":{\"x\":419.78125,\"y\":370},\"upperLeft\":{\"x\":384.8671875,\"y\":370}},\"dockers\":[{\"x\":20,\"y\":20},{\"x\":50,\"y\":40}],\"target\":{\"resourceId\":\"audit3\"}},{\"resourceId\":\"sid-FA618636-3708-4D0C-8514-29A4BB8BC926\",\"properties\":{\"overrideid\":\"sid-FA618636-3708-4D0C-8514-29A4BB8BC926\",\"name\":\"否\",\"documentation\":\"\",\"conditionsequenceflow\":\"${pass==0}\",\"executionlisteners\":\"\",\"defaultflow\":\"false\"},\"stencil\":{\"id\":\"SequenceFlow\"},\"childShapes\":[],\"outgoing\":[{\"resourceId\":\"modify\"}],\"bounds\":{\"lowerRight\":{\"x\":365,\"y\":349.6875},\"upperLeft\":{\"x\":311.859375,\"y\":164}},\"dockers\":[{\"x\":20,\"y\":20},{\"x\":365,\"y\":164},{\"x\":51,\"y\":29}],\"target\":{\"resourceId\":\"modify\"}},{\"resourceId\":\"sid-1525BFF4-3E9D-4D8A-BF80-1F63AFE16289\",\"properties\":{\"overrideid\":\"sid-1525BFF4-3E9D-4D8A-BF80-1F63AFE16289\",\"name\":\"否\",\"documentation\":\"\",\"conditionsequenceflow\":\"${pass==0}\",\"executionlisteners\":\"\",\"defaultflow\":\"false\"},\"stencil\":{\"id\":\"SequenceFlow\"},\"childShapes\":[],\"outgoing\":[{\"resourceId\":\"modify\"}],\"bounds\":{\"lowerRight\":{\"x\":575,\"y\":349.6875},\"upperLeft\":{\"x\":311.44921875,\"y\":164}},\"dockers\":[{\"x\":20,\"y\":20},{\"x\":575,\"y\":164},{\"x\":51,\"y\":29}],\"target\":{\"resourceId\":\"modify\"}},{\"resourceId\":\"sid-35CC8C6C-1067-4398-991C-CCF955115965\",\"properties\":{\"overrideid\":\"sid-35CC8C6C-1067-4398-991C-CCF955115965\",\"name\":\"否\",\"documentation\":\"\",\"conditionsequenceflow\":\"${pass==0}\",\"executionlisteners\":\"\",\"defaultflow\":\"false\"},\"stencil\":{\"id\":\"SequenceFlow\"},\"childShapes\":[],\"outgoing\":[{\"resourceId\":\"modify\"}],\"bounds\":{\"lowerRight\":{\"x\":785,\"y\":349.6875},\"upperLeft\":{\"x\":311.244140625,\"y\":164}},\"dockers\":[{\"x\":20,\"y\":20},{\"x\":785,\"y\":164},{\"x\":51,\"y\":29}],\"target\":{\"resourceId\":\"modify\"}},{\"resourceId\":\"sid-BDB0AAB2-7E50-4D35-80EE-CE0BECDD9F57\",\"properties\":{\"overrideid\":\"sid-BDB0AAB2-7E50-4D35-80EE-CE0BECDD9F57\",\"name\":\"\",\"documentation\":\"\",\"conditionsequenceflow\":\"\",\"executionlisteners\":\"\",\"defaultflow\":\"false\"},\"stencil\":{\"id\":\"SequenceFlow\"},\"childShapes\":[],\"outgoing\":[{\"resourceId\":\"end\"}],\"bounds\":{\"lowerRight\":{\"x\":974.078125,\"y\":370},\"upperLeft\":{\"x\":940.5,\"y\":370}},\"dockers\":[{\"x\":50,\"y\":40},{\"x\":14,\"y\":14}],\"target\":{\"resourceId\":\"end\"}},{\"resourceId\":\"sid-44AFB9C1-4057-4C48-B1F2-1EC897A52CB7\",\"properties\":{\"overrideid\":\"sid-44AFB9C1-4057-4C48-B1F2-1EC897A52CB7\",\"name\":\"销毁\",\"documentation\":\"\",\"conditionsequenceflow\":\"${pass==0}\",\"executionlisteners\":\"\",\"defaultflow\":\"false\"},\"stencil\":{\"id\":\"SequenceFlow\"},\"childShapes\":[],\"outgoing\":[{\"resourceId\":\"end\"}],\"bounds\":{\"lowerRight\":{\"x\":989,\"y\":355.89453125},\"upperLeft\":{\"x\":280.2216796875,\"y\":65}},\"dockers\":[{\"x\":20,\"y\":20},{\"x\":989,\"y\":65},{\"x\":14,\"y\":14}],\"target\":{\"resourceId\":\"end\"}},{\"resourceId\":\"sid-53258502-43EE-4DE8-B1A4-DBD11922B8AF\",\"properties\":{\"overrideid\":\"sid-53258502-43EE-4DE8-B1A4-DBD11922B8AF\",\"name\":\"否\",\"documentation\":\"\",\"conditionsequenceflow\":\"${pass==0}\",\"executionlisteners\":\"\",\"defaultflow\":\"false\"},\"stencil\":{\"id\":\"SequenceFlow\"},\"childShapes\":[],\"outgoing\":[{\"resourceId\":\"modify\"}],\"bounds\":{\"lowerRight\":{\"x\":260,\"y\":239.5},\"upperLeft\":{\"x\":260,\"y\":193.5}},\"dockers\":[{\"x\":20,\"y\":20},{\"x\":51,\"y\":29}],\"target\":{\"resourceId\":\"modify\"}},{\"resourceId\":\"sid-72258A41-203E-428C-B71D-CA3506252D73\",\"properties\":{\"overrideid\":\"sid-72258A41-203E-428C-B71D-CA3506252D73\",\"name\":\"是\",\"documentation\":\"\",\"conditionsequenceflow\":\"${pass==1}\",\"executionlisteners\":\"\",\"defaultflow\":\"false\"},\"stencil\":{\"id\":\"SequenceFlow\"},\"childShapes\":[],\"outgoing\":[{\"resourceId\":\"audit2\"}],\"bounds\":{\"lowerRight\":{\"x\":260,\"y\":329.46875},\"upperLeft\":{\"x\":260,\"y\":279.90625}},\"dockers\":[{\"x\":20,\"y\":20},{\"x\":50,\"y\":40}],\"target\":{\"resourceId\":\"audit2\"}}],\"bounds\":{\"lowerRight\":{\"x\":1200,\"y\":1050},\"upperLeft\":{\"x\":0,\"y\":0}},\"stencilset\":{\"url\":\"stencilsets/bpmn2.0/bpmn2.0.json\",\"namespace\":\"http://b3mn.org/stencilset/bpmn2.0#\"},\"ssextensions\":[]}',NULL),('9c24fc016b3a42eabe0bf51c4bacd898',1,'test_audit.png','6d1fffc40c584116b242b2b282c5d836','PNG\r\n\Z\n\0\0\0\rIHDR\0\0\\0\0|\0\0\0=ӳ\\0\0S\IDATx\\\|TSh˲l\eծZ14X\K]RVV\"\Z/\"\Z1c\nĀD.I\c1fE\\c\>\9\03I2I\L^\\\\\\\\\2\>s>sΜ1\0\0\0\0\0\0\0\0\0\0\0\0\0\0\0\0\0\0\0\0\0\0\0\/\0\0\0\0\0+,e\0\0\0\0\0 ެ/\J\%\0\0\0\0smɖ-ܟ\t\0\0\0\0\y\vk\0\0\0\0V$\T\\n\0\0\0\0\0l[k\\\r\0\0\0\0@\mvz\0\0\0\0\0m=\\0\0\0\0\κ=\0\0\0\0\0Q~\0\0\0\0\0fvgK7\0\0\0\0\=\\̺\\\q 5\0\0\0\0@o\x4\\\R\߶6݁nG\\r\0\0\0\0\Ͷ\jUMgm\D\N7\0\0\0\0\\k[jM\gz\\r\0\0\0\0\6\vBMͶo\\\\\0\0\0\0\֦;\f\?3\\\r\0\0\0\0\f\nG;m\\\0\0\0\0t\f\vG\0\0\0\0\0a[5\i}n\\r\0\0\0\0],ά\\\6kլ)M\\^v#ݲ]e]\I\((*ʪάjr\z\poh\E;p\\\ZUd\ƙuY}xyڤ-\m\@\\\r\0\0h$}\ ý2[\:h76\\Al5ڋͺC3N\w\\tn\0\0\0t\'\Jցgr+\\ood\`(\/G)\\(\\0\0\0\d\w\\\\\n\lg|\\D6ݭ5\vk\\\\\0\0@\\\w\yjy>\jmskͶ\Φ\ޭ}\0\0\0\04\zK#9@|g\\O@[\\l\tۏG\r\0\0\0\\\\'RCH\yB&h{F\\\8|g\0\0\0hN$^l\\h\o=\\<\6Z?\0\0\0&G/\+8\\l#|w/fyO}ޮ\r\0\0\0t[YgƉYsx¦\\(\0\0\0hNgxp\"\!9Vt4ݝݼ\0\0\0\L֛syp\"\48:y8\\n\\F\0\0\0GV^\ˀI>a\t\0\0\0>\'\%+\\n\\0\0\0\0`\\&z\D\\\0\0\0C`f:\?\\0\0\0\\0Cm\f7r\0\0\0~0tr\M\r\0\0\0\Nnh\0\0\0!0йY\0\0\0\\0C\'ʲ\U/^\n\0\0\0~0t8\\[\0\0\0!0Щ2$\0\0\07\8u\.\0\0\0\\i\\|\0\0\0\\o\]\xy\0\0\0\0!0\>\m\"^\0\0\0~0\|\0\0\0\\J\\\0\0\0!0\0\0\0X\\+\0\0\0ulƼ\0\0\0:6``^\0\0\0c\\0\0\0:6\0c^\0\0\0`00\0\0\0\0ֱ\0\n\0\0\0``1\0\0\0\0\rW\0\0\0\0\\`y\0\0\0\r0W\0\0\0\0X\\+\0\0\0ul0\0\0\0X\`\+\0\0\0\0c\\0\0\0:6``^\0\0\0c0\\0\0\0\0ֱ\0\n\0\0\0`00\0\0\0\0ֱ\n\0\0\0\0\\`y\0\0\0\rW\0\0\0\0\\\0y\0\0\0\r0W\0\0\0\0\\`y\0\0\0\rW\0\0\0\0\\\0y\0\0\0ul0\0\0\0X\\+\0\0\0ulƼ\0\0\0:6``^\0\0\0c\\0\0\0:6\0c^\0\0\0`00\0\0\0\0ֱ\0\n\0\0\0``1\0\0\0\0\rW\0\0\0\0\\`y\0\0\0\r0W\0\0\0\0X\,RSRRfN8qolllC\޽:PP={\\l\Ϳ#\0\0\0\\0\-[v\ȑ#\cbbԜ9U~~jh\\:\,**Tϩ6\\\_L\\0\0\0@?XJM}e}~TR\\\j4\&*H\\\SO=&\\0\0\0!0پ\TQ\v	\nq}Üc\0\0\0\\0˖-Glm3?W-]\Z3&A\Zuk\\r#Uf\Q\SN\`r\0\0\0\RG>)\y\7^bR5\ԭ\5v̍*>Z5t\jn:\ޫW<b\0\0\0!0\"\\J\11?R.W\5zU¨x\h\p\H~\\aWMwl\Ω\>Ss\\=\0\0\0\&NwΜ\'\F\\f5bxza|VJy1Ioپj\P}v{;c5mڽ;\YH\0\0\0@?XҐc6z\r\\\\'Tm\\\\\T>sC?S\'o\\ջ\\0g\N\0\0\0!0\"X\޽UC\\fW߬*.ڢvoUw\\;vlW=\\P/\q=\0\0\0\\R_6+\\j֬j\o&BU\]v\P\\o5\\\_\Tǋ\0\0\0\\0Ϋ\Z?W\ֽbc?TNϫJKՐ\/UNU\r\r5=\b\0\0\0!0\S\}wL!]\r\Zj\{eU\\*\?\W\W^24{W^\\Wo\\>6\0\0\0\\r1n٤k[켼\\͌t\hXDxJz\Y̼\P]{\\5^AuX\0\0~h\\c~D.\ź-P\\'\S;I\\Q3gV=ģf~7~:^,\\0\0\0@?XT4\_8%\r\\ݬ\H{U7\\|?;;\	ܳsu\-M\	js\\V\Չł\r\0\0\0C`EE\}ԩ{G~y8\Pˮ\*.nzkwi\^AuX\0\0~h?*\7S_~J|\i0\:5bj\\+TܕC\PѾ\\\\\QǎEO\{{\ł\r\0\0\0C`EE\}\nb\0\0\0!0\\nb\0\0\0!0\>LY`\0\0\0`Q\p\nb\0\0\0!0\>DY`\0\0\0`Q\p¬X\0\0~hPaVmwO\@<\0\0@?XX7\¬Zw\hm]\\\0\0\0C`w\]\亅g\\\u\\W/+)\6\_ffs:\'\u}z[۔\\z\K\Ϛ5\c͟?K>th\uUU[G7{\\\fUV\\kj\n\r3\8\\Zii\0\0@?X7ܟ\\reYY+.\5y̆H\;rsr\ٳJN\\\\n\ݧ\\l6\o3\<CO[]U?\`n\\Z?j[iv+\z>ϕ+_pN\߿C\WkiyL\\gϞ}_\r~ʔtþ/\\^\/\'zѣ\\Ͼ\\G\\\\sE͘1\l\շ\\[g\\u\\(\0\0\0~m-LL|L\oٲ.\m.\*6\\_\Ç\\yy\*}^[ΟrJo\|o6\w\\J}cX[ԡC˗,KF\`\euuoA\Z\yH.55\\\[\YXmذ\\y\\egRUnn~\r^\?\\w\9?PÆ]|\/zm[i\0\0@?X\4\iVeeԞ=٪cݡD\x\\?kS999\\N5\\nu\\';\\lb\6\O\\\R@<O-\\\\w7\x\F\.W*/߬/KM}N?VEşu\җ-R_y\\ \^*\\T\|(\q\瓛z]\\2\c\}yN׆F((wՙǬl1+ެ^\C`IýY-Y2O]tѿ-[֨իn=A}^nSX\\I\K^/e\-\\-\\=\c\^\&%=gP\\O\˦N`}W^=}cc&\\]]Wx\\m\:=}vf\\z+m=[oˏ-Sk֤\U|}\O~2H}oy.\\\nߗL\'\\\P\\2\lW{=\\\X\5\sw5Ƭ\\\5\YIfc\#i##~j?iVr]wRNK[B{^\\\.0\j_W_]\\~d.+\v\\Ի\\\\_\<4\ٖU\U^\+ӧηLo\Z\~?8zt}\\|mm\\iWNҧ\\\\&\7^O.[I\h74|O\\\\X윗\rj\f\\g>\Z7AVt\a;G\f}a\L^#~nY\۝\ӧ\\u]f\\~o\'u\}qv#+rWWv\\\\\_\/^,(V\\̦bUS\nV*ý\ld?V))\\\oذT7&ݦ\n\Jy\\nש.P7\\&<\j\6{}Ǝ^\zk\,o\#Tv\n\h\zM\n_\\GYY~_\0\ww-\raYڝrý,9x?\\0̆Y\'P\[JK7\5fC[m6\\Ʈ\\r\kk\\\Z?\\l\\j\\\v7\ǟKr򓺡ݷon\\\\y\.\if\l\?>\\8v\y^r>`Z\Hg[\\\\\Oy\\~wB\V_`3\\\nu\efϞ/\\\\^\[o\p&ߟ˲Vr\0O+G\\Ix?\\0Ćcu\H]\\r\rÇK\M7\\2e\<ڞ{n}Z*--\:\z}CWz\,ZC%#\\\\\Æ\lSUFFJM}F?}܇w^\u?\µ	4\V]r?\&8\l\M\\\}\\[x{\kc\=c6\{\u\P7o{\Vjժ\QCS^1}\?Vrd\keK#\0\G\0`\pW{UN\\nݼ\\t\lv\fڴ\M\Z?\\\\>\j8_w||II>\r}h\;Kojr)(x\\6<<\\\u}|w&O\\\\;\\c?0\m\\\\\ת[o\\ۗWTdB7z1&}jp\\Z9C`E\\\QDUSӇ2MK{\q\'IbqtH29x?\\0\n\q\'G#\T\S\!f\N;\"萭\\,\Z\J*\*J\\\{W>\0\7C`ET\f\n\i#\0\Q./@?X\4\TU;9:\)@sT\\\0~\1\rTU;-\:)\09\@?t\n\q\ G\09\Н\Z\0+\Zn\0\ G\0y,*\Z\2*̊\09\@^\0{/fE\\r\ /`EEý\n\@\0r0\\MY\p G\09\`\\O\lvQaR_}UϜ5.\ /`E|(?\\RaR\\?9kv\'\0\ G\0y,]u\e\\̙JF5v\Ui\I$O\0\@\0X0\˵f7<\=zT&< G\09\`&%=H5f\UK\YK\0#\\0\\3O/*ZA\ۅt9/u1y@\0r0G9\w\k{\Qc·1\	\09\@^\0¦l޼>\;ݡζn\l\@\0t\6g\\\~LeM/lh(1\\\\䧿\h\\\\;\\'\0\ G\0y{Ԭ9fm5z\)\m\8\ /`!eY/y\\0r0\9d+˚W	\	 G\0\@^\0C\\4﮽<\\09\`\!\\v\e!O\09@\0:&\h~P2\\\w\@\0#vuۮq<\	 G\0\@^\0Cdz<\\09\`^K[.7y\\0r0\NY4\<\\09\``^1\0#\00<\@\00W`\\09\``^1\0#\00<\@\00W`\\09\``^1\0#\00<\@\00W`\ G\0\``^1\0#\00<\@\00W`\ G\0\``^1\0#\00<\@\00W`\ G\0\``^1\0r\00<\@\00W`\ G\0\N,k@T;yXy#\\\\4\cxXy#\^v\vYxXy#\ސ\Z\q<,<\@\0\r\wٺ\\\0\#\ /@.7\\fa\0\@\0rd\Zl\fa\0\@\0r\\y4\	,<\@\0t\l\fa\0\@\0r\ra0\0 G\09\\"g)\;%%e\ĉ\\\6\\;\\pQ-TϞ=;?>|F\HF\@\0#tc˖-g\ȑ111jΜ\*??O54|e\\QAnEE*195p\\\5_\Yy#\0\ /\Lj\+\맒^P.W\46QX\ɋT>}:\Soba\0\@\0#tf.PEE\\\[\Uyy\۷\?\\,G\09@\0ҽ,[ٲ]T\l\n]^t\Kj̘5j\\\Q7ďTɋMG\\SN9\\^\y#\0\ /\h\(\{\\kꓒ7O~\U+/U>J\z\X]c\ܨ\\UC^\8^z\0\0 G\0\@^TJ\11?R.W\6zU¨x\h\p\H~\\aWMwl\\\\\Ԝq,<\\0r(4qℽs\<i6_7\\\櫬2TʋIz\U#\\\\\\Qmi\\\i΂D`\\09\KҐc6\r\\\\'Tm\\\\\T>sC?S\'o\\ջ\\0gN`\\09\K\ݻjh\l\0\\cR\E[Ԏ\j]rzǎ\\\{\%9\\\d%XR\ G\0\@^\R\\f\r]͚5SM\$URR\\ۣk׮j\}f<x\\ޖj{uě%GeO!v,r䥛4\u^\\Z\5SUQzp}^UZZ\\~z}ujh\W7HO-[?\f\r#\0\ /ݤ\S\}wL!]\r\Zj\{eU\\*\?\W\W^24{W^\\Wo\\>Wķ\n\r\\0rhk9u\&[\\d\\mVof\F{\%\\ŋT\Ϫg\=\\kFo\\Ih\;\,rQf\g\ZͪpYi\Lk(n\\c~D.\ź-P\\'\S;I\\Q3gV=ģf~7~\^Q\\f-\,rQqf\ZM+f\f\ N1V#dMoք\lpJ\Zn	\oYn~v5w\\g\\[1\朷o(Fp[\\0\ G\0\4/\DgUn5ӽ4\[ͺ \Z\N\ݻM=\\\\\Zv%WqqCԯ\'\[KK\\eo(\\b-\f\r#\0\ܼ7\\\EW\\>\~ek\}\UoS\\*a\uj\+\СW+f}\\\\ߣ\T\+\P:{8\\0rDh^d%^\Iwu\>BuQE\JkH\ /!2\jc:~c-\f\\Eo(}qt#\0\HS,ǝԺA\p\"\r\g\3\N\o0|oǁ\X\@\0D@^\H\3Oc\wFv\7*\P|DK\\tM7+8\09\0΋wk\!*B\P\} n\fۮ\nVp\0r#\0a\K[\\\ \Eo(`\sKM\SL\wY\@\0Y^\\n\cV`~\0m\r\ֱ\N\t\mٽ\@\EW8ďh\\+k\kJ\#3ss:\'\'M\6\\\={6^\yޮ}vO>M\c]f\\ggVgyF甔yڅ\hO\\Z\l\l\f G\09\\yYk\m!~Li°\+\U\lj={\\9f3\\\?1q\4\\8\ZަV:\e\\U10\}Z.-\eZ\'םrJ\\\С=zY\g\\^4\U]\\;V\\~+*TMM\\[&O3}qqplҤ_\8qq?է6lX\;\ܠ_\.n[\v[\@Mwv6\6\\\n@\0r \"w_\ǌ1\\0n=jn?mw\\g̘ޫ\8K\\#}^\Zri\\ZƎAMf\z\z?\\WJ\_\ǲo3q\mzZ\\\ii׫k\\{\y\x\\ȑ԰aC\\\~ކ\Z\\\X\^fs\]nk{\m^0\i[j:\lw\ /ά\Cx\r\p{nՌs7\5\\Ym6s\ij6\\F;Ʃ\ҍi32m]]JOOQ.|Z_.\\_\\\]x\Ul\<\\\שIn7\j\yz4\erii\\m\\e,\l\O\\^\<gyrZ\\z.n\\隚m\o\\f\r\\\\eMwGmߦ\t#\TEb)vܶ*_7\!\k\C_/\=MJzB\]WJN/:\\Y\\\=\u\\\_\4\YY\?{\\\'\\[\o}ڲe~W\С]\s\\X\?-R[[\\\ٯ\\h\k\\L\n\[\;\"ɺ>,cY\@\0Zl\\@\4\[,\#߾R]~Ŏv\;\I.+\\4gu:\\&Xn#_r\`UPG\~Z\\\[WzA_o\v\8۶S\'W\\R8˗\'\i]=7\\2\\**r\\\\2D\Ǐ&#\e#F\\\\\\lݾ\QA}\h\\iiw[~;p#\¼\֛)\x\I\U\\i6K}^@UW8]\L/\/\\+ԁ;Tzzn\kj\\;\popn\\s\ctC\\\&M\le\3Nf߾m}TU*//\j9m\\\Wzݷ?\o\ii\\u;\ذ\:\\|=M7\\f G\09\\y\(\Ǜ\"\\l/読-T˗?c\f;_{\\zws3ON~J9\lj\r\"}Yccutr\o}\\rw\\K\\\\яaq^\lZkj\n\\å\몪\q\\\6\Ч=K͘1]c7ܭ\r\&[\tsrVp\0r#\0a~孖>\rwM\e\\jZMjJIqڹ\\p~\0e*#\%\\ܾN\Cfe\7\\.\G֮໛=/\ǵ/w\[[X\ߦ\\.\m\=\\\t\\;ۭNw C~\@X\eY\Pt\\3H\\J\\Pa6Ku\tpڙ\\\.:_R>\r,\75}\LSPf6\\\\\}P%&>b6\睊SSM6Q*,\\N;\u\\^\f8ߪk\\T\QWu\\\\~.a\\[\j<\\\\D\XimskͶ\Φ\ޭ}\SVp\0r#\0ᑗ\\#t[ä!\\Z3H\WSSUD\\z|C	\vMx4۬\\0\ G\0\(/^nf+\;!r.}C-ݾw\i;\\>\wY\@\0i^jV#wr\]EuQE\Oy6\miVn\O#ĘuЬtZ?(gRR]T\{4\\\\vo#\%D\\Ŝf^\wB\ *.(xC\\\\:X\@\0q^&Y\qgm\ԺGa)\E%o(\twvVp\0r#l\-g\|\Z}\j\b)UAuQE\JGwg7r\\09@\K\v\\ַ\"\}A\4zꢊ7U\\0rDQ^n\Zo\-|\	\:ݺt9 ѬjўdD\\\[h˩.(|C	vpv#g\r#\0\Ҽ0\\Z\w\\fe\]\cy)\Eo(mmUg}\\\09@\0\rw\E\I\f6@\0#Dyýꢊ\\\n\,r䥻4\{.n\\f6@\0#t\'|\w\r\r\f\nq}U\>s0\$m\\09@\0\m\CK\p\Z\YkaO\\0r\᪫.[7g\T,B\\c\^fvG\09@\0mA\\|\r\	m}ңG\nsı0\0 G\0\@^T?,MJz&85f\UK͗>G\09@\0\y\iEE+hCPKכA.fa\0\@\0#Ds\9\4\\'\\ѣG\=\\y#\0\ /ݷ\>\\7\\Nw\g\ڍ\} G\0\@^A={~/\\O=<e\-7mz`CC!\rs;ꫯ\[\h\\\\;\0\0 G\0\@^K͚c\V\ZIW.\;\\_q)\# G\0yy\ /\0Xy#\\00\0r\\0\\0r#\0`a\0\@\0r\0,<\\0r\0,G\0\@\0G\09\@^\00\0 G\0\@^\00` G\09\\0`\ G\0y\\0\# G\0yy\ /\0Xy#\\00\0r#\0\\0\\0r#\0`a\0\@\0r\0,<\@\0\0,G\0\@\0G\09\@^\00\0 G\09@^\00`\\09\\0`\ G\0y\\0\#\\0yy#\0\ /\0X0x	\0r#\0`a\0\@\0r\0`a<\\0r\0,G\0\@\0G\09\@^\00\0 G\0\@^\0[j\'/l G\0y!fZi\2\\0r\0\n\.2/l G\0y!-4\\xyX`\\09\]n\6[Y`\\09\]n\ G\0\@^\0tL\,r\@hx9X`\\09\\c\,r\@\'\Z\6@\0#\0\*z̜8q\\\\؆޽{-*\ٳ\w\gÇ\h\Q\#rD\9\"/@7lٲ{FY\̙TC\W\;%cQQJL|N\r8{͗bVp\E\9\"G\#D\\W\\\O%%\\Fsa\DJN^\թz+8\\"G\#rD\yx|\\B\[*DU^^\{~\"G9\"G\#rD\Э,[hpy\ҥ/1cԨQ׫믿F\?R%/Jj6\*/߫N9\/\ߝO#rD\9\"G\#tr #OJz\<WXT(u\-cusV\rzZ\\PT?\իW+8\\"G\#rD\yDJ\11?R.WhQz|\\r#\ϮSÇ]i.cMOu\>\O\Y\\n9\9\"G\#rD^(0qℽs\<i.nV#ǩ\WYoe\'W/\.ח~oGMw9KY!G9\"G\#rD\bc4\\\fu\\~nyGeiZjZF}\\շ\~\vT\\wsd\'+8\\"G\#rD\y@\޽UC\\悡Y=6\!U\\E\(ުv\*\%w\خ{\!\_2\Y\bQ\#rD\9\"/@\(erf͚f*))T\\\ѵk\5\V3O}\~oK|\9\"G\#rD\yY\]\Uu\^S?U\U\\U\j\嗪\WϚݞjC(rD\9\"G\ \p\6aCcUMuzl\ݼQeGJ\K\B;M\t啗\\o\\n9\9\"G\#rD^Z0sj\M7eaY\+/Q//^^xV=3\i}\/-T\^3Bm|{\}P\/Vp\E\9\"G\#DՂ\N=6\w\0^XגU\\y\\>#j\ߪ\'x\\\(g\ͼ\\>+8\\"G\#rD\yjS`\i\,?G͝z\ٹz\,\1\朷T\'+8\\"G\#rD\yj|ԩ{G~y8\]U\\\\	\\z\\bQ\#rD\9\\"Y\snv\Z\0]0\UoS\\*a\uj\+\СW+\\G;=\\+8\\"G\#rD\Qb;{\&\\n9\9\9\"G\e\lՋ	z&\\n9\9\9\"G\\ri\G\k|\n╀\K G9\"G\#rD\r\wٺ\ro7*L*JWp\\¬$\\rD#rD\9\"G\(l.7\\ڿ`>DIE\\nN\JlQ,\nڌ_rD\9\"G䈊e\Zl\:k|\n\0[\p\\#rD\9)Gq\rw~Ղ\0&E+8	\\\\'##rD\9\"Ga\.7[-JIE\\nN[W^i\\#rD\9\"=G̺ϬfUUo\rf}bw3iM\\Z*L*\nVp\\R\\\"G\\"G\\%?k5֪o\Z)M\O0_i\]]\0~\9\"G\#*\rcVvM\j\T@\TT\ttwHߝK\9\"G\QHͳ\j\'uY}i5Ⱥ\n\%\\>bk7x*L*BWpZ; M\#rD(rD(r\\w\t\\\\\}{2\w\n\>knY`#rD\9\"GT$\hO\\ifܮܧ\fK7\|IK߶m>}\\\奩#ɓCMtWmܸ\\ee-S-=\\7mڝm~^W\'\;7\55\\@׆\r\s߷o\%%TYY>-?jVr\͞\\9\\\*~}#h\`\{f\i\r\\\"5\\:E\91w#\_\\}\\湆\\h\0JK\\A\Qze_N\{\\3\<C-\\3\<o߿?kӧTK-\\t\\rm~nP]}ul\Hc \TW\\n6,\\^~o\\'ޢlF\?\\;~rs_\Ӗ\\/X^.\\X.\B}}\\/\\s\Oe\d\vC\9\na_\QQ#\ƸmϦܧp|\\\j;Vt\;\\̗\={w7\n?,=}R\\\i\b6\n[\\"\MM\>\:\\\\\#G\V\\KJ2u3Q\\.\\\{\W\\\׿\L\r}\e2<Çw\\g\i5kUL\\0\6r\\m\ߦ\\\:#p\ưx\NԖϕ&z\\Iߡ#G\(GTh#*\r4\\ŝ|޻k9p|qUW\Z0\\ZN9z{Un\:L&ݪO{n\\{\\^FJM2\\\YN\ӟv\)fðPUW=vS{7Si6ZzN\ر\9\eiyfz\i\zk\}>R#GJi+*6\\jk\\\\hF\\w\u\ѧ+\}ܻ\\sh@+VVZZ\7}\#\;t\\\n]#rDE]<n\'\x\`+7\o\\\b\Օ\7\\oSa\\ZU^Qw\\-s\yyY\\@g\[֖ș\\\'%ӧ9a\\*&\_)j\\\Kٳp+.^o/[\<\\wl64VY\=--ɹy}bc]M6\l2\\4\Ygi6;m\ױ#D\XIb\\JN[Wn|WrbwV\\\n]#rDEUǷ>\'\\'\bh\0`M:\tðj\szW҇\_{Zwp>o_\$\\46V@-}Vnj\\e\e\&\2ْ8b\\^\ee-ѻ\N_jҤ[t\\fd\y:T\ܷ@n#MI\\\\\\\7\ȑ\\X\[_B`G\qmM[W2Z[\	v\\?\-m}\9\"G!\u\#*rt\tY\'xZ^0WXlS+Ե\ƪoZ;yTSLΗӷ\\lkeRoɒ\\W[\\\\rzGZ|~2\3]v\	^mܸT\ԾꫯpNoذؙn=\\\\[UV9\;1!\\ܦ~\~}\\\\\\T\q23SZ_B`+OFݍ.\JNv\n\\JN[_+rD\Qr\9m{\Ɇ\\\t2\\Cɓow> :A\R\\\nѷ|<ɩ\(/[_\r}\\8U]Yh\\!\y^2PS\\'[}m~7\i\\\ٳ>טEw\2\孜\\YO\\tɃ3}̾\Y\	\ e9\\%\\y\\\\SO=S-[^WӦZ=\Z\q\ȳ	t\6@4\XMM+\yY\-t7\tm~i\n.\;z\\\`h\^z\\{ll\\_9竪6y4\Gv;\w?V=\uX\\'\\z\n\+\n?l\e\B6C_\~>\\\\\On\r\\lY/\yyZwт\\\\ii%+7}>\'\"G\ GR2f}̦yuԧ\G̙^\"\o/{V?\n!{\c\\\̀\=T}d:vԹ\\)V\\/\LH/)S~\d\^V\ʿ_&ݬ\^\'qq\\R6d}\\\9\9f\nK\\Q\\s>Og\1\>Ƈ\>\=\\'L\\Z7\ͯ1j7\\5\y^\Ϟ[Aɋ}ʰ\\!]\Ӳ\r\'WoW^6\\\m{_\0\Q\\\\3\\>\􂹲MU]\\m\B텤45U8ӺWr\m\o\\)\\6~\\q7lH\|\\\\.\ᬳ?\#E\^ey.\\\nGnt\\\\}\\칤=Zu\\N\\\\\i^&%=oh\km\\&S`ic<c6U\]`d4>ӑߕ0z\9\"G!ȑ=d{\oY	\2`d\YƗ)1zsz\\\trB{\\͛\5dѾ>?Os\criY\_y\X[\%km%ss\\\P\\~^ع\8\jtrܨ,\Q6g\/̖26导\'\uG9/cGz5\vfKJ\\%KV^#=N,x\:F\.\$W9\CƬ>j٢!\m\]\[\r\\\:\r{sb\ط\\\&c\+}O\\X\rZ^0\b\\\\S\;m\22\9/+\n\n}^VOS7%We\Ç镆\´\As|\\z\\SO\\l\ҵ\\'oP۶\[\,x\\={\t\X<Rsee\w\\^\ۗK54\\rD>L5wO\Z\Նf+㫇-	U\\n9\"G\\\\H\рdԿd\=F\\4Şq\\Z5j\\qz>܏d\7\\\9\r\!?T_O\_yC6<\Zˬg<p\'\-𞙐9R˽5o>-9\e\Z|f/+\\\ݤ\~\R\0\\yE^\c\J=w\1F?45\lȴQϲ\\-\kf\\62v\\RS\\Ǫ\\\Iv\\&\\ͼ}{~\GN{~\\R\lL\7\/~\y<}\\~< \]Z.$t5]kG\\.j8oQ}\9\"G\'8Guu;ߍ\\Z\Z}r\\͕\x\\x\>\\\n\ݫ|777\j+Z\ntsؿkGi\\2-v+cef:/_>\l8\ZV\\Ho4\k<K\a?W9\\\oK\c?vi\\Z\\.Lx?jӼ\h\g\\\\\\\\\II\\d,\'\'?f}i]\)z7u{z{\ldڳj=sp\\L\m\Ca\.z\\󹺛\\˔\\\z^3\y~?c7Х\rTT-}߬}W&\\tw\V_rDB\֑̅_RV=c\P?|>\>\Kδgy\$_O\۷\i\i\Z(\\\\}\\\n\c뮛>\\^\=Zh\6[l\\\-\}ڕ\\\y\o6>\\w7\\\m\^k6?u\\ɷ\\\_\LW\\&L\4#o\\9\"GT]~9cMƿ.+{\K\\9眭\3NdO-s\ɳSG_i\ݲ7;e\\\֖\uVS߱g[;cyi\\fOz|\\ԸPˇ\0˗\\_SZ\I\q[z<C\R\ܯƕ\r\G|\چ<\\snGӯY9\ظ\:ҫ\.%\V*\\\Y\%K\EfbӑOԊ\ӕGm\\\1XgBN==\t\\\\bN<\<\\\2JԆ\r\UFF3\^nqg\Ӿ\\r\ܑ\̑ai\)\Νfm_Mr\,oc7ܕoY\-3><ǝ\\\־W\\\ͼ3\\\\[\\\\\'+\j֬\8%+\Gl5\Ƨܷ?r\=vH_\;(h\\*=˵\Yn\\\\\s~䯊_w>1,rWWo\\kL\\d\\\\'cW M\\{k8\'\\rX\\\In\e\\r\r\\\nW\ol۶\j\\[\|\`\\\[\7\\r\\\9c_\\w\\\sF\Ο?\\\\hy?\(\@\6\JJ\\&yZ`}\J\|s%~\\d-\\>\rHț\f.Svt3.\\i)Y`w9oY+\\M\лC\9-ׅ\	т-$\5m\wQbt\\_Ue5/;㡴4\t\;\˸\\*-\Y\"#Y\\[\\n\$&>?\O\e2)\\s-\o?ֹ#Gљzo7\֑G:-i%\\o\r6QuI\\]\q\Y?A\t7\rf~L{zόUTd\\\1(\m\Gl\\#sǲ*H\\;%t\'ߢO\\G͘q\r\\\\O\k\]e߱v\\"G\\?\1CL\z\[>ܲǅ\\w\ȑ-zN\\2;[r{C\u\lj78\pW?\\س\Θ</{QƱ\\Gl\߳\Iɠ\ڙSF\\rtm\]:|@76\rҟc}j^\+~GkLŃ~\\\~s\}D\\Ӻ\:Enh(QYY\6s\\g\\\\\Դ\'$\h\\Vnv\ػ\\9/[\\\m/ԧ\.,\\eHqn\^\u^+I;\'՗ٗK\`\FVd\Ai:oyx\Zʲl#Gѝ#x1{>\"\\sܸp_\?t\y}\~\Gnu\\é\oYqe?uw[$yq7ǧu7\e\\\޲eE\]ƶ\Ƿjɸs2\6w#ޏ\w{l\xC\ǹ^Ɨ\j2\SS\\fF(\_w\s]\3\L\\eek_\Hul1\\~;\ƨ\.\u\{r\\Z\L\'\\л\Z\\G\rY\\e?\\m\{\{CZ¬2\t\d[[\\f\y\b\wC\s!N7\vsr\}\mݠ\c:/!o\6a>^mYh\\M+9㍋;i7|Ĉ˼.v\̕_蕓ŋ\[g̘\\\f\-=\\GY\\ZsE\sf\\Yb=\\i9![4|Wi-p\9\\\n\ͳC(e2\/\_>a_\\ek\t6<Kna\Ǖi\~)w~\\d\q\\\_+u՗7{_\H 9i$(\rD\\.	8SFr\9?~ݨQ\c%_\\,\\^\Wƅ\{\\ik~c_\\,͂3\^qkN\|\+\\'r?ؙV\ri=s\"\\\+Dꩧ\q޿쪨x\y\\p\C\\(x?\\\'\1xY`\ۮDL6^/eoߟTj\z!w\Hk^\\z\z\ZC\f^IZ\q8]_\Z\y\hl,>}Aa?\\\\\Ȋl-,.^e,\\c?3eww;\\\\J\\ `DMrs_6W\\۪Usu;cƯ͕e`i\l\dliu7\2\%era?*/_\lWUw}YI\\Dڽ`OX\u55\\n\2+/9\\G\\\,G\<Ʒl\\샧]lߊ.56p̻CV.\Ns\sus!Wj\~\L\[\\\\u;\'\FkW\ndE\\n֧I\^Ӯ^=\\1xQ߿}{\\149W\-++mY1Z](jKsTWM{\rI\QUi6;\\\y\\\FX\5]m\&_7\\\z\x\\\<>LE\n˖ea;r\rD~D\9j|\輟+7n2\0\\]!zo#\x\p)x\j&޴vK\\o\"\\\\x\9=u\m\\\"}Z\}D\\\._\}o޼\"\<\\\\\rrCD\\n\J\F?\{\jD\\\\m}n\@p\\؋ԤIc81{\\&\o[߁]\wCNJ\/\_\s2\\\#t~\6w\Q#c\nl;\tK\`-\`.\rY56y4\ֵuցd^q𼼗nw\.UG<s\)\'\rɖfa\#ƚ+-m\i]\'8\\\I\\;Ͼ\455ϖ\\\\\!Z\\\'\Vp\tƖ8kX\\ȑw,\mۖY\\\\\\\4\,\^-jvV\V+W>\\\\\n\n\rALUWg6yo\=K\\Q\\9b\\vy\-[ۻ{\\s\6]`nhp\\j\\n{[nrr^\\q\f$#\9\'\l\n\ima8a\ϝ\\'GTx\:\`%W\"*Gv6\\穦}\`ذoqH\\{YVVRi\\z^h;;;C\Ν\1,uC&\\\42w\\\#r\&|n9-R\\\\\t\܇\#V@4ܲUK\{n\\\m\M\\\\\\o\Zy\\Eo}\\"-\co	\\nw\^娴5\j{\\\Y\r>jiػw^h횝\wzJK#\$2\6)\A\\0kl\8\\ܑ\##rD\QP\[c]4\YVC.[\\\eA\m\0ܻ{ޮκ\r\`vt\Z\AE \H69\nN#G\\"G\\"Gmcx=\\;\\0f\!\nx\9\"G\#rDh\\mV\\\nўdp4r3\]\bwA\ZG(rD\9\"G\uf=`\Z>1\阮{w{\8\0\,P\\E\\\r9\"G\#rDh\\0\,#h\B\G\9\"G\#\0f\a+7\#rD\9h`fܥ+9IQrC\9\"G\#\0f\]&\\E\9\"G\#\04\\\ՇQ\#rD\9@\M`9\"G G\\\"G\0X0`9\9\\9bL(rrD@\\0\f#rrD@(r3f#rD\E\E\0`X0###r3ł\##`̂\Q\Q\\0f39\\\.\'|\w\r\r,àj>s\\"G\\"G G\@<Ǉ`Z\YQI(rD(rrD\0Dlݜ9SY0A{U9K\\"G\\"G G\@0\˵c\\\'=z0gIQ\1\\9%aiR҃,ƌj9+r\\"G\##r :\\ꋊV\\\_ޜͺH(rD\99\"G\0O9\wΡ_(\ѣ\|\0\E@\\9\\Ny\\\XdL(rrD@\\aPϞ\\9SOr\\M^<\\9v\\1\OD\Q+i\w{\݈Q\\#\0\̥f\1kY\rf)\\2ܿ\(?Q+\E@\\9\0\0\0\0\0\0\0\0\0\0\0\0\0\0\0\0\0\0\0\0\0\0\0\0\0\0\0\0\0\0\0\0\0\0\0\0\0\0\0\0\0\0\0\0\0\0\0\0\0\0\0\9\6BX\0\0\0\0IENDB`',0),('b6d85bbc658a4121948476c438beef89',1,'test_audit.bpmn20.xml','6d1fffc40c584116b242b2b282c5d836','<?xml version=\'1.0\' encoding=\'UTF-8\'?>\r\n<definitions xmlns=\"http://www.omg.org/spec/BPMN/20100524/MODEL\" xmlns:xsi=\"http://www.w3.org/2001/XMLSchema-instance\" xmlns:activiti=\"http://activiti.org/bpmn\" xmlns:bpmndi=\"http://www.omg.org/spec/BPMN/20100524/DI\" xmlns:omgdc=\"http://www.omg.org/spec/DD/20100524/DC\" xmlns:omgdi=\"http://www.omg.org/spec/DD/20100524/DI\" typeLanguage=\"http://www.w3.org/2001/XMLSchema\" expressionLanguage=\"http://www.w3.org/1999/XPath\" targetNamespace=\"http://www.activiti.org/test\">\r\n  <process id=\"test_audit\" name=\"流程审批测试流程\" isExecutable=\"true\">\r\n    <startEvent id=\"start\" name=\"启动审批\" activiti:initiator=\"apply\" activiti:formKey=\"/oa/testAudit/form\"/>\r\n    <endEvent id=\"end\" name=\"结束审批\"/>\r\n    <userTask id=\"modify\" name=\"员工薪酬档级修改\" activiti:assignee=\"${apply}\"/>\r\n    <userTask id=\"audit\" name=\"薪酬主管初审\" activiti:assignee=\"thinkgem\"/>\r\n    <exclusiveGateway id=\"sid-C28BB5F6-013D-4570-B432-61B380C1F46F\"/>\r\n    <userTask id=\"audit2\" name=\"集团人力资源部部长审核\" activiti:assignee=\"thinkgem\"/>\r\n    <exclusiveGateway id=\"sid-ED46FE41-A0FD-496D-86DC-2C97AF5735F0\"/>\r\n    <sequenceFlow id=\"sid-EF2F51BB-1D99-4F0B-ACF2-B6C1300A7D2B\" sourceRef=\"audit2\" targetRef=\"sid-ED46FE41-A0FD-496D-86DC-2C97AF5735F0\"/>\r\n    <userTask id=\"audit3\" name=\"集团人力资源部分管领导审核\" activiti:assignee=\"thinkgem\"/>\r\n    <exclusiveGateway id=\"sid-FE485B2D-9A23-4236-BD0D-D788CA6E30E4\"/>\r\n    <sequenceFlow id=\"sid-3DBCD661-5720-4480-8156-748BE0275FEF\" sourceRef=\"audit3\" targetRef=\"sid-FE485B2D-9A23-4236-BD0D-D788CA6E30E4\"/>\r\n    <userTask id=\"audit4\" name=\"集团总经理审批\" activiti:assignee=\"thinkgem\"/>\r\n    <exclusiveGateway id=\"sid-3F53B6BD-F8F3-496B-AC08-50630BD11477\"/>\r\n    <userTask id=\"apply_end\" name=\"薪酬档级兑现\" activiti:assignee=\"thinkgem\"/>\r\n    <sequenceFlow id=\"sid-02DB2AD9-1332-4198-AC8D-22A35169D15C\" sourceRef=\"audit4\" targetRef=\"sid-3F53B6BD-F8F3-496B-AC08-50630BD11477\"/>\r\n    <sequenceFlow id=\"sid-2AB7C01A-50EE-4AAC-8C8F-F6E1935B3DA7\" sourceRef=\"audit\" targetRef=\"sid-C28BB5F6-013D-4570-B432-61B380C1F46F\"/>\r\n    <sequenceFlow id=\"sid-36E50C8B-6C7C-4968-B02D-EBAA425BF4BE\" sourceRef=\"start\" targetRef=\"audit\"/>\r\n    <sequenceFlow id=\"sid-7D723190-1432-411D-A4A4-774225E54CD9\" name=\"是\" sourceRef=\"sid-3F53B6BD-F8F3-496B-AC08-50630BD11477\" targetRef=\"apply_end\">\r\n      <conditionExpression xsi:type=\"tFormalExpression\"><![CDATA[${pass==1}]]></conditionExpression>\r\n    </sequenceFlow>\r\n    <sequenceFlow id=\"sid-D44CAD43-0271-4920-A524-9B8533E52550\" name=\"是\" sourceRef=\"sid-FE485B2D-9A23-4236-BD0D-D788CA6E30E4\" targetRef=\"audit4\">\r\n      <conditionExpression xsi:type=\"tFormalExpression\"><![CDATA[${pass==1}]]></conditionExpression>\r\n    </sequenceFlow>\r\n    <sequenceFlow id=\"sid-53258502-43EE-4DE8-B1A4-DBD11922B8AF\" name=\"否\" sourceRef=\"sid-C28BB5F6-013D-4570-B432-61B380C1F46F\" targetRef=\"modify\">\r\n      <conditionExpression xsi:type=\"tFormalExpression\"><![CDATA[${pass==0}]]></conditionExpression>\r\n    </sequenceFlow>\r\n    <exclusiveGateway id=\"sid-5FED02D6-C388-48C6-870E-097DB2131EA0\"/>\r\n    <sequenceFlow id=\"sid-163DBC60-DBC9-438B-971A-67738FB7715A\" sourceRef=\"modify\" targetRef=\"sid-5FED02D6-C388-48C6-870E-097DB2131EA0\"/>\r\n    <sequenceFlow id=\"sid-72258A41-203E-428C-B71D-CA3506252D73\" name=\"是\" sourceRef=\"sid-C28BB5F6-013D-4570-B432-61B380C1F46F\" targetRef=\"audit2\">\r\n      <conditionExpression xsi:type=\"tFormalExpression\"><![CDATA[${pass==1}]]></conditionExpression>\r\n    </sequenceFlow>\r\n    <sequenceFlow id=\"sid-8448EF4A-B62E-4899-ABC2-0E2DB2AE6838\" name=\"重新申请\" sourceRef=\"sid-5FED02D6-C388-48C6-870E-097DB2131EA0\" targetRef=\"audit\">\r\n      <conditionExpression xsi:type=\"tFormalExpression\"><![CDATA[${pass==1}]]></conditionExpression>\r\n    </sequenceFlow>\r\n    <sequenceFlow id=\"sid-A7589084-4623-4FEA-A774-00A70DDC1D20\" name=\"是\" sourceRef=\"sid-ED46FE41-A0FD-496D-86DC-2C97AF5735F0\" targetRef=\"audit3\">\r\n      <conditionExpression xsi:type=\"tFormalExpression\"><![CDATA[${pass==1}]]></conditionExpression>\r\n    </sequenceFlow>\r\n    <sequenceFlow id=\"sid-FA618636-3708-4D0C-8514-29A4BB8BC926\" name=\"否\" sourceRef=\"sid-ED46FE41-A0FD-496D-86DC-2C97AF5735F0\" targetRef=\"modify\">\r\n      <conditionExpression xsi:type=\"tFormalExpression\"><![CDATA[${pass==0}]]></conditionExpression>\r\n    </sequenceFlow>\r\n    <sequenceFlow id=\"sid-1525BFF4-3E9D-4D8A-BF80-1F63AFE16289\" name=\"否\" sourceRef=\"sid-FE485B2D-9A23-4236-BD0D-D788CA6E30E4\" targetRef=\"modify\">\r\n      <conditionExpression xsi:type=\"tFormalExpression\"><![CDATA[${pass==0}]]></conditionExpression>\r\n    </sequenceFlow>\r\n    <sequenceFlow id=\"sid-35CC8C6C-1067-4398-991C-CCF955115965\" name=\"否\" sourceRef=\"sid-3F53B6BD-F8F3-496B-AC08-50630BD11477\" targetRef=\"modify\">\r\n      <conditionExpression xsi:type=\"tFormalExpression\"><![CDATA[${pass==0}]]></conditionExpression>\r\n    </sequenceFlow>\r\n    <sequenceFlow id=\"sid-BDB0AAB2-7E50-4D35-80EE-CE0BECDD9F57\" sourceRef=\"apply_end\" targetRef=\"end\"/>\r\n    <sequenceFlow id=\"sid-44AFB9C1-4057-4C48-B1F2-1EC897A52CB7\" name=\"销毁\" sourceRef=\"sid-5FED02D6-C388-48C6-870E-097DB2131EA0\" targetRef=\"end\">\r\n      <conditionExpression xsi:type=\"tFormalExpression\"><![CDATA[${pass==0}]]></conditionExpression>\r\n    </sequenceFlow>\r\n  </process>\r\n  <bpmndi:BPMNDiagram id=\"BPMNDiagram_test_audit\">\r\n    <bpmndi:BPMNPlane bpmnElement=\"test_audit\" id=\"BPMNPlane_test_audit\">\r\n      <bpmndi:BPMNShape bpmnElement=\"start\" id=\"BPMNShape_start\">\r\n        <omgdc:Bounds height=\"30.0\" width=\"30.0\" x=\"30.0\" y=\"245.0\"/>\r\n      </bpmndi:BPMNShape>\r\n      <bpmndi:BPMNShape bpmnElement=\"end\" id=\"BPMNShape_end\">\r\n        <omgdc:Bounds height=\"28.0\" width=\"28.0\" x=\"975.0\" y=\"356.0\"/>\r\n      </bpmndi:BPMNShape>\r\n      <bpmndi:BPMNShape bpmnElement=\"modify\" id=\"BPMNShape_modify\">\r\n        <omgdc:Bounds height=\"58.0\" width=\"102.0\" x=\"209.0\" y=\"135.0\"/>\r\n      </bpmndi:BPMNShape>\r\n      <bpmndi:BPMNShape bpmnElement=\"audit\" id=\"BPMNShape_audit\">\r\n        <omgdc:Bounds height=\"57.0\" width=\"96.0\" x=\"105.0\" y=\"231.5\"/>\r\n      </bpmndi:BPMNShape>\r\n      <bpmndi:BPMNShape bpmnElement=\"sid-C28BB5F6-013D-4570-B432-61B380C1F46F\" id=\"BPMNShape_sid-C28BB5F6-013D-4570-B432-61B380C1F46F\">\r\n        <omgdc:Bounds height=\"40.0\" width=\"40.0\" x=\"240.0\" y=\"240.0\"/>\r\n      </bpmndi:BPMNShape>\r\n      <bpmndi:BPMNShape bpmnElement=\"audit2\" id=\"BPMNShape_audit2\">\r\n        <omgdc:Bounds height=\"80.0\" width=\"100.0\" x=\"210.0\" y=\"330.0\"/>\r\n      </bpmndi:BPMNShape>\r\n      <bpmndi:BPMNShape bpmnElement=\"sid-ED46FE41-A0FD-496D-86DC-2C97AF5735F0\" id=\"BPMNShape_sid-ED46FE41-A0FD-496D-86DC-2C97AF5735F0\">\r\n        <omgdc:Bounds height=\"40.0\" width=\"40.0\" x=\"345.0\" y=\"350.0\"/>\r\n      </bpmndi:BPMNShape>\r\n      <bpmndi:BPMNShape bpmnElement=\"audit3\" id=\"BPMNShape_audit3\">\r\n        <omgdc:Bounds height=\"80.0\" width=\"100.0\" x=\"420.0\" y=\"330.0\"/>\r\n      </bpmndi:BPMNShape>\r\n      <bpmndi:BPMNShape bpmnElement=\"sid-FE485B2D-9A23-4236-BD0D-D788CA6E30E4\" id=\"BPMNShape_sid-FE485B2D-9A23-4236-BD0D-D788CA6E30E4\">\r\n        <omgdc:Bounds height=\"40.0\" width=\"40.0\" x=\"555.0\" y=\"350.0\"/>\r\n      </bpmndi:BPMNShape>\r\n      <bpmndi:BPMNShape bpmnElement=\"audit4\" id=\"BPMNShape_audit4\">\r\n        <omgdc:Bounds height=\"80.0\" width=\"100.0\" x=\"630.0\" y=\"330.0\"/>\r\n      </bpmndi:BPMNShape>\r\n      <bpmndi:BPMNShape bpmnElement=\"sid-3F53B6BD-F8F3-496B-AC08-50630BD11477\" id=\"BPMNShape_sid-3F53B6BD-F8F3-496B-AC08-50630BD11477\">\r\n        <omgdc:Bounds height=\"40.0\" width=\"40.0\" x=\"765.0\" y=\"350.0\"/>\r\n      </bpmndi:BPMNShape>\r\n      <bpmndi:BPMNShape bpmnElement=\"apply_end\" id=\"BPMNShape_apply_end\">\r\n        <omgdc:Bounds height=\"80.0\" width=\"100.0\" x=\"840.0\" y=\"330.0\"/>\r\n      </bpmndi:BPMNShape>\r\n      <bpmndi:BPMNShape bpmnElement=\"sid-5FED02D6-C388-48C6-870E-097DB2131EA0\" id=\"BPMNShape_sid-5FED02D6-C388-48C6-870E-097DB2131EA0\">\r\n        <omgdc:Bounds height=\"40.0\" width=\"40.0\" x=\"240.0\" y=\"45.0\"/>\r\n      </bpmndi:BPMNShape>\r\n      <bpmndi:BPMNEdge bpmnElement=\"sid-3DBCD661-5720-4480-8156-748BE0275FEF\" id=\"BPMNEdge_sid-3DBCD661-5720-4480-8156-748BE0275FEF\">\r\n        <omgdi:waypoint x=\"520.0\" y=\"370.0\"/>\r\n        <omgdi:waypoint x=\"555.0\" y=\"370.0\"/>\r\n      </bpmndi:BPMNEdge>\r\n      <bpmndi:BPMNEdge bpmnElement=\"sid-44AFB9C1-4057-4C48-B1F2-1EC897A52CB7\" id=\"BPMNEdge_sid-44AFB9C1-4057-4C48-B1F2-1EC897A52CB7\">\r\n        <omgdi:waypoint x=\"280.0\" y=\"65.0\"/>\r\n        <omgdi:waypoint x=\"989.0\" y=\"65.0\"/>\r\n        <omgdi:waypoint x=\"989.0\" y=\"356.0\"/>\r\n      </bpmndi:BPMNEdge>\r\n      <bpmndi:BPMNEdge bpmnElement=\"sid-8448EF4A-B62E-4899-ABC2-0E2DB2AE6838\" id=\"BPMNEdge_sid-8448EF4A-B62E-4899-ABC2-0E2DB2AE6838\">\r\n        <omgdi:waypoint x=\"240.0\" y=\"65.0\"/>\r\n        <omgdi:waypoint x=\"153.0\" y=\"65.0\"/>\r\n        <omgdi:waypoint x=\"153.0\" y=\"231.5\"/>\r\n      </bpmndi:BPMNEdge>\r\n      <bpmndi:BPMNEdge bpmnElement=\"sid-A7589084-4623-4FEA-A774-00A70DDC1D20\" id=\"BPMNEdge_sid-A7589084-4623-4FEA-A774-00A70DDC1D20\">\r\n        <omgdi:waypoint x=\"385.0\" y=\"370.0\"/>\r\n        <omgdi:waypoint x=\"420.0\" y=\"370.0\"/>\r\n      </bpmndi:BPMNEdge>\r\n      <bpmndi:BPMNEdge bpmnElement=\"sid-35CC8C6C-1067-4398-991C-CCF955115965\" id=\"BPMNEdge_sid-35CC8C6C-1067-4398-991C-CCF955115965\">\r\n        <omgdi:waypoint x=\"785.0\" y=\"350.0\"/>\r\n        <omgdi:waypoint x=\"785.0\" y=\"164.0\"/>\r\n        <omgdi:waypoint x=\"311.0\" y=\"164.0\"/>\r\n      </bpmndi:BPMNEdge>\r\n      <bpmndi:BPMNEdge bpmnElement=\"sid-EF2F51BB-1D99-4F0B-ACF2-B6C1300A7D2B\" id=\"BPMNEdge_sid-EF2F51BB-1D99-4F0B-ACF2-B6C1300A7D2B\">\r\n        <omgdi:waypoint x=\"310.0\" y=\"370.0\"/>\r\n        <omgdi:waypoint x=\"345.0\" y=\"370.0\"/>\r\n      </bpmndi:BPMNEdge>\r\n      <bpmndi:BPMNEdge bpmnElement=\"sid-7D723190-1432-411D-A4A4-774225E54CD9\" id=\"BPMNEdge_sid-7D723190-1432-411D-A4A4-774225E54CD9\">\r\n        <omgdi:waypoint x=\"805.0\" y=\"370.0\"/>\r\n        <omgdi:waypoint x=\"840.0\" y=\"370.0\"/>\r\n      </bpmndi:BPMNEdge>\r\n      <bpmndi:BPMNEdge bpmnElement=\"sid-2AB7C01A-50EE-4AAC-8C8F-F6E1935B3DA7\" id=\"BPMNEdge_sid-2AB7C01A-50EE-4AAC-8C8F-F6E1935B3DA7\">\r\n        <omgdi:waypoint x=\"201.0\" y=\"260.0\"/>\r\n        <omgdi:waypoint x=\"240.0\" y=\"260.0\"/>\r\n      </bpmndi:BPMNEdge>\r\n      <bpmndi:BPMNEdge bpmnElement=\"sid-D44CAD43-0271-4920-A524-9B8533E52550\" id=\"BPMNEdge_sid-D44CAD43-0271-4920-A524-9B8533E52550\">\r\n        <omgdi:waypoint x=\"595.0\" y=\"370.0\"/>\r\n        <omgdi:waypoint x=\"630.0\" y=\"370.0\"/>\r\n      </bpmndi:BPMNEdge>\r\n      <bpmndi:BPMNEdge bpmnElement=\"sid-FA618636-3708-4D0C-8514-29A4BB8BC926\" id=\"BPMNEdge_sid-FA618636-3708-4D0C-8514-29A4BB8BC926\">\r\n        <omgdi:waypoint x=\"365.0\" y=\"350.0\"/>\r\n        <omgdi:waypoint x=\"365.0\" y=\"164.0\"/>\r\n        <omgdi:waypoint x=\"311.0\" y=\"164.0\"/>\r\n      </bpmndi:BPMNEdge>\r\n      <bpmndi:BPMNEdge bpmnElement=\"sid-02DB2AD9-1332-4198-AC8D-22A35169D15C\" id=\"BPMNEdge_sid-02DB2AD9-1332-4198-AC8D-22A35169D15C\">\r\n        <omgdi:waypoint x=\"730.0\" y=\"370.0\"/>\r\n        <omgdi:waypoint x=\"765.0\" y=\"370.0\"/>\r\n      </bpmndi:BPMNEdge>\r\n      <bpmndi:BPMNEdge bpmnElement=\"sid-36E50C8B-6C7C-4968-B02D-EBAA425BF4BE\" id=\"BPMNEdge_sid-36E50C8B-6C7C-4968-B02D-EBAA425BF4BE\">\r\n        <omgdi:waypoint x=\"60.0\" y=\"260.0\"/>\r\n        <omgdi:waypoint x=\"105.0\" y=\"260.0\"/>\r\n      </bpmndi:BPMNEdge>\r\n      <bpmndi:BPMNEdge bpmnElement=\"sid-53258502-43EE-4DE8-B1A4-DBD11922B8AF\" id=\"BPMNEdge_sid-53258502-43EE-4DE8-B1A4-DBD11922B8AF\">\r\n        <omgdi:waypoint x=\"260.0\" y=\"240.0\"/>\r\n        <omgdi:waypoint x=\"260.0\" y=\"193.0\"/>\r\n      </bpmndi:BPMNEdge>\r\n      <bpmndi:BPMNEdge bpmnElement=\"sid-163DBC60-DBC9-438B-971A-67738FB7715A\" id=\"BPMNEdge_sid-163DBC60-DBC9-438B-971A-67738FB7715A\">\r\n        <omgdi:waypoint x=\"260.0\" y=\"135.0\"/>\r\n        <omgdi:waypoint x=\"260.0\" y=\"85.0\"/>\r\n      </bpmndi:BPMNEdge>\r\n      <bpmndi:BPMNEdge bpmnElement=\"sid-BDB0AAB2-7E50-4D35-80EE-CE0BECDD9F57\" id=\"BPMNEdge_sid-BDB0AAB2-7E50-4D35-80EE-CE0BECDD9F57\">\r\n        <omgdi:waypoint x=\"940.0\" y=\"370.0\"/>\r\n        <omgdi:waypoint x=\"975.0\" y=\"370.0\"/>\r\n      </bpmndi:BPMNEdge>\r\n      <bpmndi:BPMNEdge bpmnElement=\"sid-1525BFF4-3E9D-4D8A-BF80-1F63AFE16289\" id=\"BPMNEdge_sid-1525BFF4-3E9D-4D8A-BF80-1F63AFE16289\">\r\n        <omgdi:waypoint x=\"575.0\" y=\"350.0\"/>\r\n        <omgdi:waypoint x=\"575.0\" y=\"164.0\"/>\r\n        <omgdi:waypoint x=\"311.0\" y=\"164.0\"/>\r\n      </bpmndi:BPMNEdge>\r\n      <bpmndi:BPMNEdge bpmnElement=\"sid-72258A41-203E-428C-B71D-CA3506252D73\" id=\"BPMNEdge_sid-72258A41-203E-428C-B71D-CA3506252D73\">\r\n        <omgdi:waypoint x=\"260.0\" y=\"280.0\"/>\r\n        <omgdi:waypoint x=\"260.0\" y=\"330.0\"/>\r\n      </bpmndi:BPMNEdge>\r\n    </bpmndi:BPMNPlane>\r\n  </bpmndi:BPMNDiagram>\r\n</definitions>',0),('b77be01ae200435b9732e27c69aa5879',1,'流程审批测试流程.bpmn20.xml','24d6d3e2c08949aebd7810d80a2e60cb','<?xml version=\"1.0\" encoding=\"UTF-8\"?>\n<definitions xmlns=\"http://www.omg.org/spec/BPMN/20100524/MODEL\" xmlns:xsi=\"http://www.w3.org/2001/XMLSchema-instance\" xmlns:xsd=\"http://www.w3.org/2001/XMLSchema\" xmlns:activiti=\"http://activiti.org/bpmn\" xmlns:bpmndi=\"http://www.omg.org/spec/BPMN/20100524/DI\" xmlns:omgdc=\"http://www.omg.org/spec/DD/20100524/DC\" xmlns:omgdi=\"http://www.omg.org/spec/DD/20100524/DI\" typeLanguage=\"http://www.w3.org/2001/XMLSchema\" expressionLanguage=\"http://www.w3.org/1999/XPath\" targetNamespace=\"http://www.activiti.org/test\">\n  <process id=\"test_audit\" name=\"流程审批测试流程\" isExecutable=\"true\">\n    <startEvent id=\"start\" name=\"启动审批\" activiti:initiator=\"apply\" activiti:formKey=\"/oa/testAudit/form\"></startEvent>\n    <endEvent id=\"end\" name=\"结束审批\"></endEvent>\n    <userTask id=\"modify\" name=\"员工薪酬档级修改\" activiti:assignee=\"${apply}\"></userTask>\n    <userTask id=\"audit\" name=\"薪酬主管初审\" activiti:assignee=\"${dirct}\"></userTask>\n    <exclusiveGateway id=\"sid-C28BB5F6-013D-4570-B432-61B380C1F46F\"></exclusiveGateway>\n    <userTask id=\"audit2\" name=\"集团人力资源部部长审核\" activiti:assignee=\"thinkgem\"></userTask>\n    <exclusiveGateway id=\"sid-ED46FE41-A0FD-496D-86DC-2C97AF5735F0\"></exclusiveGateway>\n    <sequenceFlow id=\"sid-EF2F51BB-1D99-4F0B-ACF2-B6C1300A7D2B\" sourceRef=\"audit2\" targetRef=\"sid-ED46FE41-A0FD-496D-86DC-2C97AF5735F0\"></sequenceFlow>\n    <userTask id=\"audit3\" name=\"集团人力资源部分管领导审核\" activiti:candidateGroups=\"e\"></userTask>\n    <exclusiveGateway id=\"sid-FE485B2D-9A23-4236-BD0D-D788CA6E30E4\"></exclusiveGateway>\n    <sequenceFlow id=\"sid-3DBCD661-5720-4480-8156-748BE0275FEF\" sourceRef=\"audit3\" targetRef=\"sid-FE485B2D-9A23-4236-BD0D-D788CA6E30E4\"></sequenceFlow>\n    <userTask id=\"audit4\" name=\"集团总经理审批\" activiti:assignee=\"thinkgem\"></userTask>\n    <exclusiveGateway id=\"sid-3F53B6BD-F8F3-496B-AC08-50630BD11477\"></exclusiveGateway>\n    <userTask id=\"apply_end\" name=\"薪酬档级兑现\" activiti:assignee=\"thinkgem\"></userTask>\n    <sequenceFlow id=\"sid-02DB2AD9-1332-4198-AC8D-22A35169D15C\" sourceRef=\"audit4\" targetRef=\"sid-3F53B6BD-F8F3-496B-AC08-50630BD11477\"></sequenceFlow>\n    <sequenceFlow id=\"sid-2AB7C01A-50EE-4AAC-8C8F-F6E1935B3DA7\" sourceRef=\"audit\" targetRef=\"sid-C28BB5F6-013D-4570-B432-61B380C1F46F\"></sequenceFlow>\n    <sequenceFlow id=\"sid-36E50C8B-6C7C-4968-B02D-EBAA425BF4BE\" sourceRef=\"start\" targetRef=\"audit\"></sequenceFlow>\n    <sequenceFlow id=\"sid-7D723190-1432-411D-A4A4-774225E54CD9\" name=\"是\" sourceRef=\"sid-3F53B6BD-F8F3-496B-AC08-50630BD11477\" targetRef=\"apply_end\">\n      <conditionExpression xsi:type=\"tFormalExpression\"><![CDATA[${pass==1}]]></conditionExpression>\n    </sequenceFlow>\n    <sequenceFlow id=\"sid-D44CAD43-0271-4920-A524-9B8533E52550\" name=\"是\" sourceRef=\"sid-FE485B2D-9A23-4236-BD0D-D788CA6E30E4\" targetRef=\"audit4\">\n      <conditionExpression xsi:type=\"tFormalExpression\"><![CDATA[${pass==1}]]></conditionExpression>\n    </sequenceFlow>\n    <exclusiveGateway id=\"sid-5FED02D6-C388-48C6-870E-097DB2131EA0\"></exclusiveGateway>\n    <sequenceFlow id=\"sid-163DBC60-DBC9-438B-971A-67738FB7715A\" sourceRef=\"modify\" targetRef=\"sid-5FED02D6-C388-48C6-870E-097DB2131EA0\"></sequenceFlow>\n    <sequenceFlow id=\"sid-8448EF4A-B62E-4899-ABC2-0E2DB2AE6838\" name=\"重新申请\" sourceRef=\"sid-5FED02D6-C388-48C6-870E-097DB2131EA0\" targetRef=\"audit\">\n      <conditionExpression xsi:type=\"tFormalExpression\"><![CDATA[${pass==1}]]></conditionExpression>\n    </sequenceFlow>\n    <sequenceFlow id=\"sid-A7589084-4623-4FEA-A774-00A70DDC1D20\" name=\"是\" sourceRef=\"sid-ED46FE41-A0FD-496D-86DC-2C97AF5735F0\" targetRef=\"audit3\">\n      <conditionExpression xsi:type=\"tFormalExpression\"><![CDATA[${pass==1}]]></conditionExpression>\n    </sequenceFlow>\n    <sequenceFlow id=\"sid-FA618636-3708-4D0C-8514-29A4BB8BC926\" name=\"否\" sourceRef=\"sid-ED46FE41-A0FD-496D-86DC-2C97AF5735F0\" targetRef=\"modify\">\n      <conditionExpression xsi:type=\"tFormalExpression\"><![CDATA[${pass==0}]]></conditionExpression>\n    </sequenceFlow>\n    <sequenceFlow id=\"sid-1525BFF4-3E9D-4D8A-BF80-1F63AFE16289\" name=\"否\" sourceRef=\"sid-FE485B2D-9A23-4236-BD0D-D788CA6E30E4\" targetRef=\"modify\">\n      <conditionExpression xsi:type=\"tFormalExpression\"><![CDATA[${pass==0}]]></conditionExpression>\n    </sequenceFlow>\n    <sequenceFlow id=\"sid-35CC8C6C-1067-4398-991C-CCF955115965\" name=\"否\" sourceRef=\"sid-3F53B6BD-F8F3-496B-AC08-50630BD11477\" targetRef=\"modify\">\n      <conditionExpression xsi:type=\"tFormalExpression\"><![CDATA[${pass==0}]]></conditionExpression>\n    </sequenceFlow>\n    <sequenceFlow id=\"sid-BDB0AAB2-7E50-4D35-80EE-CE0BECDD9F57\" sourceRef=\"apply_end\" targetRef=\"end\"></sequenceFlow>\n    <sequenceFlow id=\"sid-44AFB9C1-4057-4C48-B1F2-1EC897A52CB7\" name=\"销毁\" sourceRef=\"sid-5FED02D6-C388-48C6-870E-097DB2131EA0\" targetRef=\"end\">\n      <conditionExpression xsi:type=\"tFormalExpression\"><![CDATA[${pass==0}]]></conditionExpression>\n    </sequenceFlow>\n    <sequenceFlow id=\"sid-53258502-43EE-4DE8-B1A4-DBD11922B8AF\" name=\"否\" sourceRef=\"sid-C28BB5F6-013D-4570-B432-61B380C1F46F\" targetRef=\"modify\">\n      <conditionExpression xsi:type=\"tFormalExpression\"><![CDATA[${pass==0}]]></conditionExpression>\n    </sequenceFlow>\n    <sequenceFlow id=\"sid-72258A41-203E-428C-B71D-CA3506252D73\" name=\"是\" sourceRef=\"sid-C28BB5F6-013D-4570-B432-61B380C1F46F\" targetRef=\"audit2\">\n      <conditionExpression xsi:type=\"tFormalExpression\"><![CDATA[${pass==1}]]></conditionExpression>\n    </sequenceFlow>\n  </process>\n  <bpmndi:BPMNDiagram id=\"BPMNDiagram_test_audit\">\n    <bpmndi:BPMNPlane bpmnElement=\"test_audit\" id=\"BPMNPlane_test_audit\">\n      <bpmndi:BPMNShape bpmnElement=\"start\" id=\"BPMNShape_start\">\n        <omgdc:Bounds height=\"30.0\" width=\"30.0\" x=\"30.0\" y=\"245.0\"></omgdc:Bounds>\n      </bpmndi:BPMNShape>\n      <bpmndi:BPMNShape bpmnElement=\"end\" id=\"BPMNShape_end\">\n        <omgdc:Bounds height=\"28.0\" width=\"28.0\" x=\"975.0\" y=\"356.0\"></omgdc:Bounds>\n      </bpmndi:BPMNShape>\n      <bpmndi:BPMNShape bpmnElement=\"modify\" id=\"BPMNShape_modify\">\n        <omgdc:Bounds height=\"58.0\" width=\"102.0\" x=\"209.0\" y=\"135.0\"></omgdc:Bounds>\n      </bpmndi:BPMNShape>\n      <bpmndi:BPMNShape bpmnElement=\"audit\" id=\"BPMNShape_audit\">\n        <omgdc:Bounds height=\"57.0\" width=\"96.0\" x=\"105.0\" y=\"231.5\"></omgdc:Bounds>\n      </bpmndi:BPMNShape>\n      <bpmndi:BPMNShape bpmnElement=\"sid-C28BB5F6-013D-4570-B432-61B380C1F46F\" id=\"BPMNShape_sid-C28BB5F6-013D-4570-B432-61B380C1F46F\">\n        <omgdc:Bounds height=\"40.0\" width=\"40.0\" x=\"240.0\" y=\"240.0\"></omgdc:Bounds>\n      </bpmndi:BPMNShape>\n      <bpmndi:BPMNShape bpmnElement=\"audit2\" id=\"BPMNShape_audit2\">\n        <omgdc:Bounds height=\"80.0\" width=\"100.0\" x=\"210.0\" y=\"330.0\"></omgdc:Bounds>\n      </bpmndi:BPMNShape>\n      <bpmndi:BPMNShape bpmnElement=\"sid-ED46FE41-A0FD-496D-86DC-2C97AF5735F0\" id=\"BPMNShape_sid-ED46FE41-A0FD-496D-86DC-2C97AF5735F0\">\n        <omgdc:Bounds height=\"40.0\" width=\"40.0\" x=\"345.0\" y=\"350.0\"></omgdc:Bounds>\n      </bpmndi:BPMNShape>\n      <bpmndi:BPMNShape bpmnElement=\"audit3\" id=\"BPMNShape_audit3\">\n        <omgdc:Bounds height=\"80.0\" width=\"100.0\" x=\"420.0\" y=\"330.0\"></omgdc:Bounds>\n      </bpmndi:BPMNShape>\n      <bpmndi:BPMNShape bpmnElement=\"sid-FE485B2D-9A23-4236-BD0D-D788CA6E30E4\" id=\"BPMNShape_sid-FE485B2D-9A23-4236-BD0D-D788CA6E30E4\">\n        <omgdc:Bounds height=\"40.0\" width=\"40.0\" x=\"555.0\" y=\"350.0\"></omgdc:Bounds>\n      </bpmndi:BPMNShape>\n      <bpmndi:BPMNShape bpmnElement=\"audit4\" id=\"BPMNShape_audit4\">\n        <omgdc:Bounds height=\"80.0\" width=\"100.0\" x=\"630.0\" y=\"330.0\"></omgdc:Bounds>\n      </bpmndi:BPMNShape>\n      <bpmndi:BPMNShape bpmnElement=\"sid-3F53B6BD-F8F3-496B-AC08-50630BD11477\" id=\"BPMNShape_sid-3F53B6BD-F8F3-496B-AC08-50630BD11477\">\n        <omgdc:Bounds height=\"40.0\" width=\"40.0\" x=\"765.0\" y=\"350.0\"></omgdc:Bounds>\n      </bpmndi:BPMNShape>\n      <bpmndi:BPMNShape bpmnElement=\"apply_end\" id=\"BPMNShape_apply_end\">\n        <omgdc:Bounds height=\"80.0\" width=\"100.0\" x=\"840.0\" y=\"330.0\"></omgdc:Bounds>\n      </bpmndi:BPMNShape>\n      <bpmndi:BPMNShape bpmnElement=\"sid-5FED02D6-C388-48C6-870E-097DB2131EA0\" id=\"BPMNShape_sid-5FED02D6-C388-48C6-870E-097DB2131EA0\">\n        <omgdc:Bounds height=\"40.0\" width=\"40.0\" x=\"240.0\" y=\"45.0\"></omgdc:Bounds>\n      </bpmndi:BPMNShape>\n      <bpmndi:BPMNEdge bpmnElement=\"sid-02DB2AD9-1332-4198-AC8D-22A35169D15C\" id=\"BPMNEdge_sid-02DB2AD9-1332-4198-AC8D-22A35169D15C\">\n        <omgdi:waypoint x=\"730.0\" y=\"370.0\"></omgdi:waypoint>\n        <omgdi:waypoint x=\"765.0\" y=\"370.0\"></omgdi:waypoint>\n      </bpmndi:BPMNEdge>\n      <bpmndi:BPMNEdge bpmnElement=\"sid-36E50C8B-6C7C-4968-B02D-EBAA425BF4BE\" id=\"BPMNEdge_sid-36E50C8B-6C7C-4968-B02D-EBAA425BF4BE\">\n        <omgdi:waypoint x=\"60.0\" y=\"260.0\"></omgdi:waypoint>\n        <omgdi:waypoint x=\"105.0\" y=\"260.0\"></omgdi:waypoint>\n      </bpmndi:BPMNEdge>\n      <bpmndi:BPMNEdge bpmnElement=\"sid-8448EF4A-B62E-4899-ABC2-0E2DB2AE6838\" id=\"BPMNEdge_sid-8448EF4A-B62E-4899-ABC2-0E2DB2AE6838\">\n        <omgdi:waypoint x=\"240.0\" y=\"65.0\"></omgdi:waypoint>\n        <omgdi:waypoint x=\"153.0\" y=\"65.0\"></omgdi:waypoint>\n        <omgdi:waypoint x=\"153.0\" y=\"231.5\"></omgdi:waypoint>\n        <bpmndi:BPMNLabel>\n          <omgdc:Bounds height=\"0.0\" width=\"0.0\" x=\"240.0\" y=\"65.0\"></omgdc:Bounds>\n        </bpmndi:BPMNLabel>\n      </bpmndi:BPMNEdge>\n      <bpmndi:BPMNEdge bpmnElement=\"sid-7D723190-1432-411D-A4A4-774225E54CD9\" id=\"BPMNEdge_sid-7D723190-1432-411D-A4A4-774225E54CD9\">\n        <omgdi:waypoint x=\"805.0\" y=\"370.0\"></omgdi:waypoint>\n        <omgdi:waypoint x=\"840.0\" y=\"370.0\"></omgdi:waypoint>\n        <bpmndi:BPMNLabel>\n          <omgdc:Bounds height=\"0.0\" width=\"0.0\" x=\"805.0\" y=\"370.0\"></omgdc:Bounds>\n        </bpmndi:BPMNLabel>\n      </bpmndi:BPMNEdge>\n      <bpmndi:BPMNEdge bpmnElement=\"sid-A7589084-4623-4FEA-A774-00A70DDC1D20\" id=\"BPMNEdge_sid-A7589084-4623-4FEA-A774-00A70DDC1D20\">\n        <omgdi:waypoint x=\"385.0\" y=\"370.0\"></omgdi:waypoint>\n        <omgdi:waypoint x=\"420.0\" y=\"370.0\"></omgdi:waypoint>\n        <bpmndi:BPMNLabel>\n          <omgdc:Bounds height=\"0.0\" width=\"0.0\" x=\"385.0\" y=\"370.0\"></omgdc:Bounds>\n        </bpmndi:BPMNLabel>\n      </bpmndi:BPMNEdge>\n      <bpmndi:BPMNEdge bpmnElement=\"sid-53258502-43EE-4DE8-B1A4-DBD11922B8AF\" id=\"BPMNEdge_sid-53258502-43EE-4DE8-B1A4-DBD11922B8AF\">\n        <omgdi:waypoint x=\"260.0\" y=\"240.0\"></omgdi:waypoint>\n        <omgdi:waypoint x=\"260.0\" y=\"193.0\"></omgdi:waypoint>\n        <bpmndi:BPMNLabel>\n          <omgdc:Bounds height=\"0.0\" width=\"0.0\" x=\"260.0\" y=\"240.0\"></omgdc:Bounds>\n        </bpmndi:BPMNLabel>\n      </bpmndi:BPMNEdge>\n      <bpmndi:BPMNEdge bpmnElement=\"sid-35CC8C6C-1067-4398-991C-CCF955115965\" id=\"BPMNEdge_sid-35CC8C6C-1067-4398-991C-CCF955115965\">\n        <omgdi:waypoint x=\"785.0\" y=\"350.0\"></omgdi:waypoint>\n        <omgdi:waypoint x=\"785.0\" y=\"164.0\"></omgdi:waypoint>\n        <omgdi:waypoint x=\"311.0\" y=\"164.0\"></omgdi:waypoint>\n        <bpmndi:BPMNLabel>\n          <omgdc:Bounds height=\"0.0\" width=\"0.0\" x=\"785.0\" y=\"350.0\"></omgdc:Bounds>\n        </bpmndi:BPMNLabel>\n      </bpmndi:BPMNEdge>\n      <bpmndi:BPMNEdge bpmnElement=\"sid-2AB7C01A-50EE-4AAC-8C8F-F6E1935B3DA7\" id=\"BPMNEdge_sid-2AB7C01A-50EE-4AAC-8C8F-F6E1935B3DA7\">\n        <omgdi:waypoint x=\"201.0\" y=\"260.0\"></omgdi:waypoint>\n        <omgdi:waypoint x=\"240.0\" y=\"260.0\"></omgdi:waypoint>\n      </bpmndi:BPMNEdge>\n      <bpmndi:BPMNEdge bpmnElement=\"sid-1525BFF4-3E9D-4D8A-BF80-1F63AFE16289\" id=\"BPMNEdge_sid-1525BFF4-3E9D-4D8A-BF80-1F63AFE16289\">\n        <omgdi:waypoint x=\"575.0\" y=\"350.0\"></omgdi:waypoint>\n        <omgdi:waypoint x=\"575.0\" y=\"164.0\"></omgdi:waypoint>\n        <omgdi:waypoint x=\"311.0\" y=\"164.0\"></omgdi:waypoint>\n        <bpmndi:BPMNLabel>\n          <omgdc:Bounds height=\"0.0\" width=\"0.0\" x=\"575.0\" y=\"350.0\"></omgdc:Bounds>\n        </bpmndi:BPMNLabel>\n      </bpmndi:BPMNEdge>\n      <bpmndi:BPMNEdge bpmnElement=\"sid-3DBCD661-5720-4480-8156-748BE0275FEF\" id=\"BPMNEdge_sid-3DBCD661-5720-4480-8156-748BE0275FEF\">\n        <omgdi:waypoint x=\"520.0\" y=\"370.0\"></omgdi:waypoint>\n        <omgdi:waypoint x=\"555.0\" y=\"370.0\"></omgdi:waypoint>\n      </bpmndi:BPMNEdge>\n      <bpmndi:BPMNEdge bpmnElement=\"sid-163DBC60-DBC9-438B-971A-67738FB7715A\" id=\"BPMNEdge_sid-163DBC60-DBC9-438B-971A-67738FB7715A\">\n        <omgdi:waypoint x=\"260.0\" y=\"135.0\"></omgdi:waypoint>\n        <omgdi:waypoint x=\"260.0\" y=\"85.0\"></omgdi:waypoint>\n      </bpmndi:BPMNEdge>\n      <bpmndi:BPMNEdge bpmnElement=\"sid-44AFB9C1-4057-4C48-B1F2-1EC897A52CB7\" id=\"BPMNEdge_sid-44AFB9C1-4057-4C48-B1F2-1EC897A52CB7\">\n        <omgdi:waypoint x=\"280.0\" y=\"65.0\"></omgdi:waypoint>\n        <omgdi:waypoint x=\"989.0\" y=\"65.0\"></omgdi:waypoint>\n        <omgdi:waypoint x=\"989.0\" y=\"356.0\"></omgdi:waypoint>\n        <bpmndi:BPMNLabel>\n          <omgdc:Bounds height=\"0.0\" width=\"0.0\" x=\"280.0\" y=\"65.0\"></omgdc:Bounds>\n        </bpmndi:BPMNLabel>\n      </bpmndi:BPMNEdge>\n      <bpmndi:BPMNEdge bpmnElement=\"sid-BDB0AAB2-7E50-4D35-80EE-CE0BECDD9F57\" id=\"BPMNEdge_sid-BDB0AAB2-7E50-4D35-80EE-CE0BECDD9F57\">\n        <omgdi:waypoint x=\"940.0\" y=\"370.0\"></omgdi:waypoint>\n        <omgdi:waypoint x=\"975.0\" y=\"370.0\"></omgdi:waypoint>\n      </bpmndi:BPMNEdge>\n      <bpmndi:BPMNEdge bpmnElement=\"sid-FA618636-3708-4D0C-8514-29A4BB8BC926\" id=\"BPMNEdge_sid-FA618636-3708-4D0C-8514-29A4BB8BC926\">\n        <omgdi:waypoint x=\"365.0\" y=\"350.0\"></omgdi:waypoint>\n        <omgdi:waypoint x=\"365.0\" y=\"164.0\"></omgdi:waypoint>\n        <omgdi:waypoint x=\"311.0\" y=\"164.0\"></omgdi:waypoint>\n        <bpmndi:BPMNLabel>\n          <omgdc:Bounds height=\"0.0\" width=\"0.0\" x=\"365.0\" y=\"350.0\"></omgdc:Bounds>\n        </bpmndi:BPMNLabel>\n      </bpmndi:BPMNEdge>\n      <bpmndi:BPMNEdge bpmnElement=\"sid-72258A41-203E-428C-B71D-CA3506252D73\" id=\"BPMNEdge_sid-72258A41-203E-428C-B71D-CA3506252D73\">\n        <omgdi:waypoint x=\"260.0\" y=\"280.0\"></omgdi:waypoint>\n        <omgdi:waypoint x=\"260.0\" y=\"330.0\"></omgdi:waypoint>\n        <bpmndi:BPMNLabel>\n          <omgdc:Bounds height=\"0.0\" width=\"0.0\" x=\"260.0\" y=\"280.0\"></omgdc:Bounds>\n        </bpmndi:BPMNLabel>\n      </bpmndi:BPMNEdge>\n      <bpmndi:BPMNEdge bpmnElement=\"sid-D44CAD43-0271-4920-A524-9B8533E52550\" id=\"BPMNEdge_sid-D44CAD43-0271-4920-A524-9B8533E52550\">\n        <omgdi:waypoint x=\"595.0\" y=\"370.0\"></omgdi:waypoint>\n        <omgdi:waypoint x=\"630.0\" y=\"370.0\"></omgdi:waypoint>\n        <bpmndi:BPMNLabel>\n          <omgdc:Bounds height=\"0.0\" width=\"0.0\" x=\"595.0\" y=\"370.0\"></omgdc:Bounds>\n        </bpmndi:BPMNLabel>\n      </bpmndi:BPMNEdge>\n      <bpmndi:BPMNEdge bpmnElement=\"sid-EF2F51BB-1D99-4F0B-ACF2-B6C1300A7D2B\" id=\"BPMNEdge_sid-EF2F51BB-1D99-4F0B-ACF2-B6C1300A7D2B\">\n        <omgdi:waypoint x=\"310.0\" y=\"370.0\"></omgdi:waypoint>\n        <omgdi:waypoint x=\"345.0\" y=\"370.0\"></omgdi:waypoint>\n      </bpmndi:BPMNEdge>\n    </bpmndi:BPMNPlane>\n  </bpmndi:BPMNDiagram>\n</definitions>',0),('d12cc0579a034df389dfc65452f8af26',5,'source',NULL,'{\"resourceId\":\"1728b461b9e14dc0add2de00c8e1b9e2\",\"properties\":{\"process_id\":\"test-leave\",\"name\":\"test—请假流程\",\"documentation\":\"\",\"process_author\":\"kcfw\",\"process_version\":\"\",\"process_namespace\":\"http://www.activiti.org/processdef\",\"executionlisteners\":\"\",\"eventlisteners\":\"\",\"signaldefinitions\":\"\",\"messagedefinitions\":\"\"},\"stencil\":{\"id\":\"BPMNDiagram\"},\"childShapes\":[{\"resourceId\":\"sid-2F221399-EA0E-4DC7-AD0F-14DC8A52B858\",\"properties\":{\"overrideid\":\"\",\"name\":\"\",\"documentation\":\"\",\"executionlisteners\":\"\",\"initiator\":\"apply\",\"formkeydefinition\":\"/oa/leave/form\",\"formproperties\":\"\"},\"stencil\":{\"id\":\"StartNoneEvent\"},\"childShapes\":[],\"outgoing\":[{\"resourceId\":\"sid-5A59427C-3A5C-4868-8AAC-B3E8EE7CB352\"}],\"bounds\":{\"lowerRight\":{\"x\":189.8333282470703,\"y\":78},\"upperLeft\":{\"x\":159.8333282470703,\"y\":48}},\"dockers\":[]},{\"resourceId\":\"sid-446CCB24-766B-48C9-985C-34B7CD63DA5E\",\"properties\":{\"overrideid\":\"departApprLeave\",\"name\":\"领导审批\",\"documentation\":\"\",\"asynchronousdefinition\":\"false\",\"exclusivedefinition\":true,\"executionlisteners\":\"\",\"multiinstance_type\":\"None\",\"multiinstance_cardinality\":\"\",\"multiinstance_collection\":\"\",\"multiinstance_variable\":\"\",\"multiinstance_condition\":\"\",\"isforcompensation\":\"false\",\"usertaskassignment\":{\"assignment\":{\"assignee\":\"thinkgem\"}},\"formkeydefinition\":\"\",\"duedatedefinition\":\"\",\"prioritydefinition\":\"\",\"formproperties\":\"\",\"tasklisteners\":\"\"},\"stencil\":{\"id\":\"UserTask\"},\"childShapes\":[],\"outgoing\":[{\"resourceId\":\"sid-1377A3D7-75DF-4090-BCD6-872A3C5EE320\"}],\"bounds\":{\"lowerRight\":{\"x\":334.8333282470703,\"y\":103},\"upperLeft\":{\"x\":234.8333282470703,\"y\":23}},\"dockers\":[]},{\"resourceId\":\"sid-5A59427C-3A5C-4868-8AAC-B3E8EE7CB352\",\"properties\":{\"overrideid\":\"\",\"name\":\"\",\"documentation\":\"\",\"conditionsequenceflow\":\"\",\"executionlisteners\":\"\",\"defaultflow\":\"false\"},\"stencil\":{\"id\":\"SequenceFlow\"},\"childShapes\":[],\"outgoing\":[{\"resourceId\":\"sid-446CCB24-766B-48C9-985C-34B7CD63DA5E\"}],\"bounds\":{\"lowerRight\":{\"x\":233.9895782470703,\"y\":63},\"upperLeft\":{\"x\":190.4427032470703,\"y\":63}},\"dockers\":[{\"x\":15,\"y\":15},{\"x\":50,\"y\":40}],\"target\":{\"resourceId\":\"sid-446CCB24-766B-48C9-985C-34B7CD63DA5E\"}},{\"resourceId\":\"sid-D715E8A3-547C-4792-801A-BA263F59B520\",\"properties\":{\"overrideid\":\"\",\"name\":\"\",\"documentation\":\"\",\"sequencefloworder\":\"\"},\"stencil\":{\"id\":\"ExclusiveGateway\"},\"childShapes\":[],\"outgoing\":[{\"resourceId\":\"sid-BC5D1E15-4CD0-4F44-BAB7-4C92C03025EC\"},{\"resourceId\":\"sid-C2D8F87E-3472-44F9-912C-E888439F712C\"}],\"bounds\":{\"lowerRight\":{\"x\":419.8333282470703,\"y\":83},\"upperLeft\":{\"x\":379.8333282470703,\"y\":43}},\"dockers\":[]},{\"resourceId\":\"sid-1377A3D7-75DF-4090-BCD6-872A3C5EE320\",\"properties\":{\"overrideid\":\"\",\"name\":\"\",\"documentation\":\"\",\"conditionsequenceflow\":\"\",\"executionlisteners\":\"\",\"defaultflow\":\"false\"},\"stencil\":{\"id\":\"SequenceFlow\"},\"childShapes\":[],\"outgoing\":[{\"resourceId\":\"sid-D715E8A3-547C-4792-801A-BA263F59B520\"}],\"bounds\":{\"lowerRight\":{\"x\":379.48177511707786,\"y\":63.4097335362338},\"upperLeft\":{\"x\":335.46222512706277,\"y\":63.2191727137662}},\"dockers\":[{\"x\":50,\"y\":40},{\"x\":20.5,\"y\":20.5}],\"target\":{\"resourceId\":\"sid-D715E8A3-547C-4792-801A-BA263F59B520\"}},{\"resourceId\":\"sid-B1E14E0A-9526-4973-857E-4F16A0F40226\",\"properties\":{\"overrideid\":\"hrapprleave\",\"name\":\"人事审批\",\"documentation\":\"\",\"asynchronousdefinition\":\"false\",\"exclusivedefinition\":true,\"executionlisteners\":\"\",\"multiinstance_type\":\"None\",\"multiinstance_cardinality\":\"\",\"multiinstance_collection\":\"\",\"multiinstance_variable\":\"\",\"multiinstance_condition\":\"\",\"isforcompensation\":\"false\",\"usertaskassignment\":{\"assignment\":{\"assignee\":\"sd_zhb\"}},\"formkeydefinition\":\"\",\"duedatedefinition\":\"\",\"prioritydefinition\":\"\",\"formproperties\":\"\",\"tasklisteners\":\"\"},\"stencil\":{\"id\":\"UserTask\"},\"childShapes\":[],\"outgoing\":[{\"resourceId\":\"sid-38D36C60-EBE7-4377-83DF-A4D69C06757A\"}],\"bounds\":{\"lowerRight\":{\"x\":564.8333282470703,\"y\":103},\"upperLeft\":{\"x\":464.8333282470703,\"y\":23}},\"dockers\":[]},{\"resourceId\":\"sid-4B504B11-A9B7-4EB8-9E6B-91D892309BBD\",\"properties\":{\"overrideid\":\"modify\",\"name\":\"调整申请\",\"documentation\":\"\",\"asynchronousdefinition\":\"false\",\"exclusivedefinition\":\"false\",\"executionlisteners\":\"\",\"multiinstance_type\":\"None\",\"multiinstance_cardinality\":\"\",\"multiinstance_collection\":\"\",\"multiinstance_variable\":\"\",\"multiinstance_condition\":\"\",\"isforcompensation\":\"false\",\"usertaskassignment\":{\"assignment\":{\"assignee\":\"{apply}\"}},\"formkeydefinition\":\"\",\"duedatedefinition\":\"\",\"prioritydefinition\":\"\",\"formproperties\":\"\",\"tasklisteners\":\"\"},\"stencil\":{\"id\":\"UserTask\"},\"childShapes\":[],\"outgoing\":[{\"resourceId\":\"sid-3488F92C-7D12-4E34-AD39-F34064294B63\"}],\"bounds\":{\"lowerRight\":{\"x\":564.8333282470703,\"y\":260},\"upperLeft\":{\"x\":464.8333282470703,\"y\":180}},\"dockers\":[]},{\"resourceId\":\"sid-F6738435-C7C7-4C59-B834-3E1ACB62F90C\",\"properties\":{\"overrideid\":\"\",\"name\":\"\",\"documentation\":\"\",\"sequencefloworder\":\"\"},\"stencil\":{\"id\":\"ExclusiveGateway\"},\"childShapes\":[],\"outgoing\":[{\"resourceId\":\"sid-754BB97F-D89E-41C0-8F74-60D36863FD36\"},{\"resourceId\":\"sid-2E5D1D0E-D2E9-46DC-8693-0B520C07C2A2\"}],\"bounds\":{\"lowerRight\":{\"x\":649.8333282470703,\"y\":83},\"upperLeft\":{\"x\":609.8333282470703,\"y\":43}},\"dockers\":[]},{\"resourceId\":\"sid-38D36C60-EBE7-4377-83DF-A4D69C06757A\",\"properties\":{\"overrideid\":\"\",\"name\":\"\",\"documentation\":\"\",\"conditionsequenceflow\":\"\",\"executionlisteners\":\"\",\"defaultflow\":\"false\"},\"stencil\":{\"id\":\"SequenceFlow\"},\"childShapes\":[],\"outgoing\":[{\"resourceId\":\"sid-F6738435-C7C7-4C59-B834-3E1ACB62F90C\"}],\"bounds\":{\"lowerRight\":{\"x\":609.4817751170779,\"y\":63.4097335362338},\"upperLeft\":{\"x\":565.4622251270628,\"y\":63.2191727137662}},\"dockers\":[{\"x\":50,\"y\":40},{\"x\":20.5,\"y\":20.5}],\"target\":{\"resourceId\":\"sid-F6738435-C7C7-4C59-B834-3E1ACB62F90C\"}},{\"resourceId\":\"sid-C8EADF16-C167-4B88-A46F-F83BF604A517\",\"properties\":{\"overrideid\":\"\",\"name\":\"销假\",\"documentation\":\"\",\"asynchronousdefinition\":\"false\",\"exclusivedefinition\":\"false\",\"executionlisteners\":\"\",\"multiinstance_type\":\"None\",\"multiinstance_cardinality\":\"\",\"multiinstance_collection\":\"\",\"multiinstance_variable\":\"\",\"multiinstance_condition\":\"\",\"isforcompensation\":\"false\",\"usertaskassignment\":{\"assignment\":{\"assignee\":\"${apply}\"}},\"formkeydefinition\":\"\",\"duedatedefinition\":\"\",\"prioritydefinition\":\"\",\"formproperties\":\"\",\"tasklisteners\":\"\"},\"stencil\":{\"id\":\"UserTask\"},\"childShapes\":[],\"outgoing\":[{\"resourceId\":\"sid-D8C983FB-E0A6-4B5E-8B37-4E7DDDEA74CA\"}],\"bounds\":{\"lowerRight\":{\"x\":794.8333282470703,\"y\":103},\"upperLeft\":{\"x\":694.8333282470703,\"y\":23}},\"dockers\":[]},{\"resourceId\":\"sid-38C68673-77C3-4292-B86A-B99316A93CF8\",\"properties\":{\"overrideid\":\"\",\"name\":\"\",\"documentation\":\"\",\"executionlisteners\":\"\"},\"stencil\":{\"id\":\"EndNoneEvent\"},\"childShapes\":[],\"outgoing\":[],\"bounds\":{\"lowerRight\":{\"x\":758.8333282470703,\"y\":334},\"upperLeft\":{\"x\":730.8333282470703,\"y\":306}},\"dockers\":[]},{\"resourceId\":\"sid-D8C983FB-E0A6-4B5E-8B37-4E7DDDEA74CA\",\"properties\":{\"overrideid\":\"\",\"name\":\"\",\"documentation\":\"\",\"conditionsequenceflow\":\"\",\"executionlisteners\":\"\",\"defaultflow\":\"false\"},\"stencil\":{\"id\":\"SequenceFlow\"},\"childShapes\":[],\"outgoing\":[{\"resourceId\":\"sid-38C68673-77C3-4292-B86A-B99316A93CF8\"}],\"bounds\":{\"lowerRight\":{\"x\":744.8333282470703,\"y\":305.94921875},\"upperLeft\":{\"x\":744.8333282470703,\"y\":103.15234375}},\"dockers\":[{\"x\":50,\"y\":40},{\"x\":14,\"y\":14}],\"target\":{\"resourceId\":\"sid-38C68673-77C3-4292-B86A-B99316A93CF8\"}},{\"resourceId\":\"sid-E53360AE-A85B-4BDB-AA5C-C15E3851F712\",\"properties\":{\"overrideid\":\"\",\"name\":\"\",\"documentation\":\"\",\"sequencefloworder\":\"\"},\"stencil\":{\"id\":\"ExclusiveGateway\"},\"childShapes\":[],\"outgoing\":[{\"resourceId\":\"sid-54A92E37-95F9-44D6-B588-2A707F96139D\"},{\"resourceId\":\"sid-D1D7F47F-00F7-4CB3-9679-22BB2E184D45\"}],\"bounds\":{\"lowerRight\":{\"x\":534.8333282470703,\"y\":340},\"upperLeft\":{\"x\":494.8333282470703,\"y\":300}},\"dockers\":[]},{\"resourceId\":\"sid-BC5D1E15-4CD0-4F44-BAB7-4C92C03025EC\",\"properties\":{\"overrideid\":\"\",\"name\":\"同意\",\"documentation\":\"\",\"conditionsequenceflow\":\"${pass==1}\",\"executionlisteners\":\"\",\"defaultflow\":\"false\"},\"stencil\":{\"id\":\"SequenceFlow\"},\"childShapes\":[],\"outgoing\":[{\"resourceId\":\"sid-B1E14E0A-9526-4973-857E-4F16A0F40226\"}],\"bounds\":{\"lowerRight\":{\"x\":464.63411903145845,\"y\":63.41360197940781},\"upperLeft\":{\"x\":420.11847496268217,\"y\":63.21921052059219}},\"dockers\":[{\"x\":20.5,\"y\":20.5},{\"x\":50,\"y\":40}],\"target\":{\"resourceId\":\"sid-B1E14E0A-9526-4973-857E-4F16A0F40226\"}},{\"resourceId\":\"sid-754BB97F-D89E-41C0-8F74-60D36863FD36\",\"properties\":{\"overrideid\":\"\",\"name\":\"同意\",\"documentation\":\"\",\"conditionsequenceflow\":\"${pass==1}\",\"executionlisteners\":\"\",\"defaultflow\":\"false\"},\"stencil\":{\"id\":\"SequenceFlow\"},\"childShapes\":[],\"outgoing\":[{\"resourceId\":\"sid-C8EADF16-C167-4B88-A46F-F83BF604A517\"}],\"bounds\":{\"lowerRight\":{\"x\":694.6341190314585,\"y\":63.41360197940781},\"upperLeft\":{\"x\":650.1184749626822,\"y\":63.21921052059219}},\"dockers\":[{\"x\":20.5,\"y\":20.5},{\"x\":50,\"y\":40}],\"target\":{\"resourceId\":\"sid-C8EADF16-C167-4B88-A46F-F83BF604A517\"}},{\"resourceId\":\"sid-2E5D1D0E-D2E9-46DC-8693-0B520C07C2A2\",\"properties\":{\"overrideid\":\"\",\"name\":\"不同意\",\"documentation\":\"\",\"conditionsequenceflow\":\"${pass==0}\",\"executionlisteners\":\"\",\"defaultflow\":\"false\",\"showdiamondmarker\":false},\"stencil\":{\"id\":\"SequenceFlow\"},\"childShapes\":[],\"outgoing\":[{\"resourceId\":\"sid-4B504B11-A9B7-4EB8-9E6B-91D892309BBD\"}],\"bounds\":{\"lowerRight\":{\"x\":630.618421821482,\"y\":220},\"upperLeft\":{\"x\":565.5847356423253,\"y\":82.76337999302915}},\"dockers\":[{\"x\":20.78509357441169,\"y\":28.308509572333875},{\"x\":630.618421821482,\"y\":220},{\"x\":50,\"y\":40}],\"target\":{\"resourceId\":\"sid-4B504B11-A9B7-4EB8-9E6B-91D892309BBD\"}},{\"resourceId\":\"sid-C2D8F87E-3472-44F9-912C-E888439F712C\",\"properties\":{\"overrideid\":\"\",\"name\":\"不同意\",\"documentation\":\"\",\"conditionsequenceflow\":\"${pass==0}\",\"executionlisteners\":\"\",\"defaultflow\":\"false\"},\"stencil\":{\"id\":\"SequenceFlow\"},\"childShapes\":[],\"outgoing\":[{\"resourceId\":\"sid-4B504B11-A9B7-4EB8-9E6B-91D892309BBD\"}],\"bounds\":{\"lowerRight\":{\"x\":464.6341094970703,\"y\":220},\"upperLeft\":{\"x\":400.3333282470703,\"y\":83.451171875}},\"dockers\":[{\"x\":20.5,\"y\":20.5},{\"x\":400.3333282470703,\"y\":220},{\"x\":50,\"y\":40}],\"target\":{\"resourceId\":\"sid-4B504B11-A9B7-4EB8-9E6B-91D892309BBD\"}},{\"resourceId\":\"sid-3488F92C-7D12-4E34-AD39-F34064294B63\",\"properties\":{\"overrideid\":\"\",\"name\":\"\",\"documentation\":\"\",\"conditionsequenceflow\":\"\",\"executionlisteners\":\"\",\"defaultflow\":\"false\"},\"stencil\":{\"id\":\"SequenceFlow\"},\"childShapes\":[],\"outgoing\":[{\"resourceId\":\"sid-E53360AE-A85B-4BDB-AA5C-C15E3851F712\"}],\"bounds\":{\"lowerRight\":{\"x\":515.2306969342628,\"y\":299.87110612570154},\"upperLeft\":{\"x\":515.0336158098778,\"y\":260.25780012429846}},\"dockers\":[{\"x\":50,\"y\":40},{\"x\":20.5,\"y\":20.5}],\"target\":{\"resourceId\":\"sid-E53360AE-A85B-4BDB-AA5C-C15E3851F712\"}},{\"resourceId\":\"sid-54A92E37-95F9-44D6-B588-2A707F96139D\",\"properties\":{\"overrideid\":\"\",\"name\":\"重新申请\",\"documentation\":\"\",\"conditionsequenceflow\":\"${pass==1}\",\"executionlisteners\":\"\",\"defaultflow\":\"false\"},\"stencil\":{\"id\":\"SequenceFlow\"},\"childShapes\":[],\"outgoing\":[{\"resourceId\":\"sid-446CCB24-766B-48C9-985C-34B7CD63DA5E\"}],\"bounds\":{\"lowerRight\":{\"x\":494.5247344970703,\"y\":320.5},\"upperLeft\":{\"x\":284.8333282470703,\"y\":103.228515625}},\"dockers\":[{\"x\":20.5,\"y\":20.5},{\"x\":284.8333282470703,\"y\":320.5},{\"x\":50,\"y\":40}],\"target\":{\"resourceId\":\"sid-446CCB24-766B-48C9-985C-34B7CD63DA5E\"}},{\"resourceId\":\"sid-D1D7F47F-00F7-4CB3-9679-22BB2E184D45\",\"properties\":{\"overrideid\":\"\",\"name\":\"销毁\",\"documentation\":\"\",\"conditionsequenceflow\":\"${pass==0}\",\"executionlisteners\":\"\",\"defaultflow\":\"false\"},\"stencil\":{\"id\":\"SequenceFlow\"},\"childShapes\":[],\"outgoing\":[{\"resourceId\":\"sid-38C68673-77C3-4292-B86A-B99316A93CF8\"}],\"bounds\":{\"lowerRight\":{\"x\":730.3860649953181,\"y\":320.456805730933},\"upperLeft\":{\"x\":535.1594977488226,\"y\":320.031475519067}},\"dockers\":[{\"x\":20.5,\"y\":20.5},{\"x\":14,\"y\":14}],\"target\":{\"resourceId\":\"sid-38C68673-77C3-4292-B86A-B99316A93CF8\"}}],\"bounds\":{\"lowerRight\":{\"x\":1200,\"y\":1050},\"upperLeft\":{\"x\":0,\"y\":0}},\"stencilset\":{\"url\":\"stencilsets/bpmn2.0/bpmn2.0.json\",\"namespace\":\"http://b3mn.org/stencilset/bpmn2.0#\"},\"ssextensions\":[]}',NULL),('ffd2f229dec6481ba1f28c135019981b',1,'流程审批测试流程.bpmn20.xml','082adb097cf140e3abf6d49753fe7588','<?xml version=\"1.0\" encoding=\"UTF-8\"?>\n<definitions xmlns=\"http://www.omg.org/spec/BPMN/20100524/MODEL\" xmlns:xsi=\"http://www.w3.org/2001/XMLSchema-instance\" xmlns:xsd=\"http://www.w3.org/2001/XMLSchema\" xmlns:activiti=\"http://activiti.org/bpmn\" xmlns:bpmndi=\"http://www.omg.org/spec/BPMN/20100524/DI\" xmlns:omgdc=\"http://www.omg.org/spec/DD/20100524/DC\" xmlns:omgdi=\"http://www.omg.org/spec/DD/20100524/DI\" typeLanguage=\"http://www.w3.org/2001/XMLSchema\" expressionLanguage=\"http://www.w3.org/1999/XPath\" targetNamespace=\"http://www.activiti.org/test\">\n  <process id=\"test_audit\" name=\"流程审批测试流程\" isExecutable=\"true\">\n    <startEvent id=\"start\" name=\"启动审批\" activiti:initiator=\"apply\" activiti:formKey=\"/oa/testAudit/form\"></startEvent>\n    <endEvent id=\"end\" name=\"结束审批\"></endEvent>\n    <userTask id=\"modify\" name=\"员工薪酬档级修改\" activiti:assignee=\"${apply}\"></userTask>\n    <userTask id=\"audit\" name=\"薪酬主管初审\" activiti:assignee=\"krazy\"></userTask>\n    <exclusiveGateway id=\"sid-C28BB5F6-013D-4570-B432-61B380C1F46F\"></exclusiveGateway>\n    <userTask id=\"audit2\" name=\"集团人力资源部部长审核\" activiti:assignee=\"thinkgem\"></userTask>\n    <exclusiveGateway id=\"sid-ED46FE41-A0FD-496D-86DC-2C97AF5735F0\"></exclusiveGateway>\n    <sequenceFlow id=\"sid-EF2F51BB-1D99-4F0B-ACF2-B6C1300A7D2B\" sourceRef=\"audit2\" targetRef=\"sid-ED46FE41-A0FD-496D-86DC-2C97AF5735F0\"></sequenceFlow>\n    <userTask id=\"audit3\" name=\"集团人力资源部分管领导审核\" activiti:candidateGroups=\"e\"></userTask>\n    <exclusiveGateway id=\"sid-FE485B2D-9A23-4236-BD0D-D788CA6E30E4\"></exclusiveGateway>\n    <sequenceFlow id=\"sid-3DBCD661-5720-4480-8156-748BE0275FEF\" sourceRef=\"audit3\" targetRef=\"sid-FE485B2D-9A23-4236-BD0D-D788CA6E30E4\"></sequenceFlow>\n    <userTask id=\"audit4\" name=\"集团总经理审批\" activiti:assignee=\"thinkgem\"></userTask>\n    <exclusiveGateway id=\"sid-3F53B6BD-F8F3-496B-AC08-50630BD11477\"></exclusiveGateway>\n    <userTask id=\"apply_end\" name=\"薪酬档级兑现\" activiti:assignee=\"thinkgem\"></userTask>\n    <sequenceFlow id=\"sid-02DB2AD9-1332-4198-AC8D-22A35169D15C\" sourceRef=\"audit4\" targetRef=\"sid-3F53B6BD-F8F3-496B-AC08-50630BD11477\"></sequenceFlow>\n    <sequenceFlow id=\"sid-2AB7C01A-50EE-4AAC-8C8F-F6E1935B3DA7\" sourceRef=\"audit\" targetRef=\"sid-C28BB5F6-013D-4570-B432-61B380C1F46F\"></sequenceFlow>\n    <sequenceFlow id=\"sid-36E50C8B-6C7C-4968-B02D-EBAA425BF4BE\" sourceRef=\"start\" targetRef=\"audit\"></sequenceFlow>\n    <sequenceFlow id=\"sid-7D723190-1432-411D-A4A4-774225E54CD9\" name=\"是\" sourceRef=\"sid-3F53B6BD-F8F3-496B-AC08-50630BD11477\" targetRef=\"apply_end\">\n      <conditionExpression xsi:type=\"tFormalExpression\"><![CDATA[${pass==1}]]></conditionExpression>\n    </sequenceFlow>\n    <sequenceFlow id=\"sid-D44CAD43-0271-4920-A524-9B8533E52550\" name=\"是\" sourceRef=\"sid-FE485B2D-9A23-4236-BD0D-D788CA6E30E4\" targetRef=\"audit4\">\n      <conditionExpression xsi:type=\"tFormalExpression\"><![CDATA[${pass==1}]]></conditionExpression>\n    </sequenceFlow>\n    <exclusiveGateway id=\"sid-5FED02D6-C388-48C6-870E-097DB2131EA0\"></exclusiveGateway>\n    <sequenceFlow id=\"sid-163DBC60-DBC9-438B-971A-67738FB7715A\" sourceRef=\"modify\" targetRef=\"sid-5FED02D6-C388-48C6-870E-097DB2131EA0\"></sequenceFlow>\n    <sequenceFlow id=\"sid-8448EF4A-B62E-4899-ABC2-0E2DB2AE6838\" name=\"重新申请\" sourceRef=\"sid-5FED02D6-C388-48C6-870E-097DB2131EA0\" targetRef=\"audit\">\n      <conditionExpression xsi:type=\"tFormalExpression\"><![CDATA[${pass==1}]]></conditionExpression>\n    </sequenceFlow>\n    <sequenceFlow id=\"sid-A7589084-4623-4FEA-A774-00A70DDC1D20\" name=\"是\" sourceRef=\"sid-ED46FE41-A0FD-496D-86DC-2C97AF5735F0\" targetRef=\"audit3\">\n      <conditionExpression xsi:type=\"tFormalExpression\"><![CDATA[${pass==1}]]></conditionExpression>\n    </sequenceFlow>\n    <sequenceFlow id=\"sid-FA618636-3708-4D0C-8514-29A4BB8BC926\" name=\"否\" sourceRef=\"sid-ED46FE41-A0FD-496D-86DC-2C97AF5735F0\" targetRef=\"modify\">\n      <conditionExpression xsi:type=\"tFormalExpression\"><![CDATA[${pass==0}]]></conditionExpression>\n    </sequenceFlow>\n    <sequenceFlow id=\"sid-1525BFF4-3E9D-4D8A-BF80-1F63AFE16289\" name=\"否\" sourceRef=\"sid-FE485B2D-9A23-4236-BD0D-D788CA6E30E4\" targetRef=\"modify\">\n      <conditionExpression xsi:type=\"tFormalExpression\"><![CDATA[${pass==0}]]></conditionExpression>\n    </sequenceFlow>\n    <sequenceFlow id=\"sid-35CC8C6C-1067-4398-991C-CCF955115965\" name=\"否\" sourceRef=\"sid-3F53B6BD-F8F3-496B-AC08-50630BD11477\" targetRef=\"modify\">\n      <conditionExpression xsi:type=\"tFormalExpression\"><![CDATA[${pass==0}]]></conditionExpression>\n    </sequenceFlow>\n    <sequenceFlow id=\"sid-BDB0AAB2-7E50-4D35-80EE-CE0BECDD9F57\" sourceRef=\"apply_end\" targetRef=\"end\"></sequenceFlow>\n    <sequenceFlow id=\"sid-44AFB9C1-4057-4C48-B1F2-1EC897A52CB7\" name=\"销毁\" sourceRef=\"sid-5FED02D6-C388-48C6-870E-097DB2131EA0\" targetRef=\"end\">\n      <conditionExpression xsi:type=\"tFormalExpression\"><![CDATA[${pass==0}]]></conditionExpression>\n    </sequenceFlow>\n    <sequenceFlow id=\"sid-53258502-43EE-4DE8-B1A4-DBD11922B8AF\" name=\"否\" sourceRef=\"sid-C28BB5F6-013D-4570-B432-61B380C1F46F\" targetRef=\"modify\">\n      <conditionExpression xsi:type=\"tFormalExpression\"><![CDATA[${pass==0}]]></conditionExpression>\n    </sequenceFlow>\n    <sequenceFlow id=\"sid-72258A41-203E-428C-B71D-CA3506252D73\" name=\"是\" sourceRef=\"sid-C28BB5F6-013D-4570-B432-61B380C1F46F\" targetRef=\"audit2\">\n      <conditionExpression xsi:type=\"tFormalExpression\"><![CDATA[${pass==1}]]></conditionExpression>\n    </sequenceFlow>\n  </process>\n  <bpmndi:BPMNDiagram id=\"BPMNDiagram_test_audit\">\n    <bpmndi:BPMNPlane bpmnElement=\"test_audit\" id=\"BPMNPlane_test_audit\">\n      <bpmndi:BPMNShape bpmnElement=\"start\" id=\"BPMNShape_start\">\n        <omgdc:Bounds height=\"30.0\" width=\"30.0\" x=\"30.0\" y=\"245.0\"></omgdc:Bounds>\n      </bpmndi:BPMNShape>\n      <bpmndi:BPMNShape bpmnElement=\"end\" id=\"BPMNShape_end\">\n        <omgdc:Bounds height=\"28.0\" width=\"28.0\" x=\"975.0\" y=\"356.0\"></omgdc:Bounds>\n      </bpmndi:BPMNShape>\n      <bpmndi:BPMNShape bpmnElement=\"modify\" id=\"BPMNShape_modify\">\n        <omgdc:Bounds height=\"58.0\" width=\"102.0\" x=\"209.0\" y=\"135.0\"></omgdc:Bounds>\n      </bpmndi:BPMNShape>\n      <bpmndi:BPMNShape bpmnElement=\"audit\" id=\"BPMNShape_audit\">\n        <omgdc:Bounds height=\"57.0\" width=\"96.0\" x=\"105.0\" y=\"231.5\"></omgdc:Bounds>\n      </bpmndi:BPMNShape>\n      <bpmndi:BPMNShape bpmnElement=\"sid-C28BB5F6-013D-4570-B432-61B380C1F46F\" id=\"BPMNShape_sid-C28BB5F6-013D-4570-B432-61B380C1F46F\">\n        <omgdc:Bounds height=\"40.0\" width=\"40.0\" x=\"240.0\" y=\"240.0\"></omgdc:Bounds>\n      </bpmndi:BPMNShape>\n      <bpmndi:BPMNShape bpmnElement=\"audit2\" id=\"BPMNShape_audit2\">\n        <omgdc:Bounds height=\"80.0\" width=\"100.0\" x=\"210.0\" y=\"330.0\"></omgdc:Bounds>\n      </bpmndi:BPMNShape>\n      <bpmndi:BPMNShape bpmnElement=\"sid-ED46FE41-A0FD-496D-86DC-2C97AF5735F0\" id=\"BPMNShape_sid-ED46FE41-A0FD-496D-86DC-2C97AF5735F0\">\n        <omgdc:Bounds height=\"40.0\" width=\"40.0\" x=\"345.0\" y=\"350.0\"></omgdc:Bounds>\n      </bpmndi:BPMNShape>\n      <bpmndi:BPMNShape bpmnElement=\"audit3\" id=\"BPMNShape_audit3\">\n        <omgdc:Bounds height=\"80.0\" width=\"100.0\" x=\"420.0\" y=\"330.0\"></omgdc:Bounds>\n      </bpmndi:BPMNShape>\n      <bpmndi:BPMNShape bpmnElement=\"sid-FE485B2D-9A23-4236-BD0D-D788CA6E30E4\" id=\"BPMNShape_sid-FE485B2D-9A23-4236-BD0D-D788CA6E30E4\">\n        <omgdc:Bounds height=\"40.0\" width=\"40.0\" x=\"555.0\" y=\"350.0\"></omgdc:Bounds>\n      </bpmndi:BPMNShape>\n      <bpmndi:BPMNShape bpmnElement=\"audit4\" id=\"BPMNShape_audit4\">\n        <omgdc:Bounds height=\"80.0\" width=\"100.0\" x=\"630.0\" y=\"330.0\"></omgdc:Bounds>\n      </bpmndi:BPMNShape>\n      <bpmndi:BPMNShape bpmnElement=\"sid-3F53B6BD-F8F3-496B-AC08-50630BD11477\" id=\"BPMNShape_sid-3F53B6BD-F8F3-496B-AC08-50630BD11477\">\n        <omgdc:Bounds height=\"40.0\" width=\"40.0\" x=\"765.0\" y=\"350.0\"></omgdc:Bounds>\n      </bpmndi:BPMNShape>\n      <bpmndi:BPMNShape bpmnElement=\"apply_end\" id=\"BPMNShape_apply_end\">\n        <omgdc:Bounds height=\"80.0\" width=\"100.0\" x=\"840.0\" y=\"330.0\"></omgdc:Bounds>\n      </bpmndi:BPMNShape>\n      <bpmndi:BPMNShape bpmnElement=\"sid-5FED02D6-C388-48C6-870E-097DB2131EA0\" id=\"BPMNShape_sid-5FED02D6-C388-48C6-870E-097DB2131EA0\">\n        <omgdc:Bounds height=\"40.0\" width=\"40.0\" x=\"240.0\" y=\"45.0\"></omgdc:Bounds>\n      </bpmndi:BPMNShape>\n      <bpmndi:BPMNEdge bpmnElement=\"sid-02DB2AD9-1332-4198-AC8D-22A35169D15C\" id=\"BPMNEdge_sid-02DB2AD9-1332-4198-AC8D-22A35169D15C\">\n        <omgdi:waypoint x=\"730.0\" y=\"370.0\"></omgdi:waypoint>\n        <omgdi:waypoint x=\"765.0\" y=\"370.0\"></omgdi:waypoint>\n      </bpmndi:BPMNEdge>\n      <bpmndi:BPMNEdge bpmnElement=\"sid-36E50C8B-6C7C-4968-B02D-EBAA425BF4BE\" id=\"BPMNEdge_sid-36E50C8B-6C7C-4968-B02D-EBAA425BF4BE\">\n        <omgdi:waypoint x=\"60.0\" y=\"260.0\"></omgdi:waypoint>\n        <omgdi:waypoint x=\"105.0\" y=\"260.0\"></omgdi:waypoint>\n      </bpmndi:BPMNEdge>\n      <bpmndi:BPMNEdge bpmnElement=\"sid-8448EF4A-B62E-4899-ABC2-0E2DB2AE6838\" id=\"BPMNEdge_sid-8448EF4A-B62E-4899-ABC2-0E2DB2AE6838\">\n        <omgdi:waypoint x=\"240.0\" y=\"65.0\"></omgdi:waypoint>\n        <omgdi:waypoint x=\"153.0\" y=\"65.0\"></omgdi:waypoint>\n        <omgdi:waypoint x=\"153.0\" y=\"231.5\"></omgdi:waypoint>\n        <bpmndi:BPMNLabel>\n          <omgdc:Bounds height=\"0.0\" width=\"0.0\" x=\"240.0\" y=\"65.0\"></omgdc:Bounds>\n        </bpmndi:BPMNLabel>\n      </bpmndi:BPMNEdge>\n      <bpmndi:BPMNEdge bpmnElement=\"sid-7D723190-1432-411D-A4A4-774225E54CD9\" id=\"BPMNEdge_sid-7D723190-1432-411D-A4A4-774225E54CD9\">\n        <omgdi:waypoint x=\"805.0\" y=\"370.0\"></omgdi:waypoint>\n        <omgdi:waypoint x=\"840.0\" y=\"370.0\"></omgdi:waypoint>\n        <bpmndi:BPMNLabel>\n          <omgdc:Bounds height=\"0.0\" width=\"0.0\" x=\"805.0\" y=\"370.0\"></omgdc:Bounds>\n        </bpmndi:BPMNLabel>\n      </bpmndi:BPMNEdge>\n      <bpmndi:BPMNEdge bpmnElement=\"sid-A7589084-4623-4FEA-A774-00A70DDC1D20\" id=\"BPMNEdge_sid-A7589084-4623-4FEA-A774-00A70DDC1D20\">\n        <omgdi:waypoint x=\"385.0\" y=\"370.0\"></omgdi:waypoint>\n        <omgdi:waypoint x=\"420.0\" y=\"370.0\"></omgdi:waypoint>\n        <bpmndi:BPMNLabel>\n          <omgdc:Bounds height=\"0.0\" width=\"0.0\" x=\"385.0\" y=\"370.0\"></omgdc:Bounds>\n        </bpmndi:BPMNLabel>\n      </bpmndi:BPMNEdge>\n      <bpmndi:BPMNEdge bpmnElement=\"sid-53258502-43EE-4DE8-B1A4-DBD11922B8AF\" id=\"BPMNEdge_sid-53258502-43EE-4DE8-B1A4-DBD11922B8AF\">\n        <omgdi:waypoint x=\"260.0\" y=\"240.0\"></omgdi:waypoint>\n        <omgdi:waypoint x=\"260.0\" y=\"193.0\"></omgdi:waypoint>\n        <bpmndi:BPMNLabel>\n          <omgdc:Bounds height=\"0.0\" width=\"0.0\" x=\"260.0\" y=\"240.0\"></omgdc:Bounds>\n        </bpmndi:BPMNLabel>\n      </bpmndi:BPMNEdge>\n      <bpmndi:BPMNEdge bpmnElement=\"sid-35CC8C6C-1067-4398-991C-CCF955115965\" id=\"BPMNEdge_sid-35CC8C6C-1067-4398-991C-CCF955115965\">\n        <omgdi:waypoint x=\"785.0\" y=\"350.0\"></omgdi:waypoint>\n        <omgdi:waypoint x=\"785.0\" y=\"164.0\"></omgdi:waypoint>\n        <omgdi:waypoint x=\"311.0\" y=\"164.0\"></omgdi:waypoint>\n        <bpmndi:BPMNLabel>\n          <omgdc:Bounds height=\"0.0\" width=\"0.0\" x=\"785.0\" y=\"350.0\"></omgdc:Bounds>\n        </bpmndi:BPMNLabel>\n      </bpmndi:BPMNEdge>\n      <bpmndi:BPMNEdge bpmnElement=\"sid-2AB7C01A-50EE-4AAC-8C8F-F6E1935B3DA7\" id=\"BPMNEdge_sid-2AB7C01A-50EE-4AAC-8C8F-F6E1935B3DA7\">\n        <omgdi:waypoint x=\"201.0\" y=\"260.0\"></omgdi:waypoint>\n        <omgdi:waypoint x=\"240.0\" y=\"260.0\"></omgdi:waypoint>\n      </bpmndi:BPMNEdge>\n      <bpmndi:BPMNEdge bpmnElement=\"sid-1525BFF4-3E9D-4D8A-BF80-1F63AFE16289\" id=\"BPMNEdge_sid-1525BFF4-3E9D-4D8A-BF80-1F63AFE16289\">\n        <omgdi:waypoint x=\"575.0\" y=\"350.0\"></omgdi:waypoint>\n        <omgdi:waypoint x=\"575.0\" y=\"164.0\"></omgdi:waypoint>\n        <omgdi:waypoint x=\"311.0\" y=\"164.0\"></omgdi:waypoint>\n        <bpmndi:BPMNLabel>\n          <omgdc:Bounds height=\"0.0\" width=\"0.0\" x=\"575.0\" y=\"350.0\"></omgdc:Bounds>\n        </bpmndi:BPMNLabel>\n      </bpmndi:BPMNEdge>\n      <bpmndi:BPMNEdge bpmnElement=\"sid-3DBCD661-5720-4480-8156-748BE0275FEF\" id=\"BPMNEdge_sid-3DBCD661-5720-4480-8156-748BE0275FEF\">\n        <omgdi:waypoint x=\"520.0\" y=\"370.0\"></omgdi:waypoint>\n        <omgdi:waypoint x=\"555.0\" y=\"370.0\"></omgdi:waypoint>\n      </bpmndi:BPMNEdge>\n      <bpmndi:BPMNEdge bpmnElement=\"sid-163DBC60-DBC9-438B-971A-67738FB7715A\" id=\"BPMNEdge_sid-163DBC60-DBC9-438B-971A-67738FB7715A\">\n        <omgdi:waypoint x=\"260.0\" y=\"135.0\"></omgdi:waypoint>\n        <omgdi:waypoint x=\"260.0\" y=\"85.0\"></omgdi:waypoint>\n      </bpmndi:BPMNEdge>\n      <bpmndi:BPMNEdge bpmnElement=\"sid-44AFB9C1-4057-4C48-B1F2-1EC897A52CB7\" id=\"BPMNEdge_sid-44AFB9C1-4057-4C48-B1F2-1EC897A52CB7\">\n        <omgdi:waypoint x=\"280.0\" y=\"65.0\"></omgdi:waypoint>\n        <omgdi:waypoint x=\"989.0\" y=\"65.0\"></omgdi:waypoint>\n        <omgdi:waypoint x=\"989.0\" y=\"356.0\"></omgdi:waypoint>\n        <bpmndi:BPMNLabel>\n          <omgdc:Bounds height=\"0.0\" width=\"0.0\" x=\"280.0\" y=\"65.0\"></omgdc:Bounds>\n        </bpmndi:BPMNLabel>\n      </bpmndi:BPMNEdge>\n      <bpmndi:BPMNEdge bpmnElement=\"sid-BDB0AAB2-7E50-4D35-80EE-CE0BECDD9F57\" id=\"BPMNEdge_sid-BDB0AAB2-7E50-4D35-80EE-CE0BECDD9F57\">\n        <omgdi:waypoint x=\"940.0\" y=\"370.0\"></omgdi:waypoint>\n        <omgdi:waypoint x=\"975.0\" y=\"370.0\"></omgdi:waypoint>\n      </bpmndi:BPMNEdge>\n      <bpmndi:BPMNEdge bpmnElement=\"sid-FA618636-3708-4D0C-8514-29A4BB8BC926\" id=\"BPMNEdge_sid-FA618636-3708-4D0C-8514-29A4BB8BC926\">\n        <omgdi:waypoint x=\"365.0\" y=\"350.0\"></omgdi:waypoint>\n        <omgdi:waypoint x=\"365.0\" y=\"164.0\"></omgdi:waypoint>\n        <omgdi:waypoint x=\"311.0\" y=\"164.0\"></omgdi:waypoint>\n        <bpmndi:BPMNLabel>\n          <omgdc:Bounds height=\"0.0\" width=\"0.0\" x=\"365.0\" y=\"350.0\"></omgdc:Bounds>\n        </bpmndi:BPMNLabel>\n      </bpmndi:BPMNEdge>\n      <bpmndi:BPMNEdge bpmnElement=\"sid-72258A41-203E-428C-B71D-CA3506252D73\" id=\"BPMNEdge_sid-72258A41-203E-428C-B71D-CA3506252D73\">\n        <omgdi:waypoint x=\"260.0\" y=\"280.0\"></omgdi:waypoint>\n        <omgdi:waypoint x=\"260.0\" y=\"330.0\"></omgdi:waypoint>\n        <bpmndi:BPMNLabel>\n          <omgdc:Bounds height=\"0.0\" width=\"0.0\" x=\"260.0\" y=\"280.0\"></omgdc:Bounds>\n        </bpmndi:BPMNLabel>\n      </bpmndi:BPMNEdge>\n      <bpmndi:BPMNEdge bpmnElement=\"sid-D44CAD43-0271-4920-A524-9B8533E52550\" id=\"BPMNEdge_sid-D44CAD43-0271-4920-A524-9B8533E52550\">\n        <omgdi:waypoint x=\"595.0\" y=\"370.0\"></omgdi:waypoint>\n        <omgdi:waypoint x=\"630.0\" y=\"370.0\"></omgdi:waypoint>\n        <bpmndi:BPMNLabel>\n          <omgdc:Bounds height=\"0.0\" width=\"0.0\" x=\"595.0\" y=\"370.0\"></omgdc:Bounds>\n        </bpmndi:BPMNLabel>\n      </bpmndi:BPMNEdge>\n      <bpmndi:BPMNEdge bpmnElement=\"sid-EF2F51BB-1D99-4F0B-ACF2-B6C1300A7D2B\" id=\"BPMNEdge_sid-EF2F51BB-1D99-4F0B-ACF2-B6C1300A7D2B\">\n        <omgdi:waypoint x=\"310.0\" y=\"370.0\"></omgdi:waypoint>\n        <omgdi:waypoint x=\"345.0\" y=\"370.0\"></omgdi:waypoint>\n      </bpmndi:BPMNEdge>\n    </bpmndi:BPMNPlane>\n  </bpmndi:BPMNDiagram>\n</definitions>',0);
/*!40000 ALTER TABLE `ACT_GE_BYTEARRAY` ENABLE KEYS */;
UNLOCK TABLES;

--
-- Table structure for table `ACT_GE_PROPERTY`
--

DROP TABLE IF EXISTS `ACT_GE_PROPERTY`;
/*!40101 SET @saved_cs_client     = @@character_set_client */;
/*!40101 SET character_set_client = utf8 */;
CREATE TABLE `ACT_GE_PROPERTY` (
  `NAME_` varchar(64) COLLATE utf8_bin NOT NULL DEFAULT '',
  `VALUE_` varchar(300) COLLATE utf8_bin DEFAULT NULL,
  `REV_` int(11) DEFAULT NULL,
  PRIMARY KEY (`NAME_`)
) ENGINE=InnoDB DEFAULT CHARSET=utf8 COLLATE=utf8_bin;
/*!40101 SET character_set_client = @saved_cs_client */;

--
-- Dumping data for table `ACT_GE_PROPERTY`
--

LOCK TABLES `ACT_GE_PROPERTY` WRITE;
/*!40000 ALTER TABLE `ACT_GE_PROPERTY` DISABLE KEYS */;
INSERT INTO `ACT_GE_PROPERTY` VALUES ('next.dbid','1',1),('schema.history','create(5.15.1) upgrade(5.15.1->5.21.0.0)',2),('schema.version','5.21.0.0',2);
/*!40000 ALTER TABLE `ACT_GE_PROPERTY` ENABLE KEYS */;
UNLOCK TABLES;

--
-- Table structure for table `ACT_HI_ACTINST`
--

DROP TABLE IF EXISTS `ACT_HI_ACTINST`;
/*!40101 SET @saved_cs_client     = @@character_set_client */;
/*!40101 SET character_set_client = utf8 */;
CREATE TABLE `ACT_HI_ACTINST` (
  `ID_` varchar(64) COLLATE utf8_bin NOT NULL,
  `PROC_DEF_ID_` varchar(64) COLLATE utf8_bin NOT NULL,
  `PROC_INST_ID_` varchar(64) COLLATE utf8_bin NOT NULL,
  `EXECUTION_ID_` varchar(64) COLLATE utf8_bin NOT NULL,
  `ACT_ID_` varchar(255) COLLATE utf8_bin NOT NULL,
  `TASK_ID_` varchar(64) COLLATE utf8_bin DEFAULT NULL,
  `CALL_PROC_INST_ID_` varchar(64) COLLATE utf8_bin DEFAULT NULL,
  `ACT_NAME_` varchar(255) COLLATE utf8_bin DEFAULT NULL,
  `ACT_TYPE_` varchar(255) COLLATE utf8_bin NOT NULL,
  `ASSIGNEE_` varchar(255) COLLATE utf8_bin DEFAULT NULL,
  `START_TIME_` datetime NOT NULL,
  `END_TIME_` datetime DEFAULT NULL,
  `DURATION_` bigint(20) DEFAULT NULL,
  `TENANT_ID_` varchar(255) COLLATE utf8_bin DEFAULT '',
  PRIMARY KEY (`ID_`),
  KEY `ACT_IDX_HI_ACT_INST_START` (`START_TIME_`),
  KEY `ACT_IDX_HI_ACT_INST_END` (`END_TIME_`),
  KEY `ACT_IDX_HI_ACT_INST_PROCINST` (`PROC_INST_ID_`,`ACT_ID_`),
  KEY `ACT_IDX_HI_ACT_INST_EXEC` (`EXECUTION_ID_`,`ACT_ID_`)
) ENGINE=InnoDB DEFAULT CHARSET=utf8 COLLATE=utf8_bin;
/*!40101 SET character_set_client = @saved_cs_client */;

--
-- Dumping data for table `ACT_HI_ACTINST`
--

LOCK TABLES `ACT_HI_ACTINST` WRITE;
/*!40000 ALTER TABLE `ACT_HI_ACTINST` DISABLE KEYS */;
INSERT INTO `ACT_HI_ACTINST` VALUES ('090d5474cb85456bbe61e685b59e66f8','test_audit:2:c9dcfb8a59a84992bccc835439b65369','90626ac5bd954c3eb3d2794de43274e7','90626ac5bd954c3eb3d2794de43274e7','sid-C28BB5F6-013D-4570-B432-61B380C1F46F',NULL,NULL,NULL,'exclusiveGateway',NULL,'2016-11-18 17:28:30','2016-11-18 17:28:30',0,''),('166293e7758142d280fdf5e1c3c1502f','test_audit:1:6158a19d348746b3804bc4b96a2d2eab','70f95f8222ba475086097e0b6f9d1128','70f95f8222ba475086097e0b6f9d1128','audit','d609a33f915e422b98744a5ce10cd200',NULL,'薪酬主管初审','userTask','thinkgem','2016-11-18 17:25:53',NULL,NULL,''),('251a377fdeef4f738a22dd1cf579d54f','test_audit:1:6158a19d348746b3804bc4b96a2d2eab','70f95f8222ba475086097e0b6f9d1128','70f95f8222ba475086097e0b6f9d1128','audit','a733e010965d4c9c822bbf21661e565e',NULL,'薪酬主管初审','userTask','thinkgem','2016-11-18 15:39:32','2016-11-18 15:43:14',221826,''),('34503adb483949ea8d5f2068b8a84c81','test_audit:4:0d5eec2ef1c74c3692806f76438d3758','e4171b0b4494435cbf9870c1d1e809b7','e4171b0b4494435cbf9870c1d1e809b7','audit','e8c3e4ba661942c987903d5cad6f3c8b',NULL,'薪酬主管初审','userTask','lx_admin','2016-11-18 17:48:41',NULL,NULL,''),('3698249054414115925b887abe339b85','test_audit:4:0d5eec2ef1c74c3692806f76438d3758','e4171b0b4494435cbf9870c1d1e809b7','e4171b0b4494435cbf9870c1d1e809b7','start',NULL,NULL,'启动审批','startEvent',NULL,'2016-11-18 17:48:41','2016-11-18 17:48:41',40,''),('5802681fe26b43d898458b567c906716','test_audit:1:6158a19d348746b3804bc4b96a2d2eab','70f95f8222ba475086097e0b6f9d1128','70f95f8222ba475086097e0b6f9d1128','audit3','7a07cc246bd247a892d64cfd2a01a32d',NULL,'集团人力资源部分管领导审核','userTask','thinkgem','2016-11-18 15:43:31','2016-11-18 15:43:40',8673,''),('69587178842b403986965c0928daecc9','test_audit:2:c9dcfb8a59a84992bccc835439b65369','90626ac5bd954c3eb3d2794de43274e7','90626ac5bd954c3eb3d2794de43274e7','audit','03e950ad6a624485a0bd0fd597605674',NULL,'薪酬主管初审','userTask','krazy','2016-11-18 17:27:44','2016-11-18 17:28:30',45787,''),('7be0813f292d4ae699f2bfea333d3ba9','test_audit:3:cbcfed059401425781f920f53a35f9cc','7eadb94af8514b8c99b02cabd158643d','7eadb94af8514b8c99b02cabd158643d','audit','aa16a5e06bf3426a8ccdf39c70db16c9',NULL,'薪酬主管初审','userTask','{dirct}','2016-11-18 17:41:27',NULL,NULL,''),('85ce2ad124a24b158cbb1a4ef91adead','test_audit:1:6158a19d348746b3804bc4b96a2d2eab','70f95f8222ba475086097e0b6f9d1128','70f95f8222ba475086097e0b6f9d1128','sid-FE485B2D-9A23-4236-BD0D-D788CA6E30E4',NULL,NULL,NULL,'exclusiveGateway',NULL,'2016-11-18 15:43:40','2016-11-18 15:43:40',0,''),('a354fa84c2394d749a9f6c9528035a8b','test_audit:2:c9dcfb8a59a84992bccc835439b65369','90626ac5bd954c3eb3d2794de43274e7','90626ac5bd954c3eb3d2794de43274e7','sid-FE485B2D-9A23-4236-BD0D-D788CA6E30E4',NULL,NULL,NULL,'exclusiveGateway',NULL,'2016-11-18 17:32:10','2016-11-18 17:32:10',0,''),('a648ddaab5af455fab141267873a8460','test_audit:1:6158a19d348746b3804bc4b96a2d2eab','70f95f8222ba475086097e0b6f9d1128','70f95f8222ba475086097e0b6f9d1128','audit2','44965d13b1fb45768511a5a8a521e104',NULL,'集团人力资源部部长审核','userTask','thinkgem','2016-11-18 15:43:14','2016-11-18 15:43:31',17191,''),('a67f525e1eb94bfbac3241a3e4229b7c','test_audit:1:6158a19d348746b3804bc4b96a2d2eab','70f95f8222ba475086097e0b6f9d1128','70f95f8222ba475086097e0b6f9d1128','start',NULL,NULL,'启动审批','startEvent',NULL,'2016-11-18 15:39:32','2016-11-18 15:39:32',67,''),('bb11325e7fe84155b008f0dbcb64bdfc','test_audit:2:c9dcfb8a59a84992bccc835439b65369','90626ac5bd954c3eb3d2794de43274e7','90626ac5bd954c3eb3d2794de43274e7','audit4','cbd286cdca3a42cb8f9b0f1a3ed3df7a',NULL,'集团总经理审批','userTask','thinkgem','2016-11-18 17:32:10',NULL,NULL,''),('c1fe307836b749128d33303a9ec11f3b','test_audit:2:c9dcfb8a59a84992bccc835439b65369','90626ac5bd954c3eb3d2794de43274e7','90626ac5bd954c3eb3d2794de43274e7','sid-ED46FE41-A0FD-496D-86DC-2C97AF5735F0',NULL,NULL,NULL,'exclusiveGateway',NULL,'2016-11-18 17:29:30','2016-11-18 17:29:30',0,''),('c8646fbf044f4d3b94684ff4d80388fa','test_audit:2:c9dcfb8a59a84992bccc835439b65369','90626ac5bd954c3eb3d2794de43274e7','90626ac5bd954c3eb3d2794de43274e7','audit2','b69a5d12a7a24df0a595da7bb71a766a',NULL,'集团人力资源部部长审核','userTask','thinkgem','2016-11-18 17:28:30','2016-11-18 17:29:30',60427,''),('d854efad58b5461ca53af81df46ce3a7','test_audit:1:6158a19d348746b3804bc4b96a2d2eab','70f95f8222ba475086097e0b6f9d1128','70f95f8222ba475086097e0b6f9d1128','modify','0869dfc2a65e43da96303f8ce42cd7c7',NULL,'员工薪酬档级修改','userTask','krazy','2016-11-18 15:43:40','2016-11-18 17:25:53',6132529,''),('e48cc5d417c24e7a87b354a6d6ffa56a','test_audit:2:c9dcfb8a59a84992bccc835439b65369','90626ac5bd954c3eb3d2794de43274e7','90626ac5bd954c3eb3d2794de43274e7','audit3','3ac90cb83004490997696f92b4369125',NULL,'集团人力资源部分管领导审核','userTask','jn_admin','2016-11-18 17:29:30','2016-11-18 17:32:10',159577,''),('e87f77105b85491cbfcb256dba6952bf','test_audit:3:cbcfed059401425781f920f53a35f9cc','7eadb94af8514b8c99b02cabd158643d','7eadb94af8514b8c99b02cabd158643d','start',NULL,NULL,'启动审批','startEvent',NULL,'2016-11-18 17:41:27','2016-11-18 17:41:27',43,''),('ea3e52cf2d98479ca126d34f6c28bef3','test_audit:1:6158a19d348746b3804bc4b96a2d2eab','70f95f8222ba475086097e0b6f9d1128','70f95f8222ba475086097e0b6f9d1128','sid-5FED02D6-C388-48C6-870E-097DB2131EA0',NULL,NULL,NULL,'exclusiveGateway',NULL,'2016-11-18 17:25:53','2016-11-18 17:25:53',13,''),('f004381da38745aeac94e9b16be0d604','test_audit:1:6158a19d348746b3804bc4b96a2d2eab','70f95f8222ba475086097e0b6f9d1128','70f95f8222ba475086097e0b6f9d1128','sid-ED46FE41-A0FD-496D-86DC-2C97AF5735F0',NULL,NULL,NULL,'exclusiveGateway',NULL,'2016-11-18 15:43:31','2016-11-18 15:43:31',8,''),('f1ddff0987814d3ebf1f526a5515a8af','test_audit:2:c9dcfb8a59a84992bccc835439b65369','90626ac5bd954c3eb3d2794de43274e7','90626ac5bd954c3eb3d2794de43274e7','start',NULL,NULL,'启动审批','startEvent',NULL,'2016-11-18 17:27:44','2016-11-18 17:27:44',7,''),('fd24a6271ea944fbbb6935699a6a2c0c','test_audit:1:6158a19d348746b3804bc4b96a2d2eab','70f95f8222ba475086097e0b6f9d1128','70f95f8222ba475086097e0b6f9d1128','sid-C28BB5F6-013D-4570-B432-61B380C1F46F',NULL,NULL,NULL,'exclusiveGateway',NULL,'2016-11-18 15:43:14','2016-11-18 15:43:14',54,'');
/*!40000 ALTER TABLE `ACT_HI_ACTINST` ENABLE KEYS */;
UNLOCK TABLES;

--
-- Table structure for table `ACT_HI_ATTACHMENT`
--

DROP TABLE IF EXISTS `ACT_HI_ATTACHMENT`;
/*!40101 SET @saved_cs_client     = @@character_set_client */;
/*!40101 SET character_set_client = utf8 */;
CREATE TABLE `ACT_HI_ATTACHMENT` (
  `ID_` varchar(64) COLLATE utf8_bin NOT NULL,
  `REV_` int(11) DEFAULT NULL,
  `USER_ID_` varchar(255) COLLATE utf8_bin DEFAULT NULL,
  `NAME_` varchar(255) COLLATE utf8_bin DEFAULT NULL,
  `DESCRIPTION_` varchar(4000) COLLATE utf8_bin DEFAULT NULL,
  `TYPE_` varchar(255) COLLATE utf8_bin DEFAULT NULL,
  `TASK_ID_` varchar(64) COLLATE utf8_bin DEFAULT NULL,
  `PROC_INST_ID_` varchar(64) COLLATE utf8_bin DEFAULT NULL,
  `URL_` varchar(4000) COLLATE utf8_bin DEFAULT NULL,
  `CONTENT_ID_` varchar(64) COLLATE utf8_bin DEFAULT NULL,
  `TIME_` datetime(3) DEFAULT NULL,
  PRIMARY KEY (`ID_`)
) ENGINE=InnoDB DEFAULT CHARSET=utf8 COLLATE=utf8_bin;
/*!40101 SET character_set_client = @saved_cs_client */;

--
-- Dumping data for table `ACT_HI_ATTACHMENT`
--

LOCK TABLES `ACT_HI_ATTACHMENT` WRITE;
/*!40000 ALTER TABLE `ACT_HI_ATTACHMENT` DISABLE KEYS */;
/*!40000 ALTER TABLE `ACT_HI_ATTACHMENT` ENABLE KEYS */;
UNLOCK TABLES;

--
-- Table structure for table `ACT_HI_COMMENT`
--

DROP TABLE IF EXISTS `ACT_HI_COMMENT`;
/*!40101 SET @saved_cs_client     = @@character_set_client */;
/*!40101 SET character_set_client = utf8 */;
CREATE TABLE `ACT_HI_COMMENT` (
  `ID_` varchar(64) COLLATE utf8_bin NOT NULL,
  `TYPE_` varchar(255) COLLATE utf8_bin DEFAULT NULL,
  `TIME_` datetime NOT NULL,
  `USER_ID_` varchar(255) COLLATE utf8_bin DEFAULT NULL,
  `TASK_ID_` varchar(64) COLLATE utf8_bin DEFAULT NULL,
  `PROC_INST_ID_` varchar(64) COLLATE utf8_bin DEFAULT NULL,
  `ACTION_` varchar(255) COLLATE utf8_bin DEFAULT NULL,
  `MESSAGE_` varchar(4000) COLLATE utf8_bin DEFAULT NULL,
  `FULL_MSG_` longblob,
  PRIMARY KEY (`ID_`)
) ENGINE=InnoDB DEFAULT CHARSET=utf8 COLLATE=utf8_bin;
/*!40101 SET character_set_client = @saved_cs_client */;

--
-- Dumping data for table `ACT_HI_COMMENT`
--

LOCK TABLES `ACT_HI_COMMENT` WRITE;
/*!40000 ALTER TABLE `ACT_HI_COMMENT` DISABLE KEYS */;
INSERT INTO `ACT_HI_COMMENT` VALUES ('0c833cf153ab44b4b05db8ab1f9beb54','comment','2016-11-18 15:43:40',NULL,'7a07cc246bd247a892d64cfd2a01a32d','70f95f8222ba475086097e0b6f9d1128','AddComment','[驳回] xxx','[驳回] xxx'),('68416033ea334301bb81adb1f784cfc4','comment','2016-11-18 15:43:31',NULL,'44965d13b1fb45768511a5a8a521e104','70f95f8222ba475086097e0b6f9d1128','AddComment','[同意] 123','[同意] 123'),('c612976117dc4c9c970b5005f63ccba1','comment','2016-11-18 17:32:09',NULL,'3ac90cb83004490997696f92b4369125','90626ac5bd954c3eb3d2794de43274e7','AddComment','[同意] 3333','[同意] 3333'),('c6ae4bea96814148aa08d0186effdc5e','comment','2016-11-18 15:43:14',NULL,'a733e010965d4c9c822bbf21661e565e','70f95f8222ba475086097e0b6f9d1128','AddComment','[同意] 123123','[同意] 123123'),('cba825543aa045f293bbf3fe43d7e9cf','comment','2016-11-18 17:25:52',NULL,'0869dfc2a65e43da96303f8ce42cd7c7','70f95f8222ba475086097e0b6f9d1128','AddComment','[重申] null','[重申] null'),('e832a1459ff3410a9f3934a8250886dc','comment','2016-11-18 17:29:30',NULL,'b69a5d12a7a24df0a595da7bb71a766a','90626ac5bd954c3eb3d2794de43274e7','AddComment','[同意] wee','[同意] wee'),('fb2890af4ffa4873a0bbd2dab33a5853','comment','2016-11-18 17:28:30',NULL,'03e950ad6a624485a0bd0fd597605674','90626ac5bd954c3eb3d2794de43274e7','AddComment','[同意] xxx','[同意] xxx');
/*!40000 ALTER TABLE `ACT_HI_COMMENT` ENABLE KEYS */;
UNLOCK TABLES;

--
-- Table structure for table `ACT_HI_DETAIL`
--

DROP TABLE IF EXISTS `ACT_HI_DETAIL`;
/*!40101 SET @saved_cs_client     = @@character_set_client */;
/*!40101 SET character_set_client = utf8 */;
CREATE TABLE `ACT_HI_DETAIL` (
  `ID_` varchar(64) COLLATE utf8_bin NOT NULL,
  `TYPE_` varchar(255) COLLATE utf8_bin NOT NULL,
  `PROC_INST_ID_` varchar(64) COLLATE utf8_bin DEFAULT NULL,
  `EXECUTION_ID_` varchar(64) COLLATE utf8_bin DEFAULT NULL,
  `TASK_ID_` varchar(64) COLLATE utf8_bin DEFAULT NULL,
  `ACT_INST_ID_` varchar(64) COLLATE utf8_bin DEFAULT NULL,
  `NAME_` varchar(255) COLLATE utf8_bin NOT NULL,
  `VAR_TYPE_` varchar(255) COLLATE utf8_bin DEFAULT NULL,
  `REV_` int(11) DEFAULT NULL,
  `TIME_` datetime NOT NULL,
  `BYTEARRAY_ID_` varchar(64) COLLATE utf8_bin DEFAULT NULL,
  `DOUBLE_` double DEFAULT NULL,
  `LONG_` bigint(20) DEFAULT NULL,
  `TEXT_` varchar(4000) COLLATE utf8_bin DEFAULT NULL,
  `TEXT2_` varchar(4000) COLLATE utf8_bin DEFAULT NULL,
  PRIMARY KEY (`ID_`),
  KEY `ACT_IDX_HI_DETAIL_PROC_INST` (`PROC_INST_ID_`),
  KEY `ACT_IDX_HI_DETAIL_ACT_INST` (`ACT_INST_ID_`),
  KEY `ACT_IDX_HI_DETAIL_TIME` (`TIME_`),
  KEY `ACT_IDX_HI_DETAIL_NAME` (`NAME_`),
  KEY `ACT_IDX_HI_DETAIL_TASK_ID` (`TASK_ID_`)
) ENGINE=InnoDB DEFAULT CHARSET=utf8 COLLATE=utf8_bin;
/*!40101 SET character_set_client = @saved_cs_client */;

--
-- Dumping data for table `ACT_HI_DETAIL`
--

LOCK TABLES `ACT_HI_DETAIL` WRITE;
/*!40000 ALTER TABLE `ACT_HI_DETAIL` DISABLE KEYS */;
INSERT INTO `ACT_HI_DETAIL` VALUES ('0ded55aea23840498cdfd4aaefc721d7','VariableUpdate','70f95f8222ba475086097e0b6f9d1128','70f95f8222ba475086097e0b6f9d1128',NULL,'d854efad58b5461ca53af81df46ce3a7','pass','string',2,'2016-11-18 17:25:52',NULL,NULL,NULL,'1',NULL),('11299b5ae982442fb35e5fe30f40b244','VariableUpdate','70f95f8222ba475086097e0b6f9d1128','70f95f8222ba475086097e0b6f9d1128',NULL,'a67f525e1eb94bfbac3241a3e4229b7c','title','string',0,'2016-11-18 15:39:32',NULL,NULL,NULL,'324',NULL),('2575b0540f30422ca528d7bd8e8fd7ca','VariableUpdate','7eadb94af8514b8c99b02cabd158643d','7eadb94af8514b8c99b02cabd158643d',NULL,NULL,'apply','string',0,'2016-11-18 17:41:27',NULL,NULL,NULL,'krazy',NULL),('52bc537766034e569de451a98deeb040','VariableUpdate','90626ac5bd954c3eb3d2794de43274e7','90626ac5bd954c3eb3d2794de43274e7',NULL,'f1ddff0987814d3ebf1f526a5515a8af','title','string',0,'2016-11-18 17:27:44',NULL,NULL,NULL,'3244',NULL),('5e38126e65ea4db0aa50c02ba6ac51e5','VariableUpdate','90626ac5bd954c3eb3d2794de43274e7','90626ac5bd954c3eb3d2794de43274e7',NULL,'69587178842b403986965c0928daecc9','pass','string',0,'2016-11-18 17:28:30',NULL,NULL,NULL,'1',NULL),('6903ceacbf624eb6903f373bb2e370d7','VariableUpdate','e4171b0b4494435cbf9870c1d1e809b7','e4171b0b4494435cbf9870c1d1e809b7',NULL,'3698249054414115925b887abe339b85','dirct','string',0,'2016-11-18 17:48:41',NULL,NULL,NULL,'lx_admin',NULL),('7857e55e21f14e6582f1c448c0505ed6','VariableUpdate','70f95f8222ba475086097e0b6f9d1128','70f95f8222ba475086097e0b6f9d1128',NULL,'251a377fdeef4f738a22dd1cf579d54f','pass','string',0,'2016-11-18 15:43:14',NULL,NULL,NULL,'1',NULL),('7bdda8709c2f4bc6a725fd23fb534c2d','VariableUpdate','70f95f8222ba475086097e0b6f9d1128','70f95f8222ba475086097e0b6f9d1128',NULL,NULL,'apply','string',0,'2016-11-18 15:39:32',NULL,NULL,NULL,'krazy',NULL),('898dd9ea3f5842e68c12d3490dde3cd3','VariableUpdate','90626ac5bd954c3eb3d2794de43274e7','90626ac5bd954c3eb3d2794de43274e7',NULL,'c8646fbf044f4d3b94684ff4d80388fa','pass','string',1,'2016-11-18 17:29:30',NULL,NULL,NULL,'1',NULL),('9a469f027236482189fc086121f87817','VariableUpdate','90626ac5bd954c3eb3d2794de43274e7','90626ac5bd954c3eb3d2794de43274e7',NULL,'e48cc5d417c24e7a87b354a6d6ffa56a','pass','string',1,'2016-11-18 17:32:10',NULL,NULL,NULL,'1',NULL),('a587f71734a746a1b2ce55a99f02e6e6','VariableUpdate','7eadb94af8514b8c99b02cabd158643d','7eadb94af8514b8c99b02cabd158643d',NULL,'e87f77105b85491cbfcb256dba6952bf','title','string',0,'2016-11-18 17:41:27',NULL,NULL,NULL,'rrr',NULL),('a844a47b3f1c405fbaa9c74b9de0d533','VariableUpdate','e4171b0b4494435cbf9870c1d1e809b7','e4171b0b4494435cbf9870c1d1e809b7',NULL,NULL,'apply','string',0,'2016-11-18 17:48:41',NULL,NULL,NULL,'krazy',NULL),('c57b330e7f7c4d438b37ab4bef35969b','VariableUpdate','70f95f8222ba475086097e0b6f9d1128','70f95f8222ba475086097e0b6f9d1128',NULL,'a648ddaab5af455fab141267873a8460','pass','string',1,'2016-11-18 15:43:31',NULL,NULL,NULL,'1',NULL),('dba0271dfc4741f38d5fddd3da5c6fa7','VariableUpdate','70f95f8222ba475086097e0b6f9d1128','70f95f8222ba475086097e0b6f9d1128',NULL,'d854efad58b5461ca53af81df46ce3a7','title','string',1,'2016-11-18 17:25:52',NULL,NULL,NULL,'324',NULL),('e216c898d2844689af75e0649020de5e','VariableUpdate','90626ac5bd954c3eb3d2794de43274e7','90626ac5bd954c3eb3d2794de43274e7',NULL,NULL,'apply','string',0,'2016-11-18 17:27:44',NULL,NULL,NULL,'krazy',NULL),('ee68cdd0ee184efab708f424d829535e','VariableUpdate','70f95f8222ba475086097e0b6f9d1128','70f95f8222ba475086097e0b6f9d1128',NULL,'5802681fe26b43d898458b567c906716','pass','string',1,'2016-11-18 15:43:40',NULL,NULL,NULL,'0',NULL),('ef926578eb004343b70fcedd86123f74','VariableUpdate','e4171b0b4494435cbf9870c1d1e809b7','e4171b0b4494435cbf9870c1d1e809b7',NULL,'3698249054414115925b887abe339b85','title','string',0,'2016-11-18 17:48:41',NULL,NULL,NULL,'ddddd',NULL);
/*!40000 ALTER TABLE `ACT_HI_DETAIL` ENABLE KEYS */;
UNLOCK TABLES;

--
-- Table structure for table `ACT_HI_IDENTITYLINK`
--

DROP TABLE IF EXISTS `ACT_HI_IDENTITYLINK`;
/*!40101 SET @saved_cs_client     = @@character_set_client */;
/*!40101 SET character_set_client = utf8 */;
CREATE TABLE `ACT_HI_IDENTITYLINK` (
  `ID_` varchar(64) COLLATE utf8_bin NOT NULL DEFAULT '',
  `GROUP_ID_` varchar(255) COLLATE utf8_bin DEFAULT NULL,
  `TYPE_` varchar(255) COLLATE utf8_bin DEFAULT NULL,
  `USER_ID_` varchar(255) COLLATE utf8_bin DEFAULT NULL,
  `TASK_ID_` varchar(64) COLLATE utf8_bin DEFAULT NULL,
  `PROC_INST_ID_` varchar(64) COLLATE utf8_bin DEFAULT NULL,
  PRIMARY KEY (`ID_`),
  KEY `ACT_IDX_HI_IDENT_LNK_USER` (`USER_ID_`),
  KEY `ACT_IDX_HI_IDENT_LNK_TASK` (`TASK_ID_`),
  KEY `ACT_IDX_HI_IDENT_LNK_PROCINST` (`PROC_INST_ID_`)
) ENGINE=InnoDB DEFAULT CHARSET=utf8 COLLATE=utf8_bin;
/*!40101 SET character_set_client = @saved_cs_client */;

--
-- Dumping data for table `ACT_HI_IDENTITYLINK`
--

LOCK TABLES `ACT_HI_IDENTITYLINK` WRITE;
/*!40000 ALTER TABLE `ACT_HI_IDENTITYLINK` DISABLE KEYS */;
INSERT INTO `ACT_HI_IDENTITYLINK` VALUES ('01f1fcdd0de746e1ae3f0af3ca39ae3b',NULL,'participant','thinkgem',NULL,'90626ac5bd954c3eb3d2794de43274e7'),('0298f8f7d16d4fc4a709bd7065bcbfd3',NULL,'starter','krazy',NULL,'7eadb94af8514b8c99b02cabd158643d'),('05a5995aa2274fb39d473d94e39f9390','e','candidate',NULL,'3ac90cb83004490997696f92b4369125',NULL),('455750bc7ec544c09a626da1656b2fd3',NULL,'starter','krazy',NULL,'e4171b0b4494435cbf9870c1d1e809b7'),('579f6a8d66ed4ddab733a949580bb101',NULL,'participant','thinkgem',NULL,'70f95f8222ba475086097e0b6f9d1128'),('5da6fe72ba4d428e984d4a6d578bd638',NULL,'participant','jn_admin',NULL,'90626ac5bd954c3eb3d2794de43274e7'),('726dff19c9624d4490a6b0d0cc2122ad',NULL,'starter','krazy',NULL,'90626ac5bd954c3eb3d2794de43274e7'),('84912e30138c4a5f8b0972b8b89633fe',NULL,'participant','{dirct}',NULL,'7eadb94af8514b8c99b02cabd158643d'),('8834a516ebea41bdb78b0f38d076710d',NULL,'participant','lx_admin',NULL,'e4171b0b4494435cbf9870c1d1e809b7'),('d30499c7f4a9492a8d0965945112da06',NULL,'starter','krazy',NULL,'70f95f8222ba475086097e0b6f9d1128');
/*!40000 ALTER TABLE `ACT_HI_IDENTITYLINK` ENABLE KEYS */;
UNLOCK TABLES;

--
-- Table structure for table `ACT_HI_PROCINST`
--

DROP TABLE IF EXISTS `ACT_HI_PROCINST`;
/*!40101 SET @saved_cs_client     = @@character_set_client */;
/*!40101 SET character_set_client = utf8 */;
CREATE TABLE `ACT_HI_PROCINST` (
  `ID_` varchar(64) COLLATE utf8_bin NOT NULL,
  `PROC_INST_ID_` varchar(64) COLLATE utf8_bin NOT NULL,
  `BUSINESS_KEY_` varchar(255) COLLATE utf8_bin DEFAULT NULL,
  `PROC_DEF_ID_` varchar(64) COLLATE utf8_bin NOT NULL,
  `START_TIME_` datetime NOT NULL,
  `END_TIME_` datetime DEFAULT NULL,
  `DURATION_` bigint(20) DEFAULT NULL,
  `START_USER_ID_` varchar(255) COLLATE utf8_bin DEFAULT NULL,
  `START_ACT_ID_` varchar(255) COLLATE utf8_bin DEFAULT NULL,
  `END_ACT_ID_` varchar(255) COLLATE utf8_bin DEFAULT NULL,
  `SUPER_PROCESS_INSTANCE_ID_` varchar(64) COLLATE utf8_bin DEFAULT NULL,
  `DELETE_REASON_` varchar(4000) COLLATE utf8_bin DEFAULT NULL,
  `TENANT_ID_` varchar(255) COLLATE utf8_bin DEFAULT '',
  `NAME_` varchar(255) COLLATE utf8_bin DEFAULT NULL,
  PRIMARY KEY (`ID_`),
  UNIQUE KEY `PROC_INST_ID_` (`PROC_INST_ID_`),
  KEY `ACT_IDX_HI_PRO_INST_END` (`END_TIME_`),
  KEY `ACT_IDX_HI_PRO_I_BUSKEY` (`BUSINESS_KEY_`)
) ENGINE=InnoDB DEFAULT CHARSET=utf8 COLLATE=utf8_bin;
/*!40101 SET character_set_client = @saved_cs_client */;

--
-- Dumping data for table `ACT_HI_PROCINST`
--

LOCK TABLES `ACT_HI_PROCINST` WRITE;
/*!40000 ALTER TABLE `ACT_HI_PROCINST` DISABLE KEYS */;
INSERT INTO `ACT_HI_PROCINST` VALUES ('70f95f8222ba475086097e0b6f9d1128','70f95f8222ba475086097e0b6f9d1128','oa_test_audit:223dda893d7341a3b52c01ec157879b3','test_audit:1:6158a19d348746b3804bc4b96a2d2eab','2016-11-18 15:39:32',NULL,NULL,'krazy','start',NULL,NULL,NULL,'',NULL),('7eadb94af8514b8c99b02cabd158643d','7eadb94af8514b8c99b02cabd158643d','oa_test_audit:78dd94b263c444ff8c50f8d66a551e94','test_audit:3:cbcfed059401425781f920f53a35f9cc','2016-11-18 17:41:27',NULL,NULL,'krazy','start',NULL,NULL,NULL,'',NULL),('90626ac5bd954c3eb3d2794de43274e7','90626ac5bd954c3eb3d2794de43274e7','oa_test_audit:52bf3fbabd1444c3ab74a0e360b8db6d','test_audit:2:c9dcfb8a59a84992bccc835439b65369','2016-11-18 17:27:44',NULL,NULL,'krazy','start',NULL,NULL,NULL,'',NULL),('e4171b0b4494435cbf9870c1d1e809b7','e4171b0b4494435cbf9870c1d1e809b7','oa_test_audit:238c503b701f476289ba401e4d828ebd','test_audit:4:0d5eec2ef1c74c3692806f76438d3758','2016-11-18 17:48:41',NULL,NULL,'krazy','start',NULL,NULL,NULL,'',NULL);
/*!40000 ALTER TABLE `ACT_HI_PROCINST` ENABLE KEYS */;
UNLOCK TABLES;

--
-- Table structure for table `ACT_HI_TASKINST`
--

DROP TABLE IF EXISTS `ACT_HI_TASKINST`;
/*!40101 SET @saved_cs_client     = @@character_set_client */;
/*!40101 SET character_set_client = utf8 */;
CREATE TABLE `ACT_HI_TASKINST` (
  `ID_` varchar(64) COLLATE utf8_bin NOT NULL,
  `PROC_DEF_ID_` varchar(64) COLLATE utf8_bin DEFAULT NULL,
  `TASK_DEF_KEY_` varchar(255) COLLATE utf8_bin DEFAULT NULL,
  `PROC_INST_ID_` varchar(64) COLLATE utf8_bin DEFAULT NULL,
  `EXECUTION_ID_` varchar(64) COLLATE utf8_bin DEFAULT NULL,
  `NAME_` varchar(255) COLLATE utf8_bin DEFAULT NULL,
  `PARENT_TASK_ID_` varchar(64) COLLATE utf8_bin DEFAULT NULL,
  `DESCRIPTION_` varchar(4000) COLLATE utf8_bin DEFAULT NULL,
  `OWNER_` varchar(255) COLLATE utf8_bin DEFAULT NULL,
  `ASSIGNEE_` varchar(255) COLLATE utf8_bin DEFAULT NULL,
  `START_TIME_` datetime NOT NULL,
  `CLAIM_TIME_` datetime DEFAULT NULL,
  `END_TIME_` datetime DEFAULT NULL,
  `DURATION_` bigint(20) DEFAULT NULL,
  `DELETE_REASON_` varchar(4000) COLLATE utf8_bin DEFAULT NULL,
  `PRIORITY_` int(11) DEFAULT NULL,
  `DUE_DATE_` datetime DEFAULT NULL,
  `FORM_KEY_` varchar(255) COLLATE utf8_bin DEFAULT NULL,
  `CATEGORY_` varchar(255) COLLATE utf8_bin DEFAULT NULL,
  `TENANT_ID_` varchar(255) COLLATE utf8_bin DEFAULT '',
  PRIMARY KEY (`ID_`),
  KEY `ACT_IDX_HI_TASK_INST_PROCINST` (`PROC_INST_ID_`)
) ENGINE=InnoDB DEFAULT CHARSET=utf8 COLLATE=utf8_bin;
/*!40101 SET character_set_client = @saved_cs_client */;

--
-- Dumping data for table `ACT_HI_TASKINST`
--

LOCK TABLES `ACT_HI_TASKINST` WRITE;
/*!40000 ALTER TABLE `ACT_HI_TASKINST` DISABLE KEYS */;
INSERT INTO `ACT_HI_TASKINST` VALUES ('03e950ad6a624485a0bd0fd597605674','test_audit:2:c9dcfb8a59a84992bccc835439b65369','audit','90626ac5bd954c3eb3d2794de43274e7','90626ac5bd954c3eb3d2794de43274e7','薪酬主管初审',NULL,NULL,NULL,'krazy','2016-11-18 17:27:44',NULL,'2016-11-18 17:28:30',45786,'completed',50,NULL,NULL,NULL,''),('0869dfc2a65e43da96303f8ce42cd7c7','test_audit:1:6158a19d348746b3804bc4b96a2d2eab','modify','70f95f8222ba475086097e0b6f9d1128','70f95f8222ba475086097e0b6f9d1128','员工薪酬档级修改',NULL,NULL,NULL,'krazy','2016-11-18 15:43:40',NULL,'2016-11-18 17:25:52',6132407,'completed',50,NULL,NULL,NULL,''),('3ac90cb83004490997696f92b4369125','test_audit:2:c9dcfb8a59a84992bccc835439b65369','audit3','90626ac5bd954c3eb3d2794de43274e7','90626ac5bd954c3eb3d2794de43274e7','集团人力资源部分管领导审核',NULL,NULL,NULL,'jn_admin','2016-11-18 17:29:30','2016-11-18 17:31:48','2016-11-18 17:32:10',159566,'completed',50,NULL,NULL,NULL,''),('44965d13b1fb45768511a5a8a521e104','test_audit:1:6158a19d348746b3804bc4b96a2d2eab','audit2','70f95f8222ba475086097e0b6f9d1128','70f95f8222ba475086097e0b6f9d1128','集团人力资源部部长审核',NULL,NULL,NULL,'thinkgem','2016-11-18 15:43:14',NULL,'2016-11-18 15:43:31',17188,'completed',50,NULL,NULL,NULL,''),('7a07cc246bd247a892d64cfd2a01a32d','test_audit:1:6158a19d348746b3804bc4b96a2d2eab','audit3','70f95f8222ba475086097e0b6f9d1128','70f95f8222ba475086097e0b6f9d1128','集团人力资源部分管领导审核',NULL,NULL,NULL,'thinkgem','2016-11-18 15:43:31',NULL,'2016-11-18 15:43:40',8667,'completed',50,NULL,NULL,NULL,''),('a733e010965d4c9c822bbf21661e565e','test_audit:1:6158a19d348746b3804bc4b96a2d2eab','audit','70f95f8222ba475086097e0b6f9d1128','70f95f8222ba475086097e0b6f9d1128','薪酬主管初审',NULL,NULL,NULL,'thinkgem','2016-11-18 15:39:32',NULL,'2016-11-18 15:43:14',221817,'completed',50,NULL,NULL,NULL,''),('aa16a5e06bf3426a8ccdf39c70db16c9','test_audit:3:cbcfed059401425781f920f53a35f9cc','audit','7eadb94af8514b8c99b02cabd158643d','7eadb94af8514b8c99b02cabd158643d','薪酬主管初审',NULL,NULL,NULL,'{dirct}','2016-11-18 17:41:27',NULL,NULL,NULL,NULL,50,NULL,NULL,NULL,''),('b69a5d12a7a24df0a595da7bb71a766a','test_audit:2:c9dcfb8a59a84992bccc835439b65369','audit2','90626ac5bd954c3eb3d2794de43274e7','90626ac5bd954c3eb3d2794de43274e7','集团人力资源部部长审核',NULL,NULL,NULL,'thinkgem','2016-11-18 17:28:30',NULL,'2016-11-18 17:29:30',60391,'completed',50,NULL,NULL,NULL,''),('cbd286cdca3a42cb8f9b0f1a3ed3df7a','test_audit:2:c9dcfb8a59a84992bccc835439b65369','audit4','90626ac5bd954c3eb3d2794de43274e7','90626ac5bd954c3eb3d2794de43274e7','集团总经理审批',NULL,NULL,NULL,'thinkgem','2016-11-18 17:32:10',NULL,NULL,NULL,NULL,50,NULL,NULL,NULL,''),('d609a33f915e422b98744a5ce10cd200','test_audit:1:6158a19d348746b3804bc4b96a2d2eab','audit','70f95f8222ba475086097e0b6f9d1128','70f95f8222ba475086097e0b6f9d1128','薪酬主管初审',NULL,NULL,NULL,'thinkgem','2016-11-18 17:25:53',NULL,NULL,NULL,NULL,50,NULL,NULL,NULL,''),('e8c3e4ba661942c987903d5cad6f3c8b','test_audit:4:0d5eec2ef1c74c3692806f76438d3758','audit','e4171b0b4494435cbf9870c1d1e809b7','e4171b0b4494435cbf9870c1d1e809b7','薪酬主管初审',NULL,NULL,NULL,'lx_admin','2016-11-18 17:48:41',NULL,NULL,NULL,NULL,50,NULL,NULL,NULL,'');
/*!40000 ALTER TABLE `ACT_HI_TASKINST` ENABLE KEYS */;
UNLOCK TABLES;

--
-- Table structure for table `ACT_HI_VARINST`
--

DROP TABLE IF EXISTS `ACT_HI_VARINST`;
/*!40101 SET @saved_cs_client     = @@character_set_client */;
/*!40101 SET character_set_client = utf8 */;
CREATE TABLE `ACT_HI_VARINST` (
  `ID_` varchar(64) COLLATE utf8_bin NOT NULL,
  `PROC_INST_ID_` varchar(64) COLLATE utf8_bin DEFAULT NULL,
  `EXECUTION_ID_` varchar(64) COLLATE utf8_bin DEFAULT NULL,
  `TASK_ID_` varchar(64) COLLATE utf8_bin DEFAULT NULL,
  `NAME_` varchar(255) COLLATE utf8_bin NOT NULL,
  `VAR_TYPE_` varchar(100) COLLATE utf8_bin DEFAULT NULL,
  `REV_` int(11) DEFAULT NULL,
  `BYTEARRAY_ID_` varchar(64) COLLATE utf8_bin DEFAULT NULL,
  `DOUBLE_` double DEFAULT NULL,
  `LONG_` bigint(20) DEFAULT NULL,
  `TEXT_` varchar(4000) COLLATE utf8_bin DEFAULT NULL,
  `TEXT2_` varchar(4000) COLLATE utf8_bin DEFAULT NULL,
  `CREATE_TIME_` datetime DEFAULT NULL,
  `LAST_UPDATED_TIME_` datetime DEFAULT NULL,
  PRIMARY KEY (`ID_`),
  KEY `ACT_IDX_HI_PROCVAR_PROC_INST` (`PROC_INST_ID_`),
  KEY `ACT_IDX_HI_PROCVAR_NAME_TYPE` (`NAME_`,`VAR_TYPE_`),
  KEY `ACT_IDX_HI_PROCVAR_TASK_ID` (`TASK_ID_`)
) ENGINE=InnoDB DEFAULT CHARSET=utf8 COLLATE=utf8_bin;
/*!40101 SET character_set_client = @saved_cs_client */;

--
-- Dumping data for table `ACT_HI_VARINST`
--

LOCK TABLES `ACT_HI_VARINST` WRITE;
/*!40000 ALTER TABLE `ACT_HI_VARINST` DISABLE KEYS */;
INSERT INTO `ACT_HI_VARINST` VALUES ('373aceea01094110b34b33d6b790bd24','7eadb94af8514b8c99b02cabd158643d','7eadb94af8514b8c99b02cabd158643d',NULL,'apply','string',0,NULL,NULL,NULL,'krazy',NULL,'2016-11-18 17:41:27','2016-11-18 17:41:27'),('5df2b3fb19f143a8ae0367be2602f52e','90626ac5bd954c3eb3d2794de43274e7','90626ac5bd954c3eb3d2794de43274e7',NULL,'apply','string',0,NULL,NULL,NULL,'krazy',NULL,'2016-11-18 17:27:44','2016-11-18 17:27:44'),('7aaf9887f7e848968b188ab466c4b70a','e4171b0b4494435cbf9870c1d1e809b7','e4171b0b4494435cbf9870c1d1e809b7',NULL,'title','string',0,NULL,NULL,NULL,'ddddd',NULL,'2016-11-18 17:48:41','2016-11-18 17:48:41'),('9597aa958654445aaa0d5af4373ed88a','e4171b0b4494435cbf9870c1d1e809b7','e4171b0b4494435cbf9870c1d1e809b7',NULL,'dirct','string',0,NULL,NULL,NULL,'lx_admin',NULL,'2016-11-18 17:48:41','2016-11-18 17:48:41'),('9f6fa08474fc4b5d96ad894f00e165dc','90626ac5bd954c3eb3d2794de43274e7','90626ac5bd954c3eb3d2794de43274e7',NULL,'title','string',0,NULL,NULL,NULL,'3244',NULL,'2016-11-18 17:27:44','2016-11-18 17:27:44'),('af31917d27734c10af2d5ee4e33e1474','70f95f8222ba475086097e0b6f9d1128','70f95f8222ba475086097e0b6f9d1128',NULL,'title','string',1,NULL,NULL,NULL,'324',NULL,'2016-11-18 15:39:32','2016-11-18 17:25:52'),('b466a1503b0840d197fe0bf678f99372','7eadb94af8514b8c99b02cabd158643d','7eadb94af8514b8c99b02cabd158643d',NULL,'title','string',0,NULL,NULL,NULL,'rrr',NULL,'2016-11-18 17:41:27','2016-11-18 17:41:27'),('b8384887cb274a0eb8850286b5e90887','e4171b0b4494435cbf9870c1d1e809b7','e4171b0b4494435cbf9870c1d1e809b7',NULL,'apply','string',0,NULL,NULL,NULL,'krazy',NULL,'2016-11-18 17:48:41','2016-11-18 17:48:41'),('bccef9e90fba4c9b9ade95280597ceb7','70f95f8222ba475086097e0b6f9d1128','70f95f8222ba475086097e0b6f9d1128',NULL,'apply','string',0,NULL,NULL,NULL,'krazy',NULL,'2016-11-18 15:39:32','2016-11-18 15:39:32'),('bdb2b347313144549c9a14199fa8d0c3','90626ac5bd954c3eb3d2794de43274e7','90626ac5bd954c3eb3d2794de43274e7',NULL,'pass','string',2,NULL,NULL,NULL,'1',NULL,'2016-11-18 17:28:30','2016-11-18 17:32:10'),('c9725f8106ee45c096ff58e708aeea30','70f95f8222ba475086097e0b6f9d1128','70f95f8222ba475086097e0b6f9d1128',NULL,'pass','string',3,NULL,NULL,NULL,'1',NULL,'2016-11-18 15:43:14','2016-11-18 17:25:52');
/*!40000 ALTER TABLE `ACT_HI_VARINST` ENABLE KEYS */;
UNLOCK TABLES;

--
-- Table structure for table `ACT_ID_GROUP`
--

DROP TABLE IF EXISTS `ACT_ID_GROUP`;
/*!40101 SET @saved_cs_client     = @@character_set_client */;
/*!40101 SET character_set_client = utf8 */;
CREATE TABLE `ACT_ID_GROUP` (
  `ID_` varchar(64) COLLATE utf8_bin NOT NULL DEFAULT '',
  `REV_` int(11) DEFAULT NULL,
  `NAME_` varchar(255) COLLATE utf8_bin DEFAULT NULL,
  `TYPE_` varchar(255) COLLATE utf8_bin DEFAULT NULL,
  PRIMARY KEY (`ID_`)
) ENGINE=InnoDB DEFAULT CHARSET=utf8 COLLATE=utf8_bin;
/*!40101 SET character_set_client = @saved_cs_client */;

--
-- Dumping data for table `ACT_ID_GROUP`
--

LOCK TABLES `ACT_ID_GROUP` WRITE;
/*!40000 ALTER TABLE `ACT_ID_GROUP` DISABLE KEYS */;
/*!40000 ALTER TABLE `ACT_ID_GROUP` ENABLE KEYS */;
UNLOCK TABLES;

--
-- Table structure for table `ACT_ID_INFO`
--

DROP TABLE IF EXISTS `ACT_ID_INFO`;
/*!40101 SET @saved_cs_client     = @@character_set_client */;
/*!40101 SET character_set_client = utf8 */;
CREATE TABLE `ACT_ID_INFO` (
  `ID_` varchar(64) COLLATE utf8_bin NOT NULL DEFAULT '',
  `REV_` int(11) DEFAULT NULL,
  `USER_ID_` varchar(64) COLLATE utf8_bin DEFAULT NULL,
  `TYPE_` varchar(64) COLLATE utf8_bin DEFAULT NULL,
  `KEY_` varchar(255) COLLATE utf8_bin DEFAULT NULL,
  `VALUE_` varchar(255) COLLATE utf8_bin DEFAULT NULL,
  `PASSWORD_` longblob,
  `PARENT_ID_` varchar(255) COLLATE utf8_bin DEFAULT NULL,
  PRIMARY KEY (`ID_`)
) ENGINE=InnoDB DEFAULT CHARSET=utf8 COLLATE=utf8_bin;
/*!40101 SET character_set_client = @saved_cs_client */;

--
-- Dumping data for table `ACT_ID_INFO`
--

LOCK TABLES `ACT_ID_INFO` WRITE;
/*!40000 ALTER TABLE `ACT_ID_INFO` DISABLE KEYS */;
/*!40000 ALTER TABLE `ACT_ID_INFO` ENABLE KEYS */;
UNLOCK TABLES;

--
-- Table structure for table `ACT_ID_MEMBERSHIP`
--

DROP TABLE IF EXISTS `ACT_ID_MEMBERSHIP`;
/*!40101 SET @saved_cs_client     = @@character_set_client */;
/*!40101 SET character_set_client = utf8 */;
CREATE TABLE `ACT_ID_MEMBERSHIP` (
  `USER_ID_` varchar(64) COLLATE utf8_bin NOT NULL DEFAULT '',
  `GROUP_ID_` varchar(64) COLLATE utf8_bin NOT NULL DEFAULT '',
  PRIMARY KEY (`USER_ID_`,`GROUP_ID_`),
  KEY `ACT_FK_MEMB_GROUP` (`GROUP_ID_`),
  CONSTRAINT `ACT_FK_MEMB_GROUP` FOREIGN KEY (`GROUP_ID_`) REFERENCES `ACT_ID_GROUP` (`ID_`),
  CONSTRAINT `ACT_FK_MEMB_USER` FOREIGN KEY (`USER_ID_`) REFERENCES `ACT_ID_USER` (`ID_`)
) ENGINE=InnoDB DEFAULT CHARSET=utf8 COLLATE=utf8_bin;
/*!40101 SET character_set_client = @saved_cs_client */;

--
-- Dumping data for table `ACT_ID_MEMBERSHIP`
--

LOCK TABLES `ACT_ID_MEMBERSHIP` WRITE;
/*!40000 ALTER TABLE `ACT_ID_MEMBERSHIP` DISABLE KEYS */;
/*!40000 ALTER TABLE `ACT_ID_MEMBERSHIP` ENABLE KEYS */;
UNLOCK TABLES;

--
-- Table structure for table `ACT_ID_USER`
--

DROP TABLE IF EXISTS `ACT_ID_USER`;
/*!40101 SET @saved_cs_client     = @@character_set_client */;
/*!40101 SET character_set_client = utf8 */;
CREATE TABLE `ACT_ID_USER` (
  `ID_` varchar(64) COLLATE utf8_bin NOT NULL DEFAULT '',
  `REV_` int(11) DEFAULT NULL,
  `FIRST_` varchar(255) COLLATE utf8_bin DEFAULT NULL,
  `LAST_` varchar(255) COLLATE utf8_bin DEFAULT NULL,
  `EMAIL_` varchar(255) COLLATE utf8_bin DEFAULT NULL,
  `PWD_` varchar(255) COLLATE utf8_bin DEFAULT NULL,
  `PICTURE_ID_` varchar(64) COLLATE utf8_bin DEFAULT NULL,
  PRIMARY KEY (`ID_`)
) ENGINE=InnoDB DEFAULT CHARSET=utf8 COLLATE=utf8_bin;
/*!40101 SET character_set_client = @saved_cs_client */;

--
-- Dumping data for table `ACT_ID_USER`
--

LOCK TABLES `ACT_ID_USER` WRITE;
/*!40000 ALTER TABLE `ACT_ID_USER` DISABLE KEYS */;
/*!40000 ALTER TABLE `ACT_ID_USER` ENABLE KEYS */;
UNLOCK TABLES;

--
-- Table structure for table `ACT_PROCDEF_INFO`
--

DROP TABLE IF EXISTS `ACT_PROCDEF_INFO`;
/*!40101 SET @saved_cs_client     = @@character_set_client */;
/*!40101 SET character_set_client = utf8 */;
CREATE TABLE `ACT_PROCDEF_INFO` (
  `ID_` varchar(64) COLLATE utf8_bin NOT NULL,
  `PROC_DEF_ID_` varchar(64) COLLATE utf8_bin NOT NULL,
  `REV_` int(11) DEFAULT NULL,
  `INFO_JSON_ID_` varchar(64) COLLATE utf8_bin DEFAULT NULL,
  PRIMARY KEY (`ID_`),
  UNIQUE KEY `ACT_UNIQ_INFO_PROCDEF` (`PROC_DEF_ID_`),
  KEY `ACT_IDX_INFO_PROCDEF` (`PROC_DEF_ID_`),
  KEY `ACT_FK_INFO_JSON_BA` (`INFO_JSON_ID_`),
  CONSTRAINT `ACT_FK_INFO_JSON_BA` FOREIGN KEY (`INFO_JSON_ID_`) REFERENCES `ACT_GE_BYTEARRAY` (`ID_`),
  CONSTRAINT `ACT_FK_INFO_PROCDEF` FOREIGN KEY (`PROC_DEF_ID_`) REFERENCES `ACT_RE_PROCDEF` (`ID_`)
) ENGINE=InnoDB DEFAULT CHARSET=utf8 COLLATE=utf8_bin;
/*!40101 SET character_set_client = @saved_cs_client */;

--
-- Dumping data for table `ACT_PROCDEF_INFO`
--

LOCK TABLES `ACT_PROCDEF_INFO` WRITE;
/*!40000 ALTER TABLE `ACT_PROCDEF_INFO` DISABLE KEYS */;
/*!40000 ALTER TABLE `ACT_PROCDEF_INFO` ENABLE KEYS */;
UNLOCK TABLES;

--
-- Table structure for table `ACT_RE_DEPLOYMENT`
--

DROP TABLE IF EXISTS `ACT_RE_DEPLOYMENT`;
/*!40101 SET @saved_cs_client     = @@character_set_client */;
/*!40101 SET character_set_client = utf8 */;
CREATE TABLE `ACT_RE_DEPLOYMENT` (
  `ID_` varchar(64) COLLATE utf8_bin NOT NULL DEFAULT '',
  `NAME_` varchar(255) COLLATE utf8_bin DEFAULT NULL,
  `CATEGORY_` varchar(255) COLLATE utf8_bin DEFAULT NULL,
  `TENANT_ID_` varchar(255) COLLATE utf8_bin DEFAULT '',
  `DEPLOY_TIME_` timestamp(3) NULL DEFAULT NULL,
  PRIMARY KEY (`ID_`)
) ENGINE=InnoDB DEFAULT CHARSET=utf8 COLLATE=utf8_bin;
/*!40101 SET character_set_client = @saved_cs_client */;

--
-- Dumping data for table `ACT_RE_DEPLOYMENT`
--

LOCK TABLES `ACT_RE_DEPLOYMENT` WRITE;
/*!40000 ALTER TABLE `ACT_RE_DEPLOYMENT` DISABLE KEYS */;
INSERT INTO `ACT_RE_DEPLOYMENT` VALUES ('082adb097cf140e3abf6d49753fe7588','流程审批测试流程',NULL,'','2016-11-18 09:27:10.744'),('24d6d3e2c08949aebd7810d80a2e60cb','流程审批测试流程',NULL,'','2016-11-18 09:45:32.308'),('6d1fffc40c584116b242b2b282c5d836','SpringAutoDeployment',NULL,'','2016-11-18 07:17:41.899'),('de3c7af4ac82464d8ac31e7ae73ddca7','流程审批测试流程',NULL,'','2016-11-18 09:40:14.872');
/*!40000 ALTER TABLE `ACT_RE_DEPLOYMENT` ENABLE KEYS */;
UNLOCK TABLES;

--
-- Table structure for table `ACT_RE_MODEL`
--

DROP TABLE IF EXISTS `ACT_RE_MODEL`;
/*!40101 SET @saved_cs_client     = @@character_set_client */;
/*!40101 SET character_set_client = utf8 */;
CREATE TABLE `ACT_RE_MODEL` (
  `ID_` varchar(64) COLLATE utf8_bin NOT NULL,
  `REV_` int(11) DEFAULT NULL,
  `NAME_` varchar(255) COLLATE utf8_bin DEFAULT NULL,
  `KEY_` varchar(255) COLLATE utf8_bin DEFAULT NULL,
  `CATEGORY_` varchar(255) COLLATE utf8_bin DEFAULT NULL,
  `CREATE_TIME_` timestamp NULL DEFAULT NULL,
  `LAST_UPDATE_TIME_` timestamp NULL DEFAULT NULL,
  `VERSION_` int(11) DEFAULT NULL,
  `META_INFO_` varchar(4000) COLLATE utf8_bin DEFAULT NULL,
  `DEPLOYMENT_ID_` varchar(64) COLLATE utf8_bin DEFAULT NULL,
  `EDITOR_SOURCE_VALUE_ID_` varchar(64) COLLATE utf8_bin DEFAULT NULL,
  `EDITOR_SOURCE_EXTRA_VALUE_ID_` varchar(64) COLLATE utf8_bin DEFAULT NULL,
  `TENANT_ID_` varchar(255) COLLATE utf8_bin DEFAULT '',
  PRIMARY KEY (`ID_`),
  KEY `ACT_FK_MODEL_SOURCE` (`EDITOR_SOURCE_VALUE_ID_`),
  KEY `ACT_FK_MODEL_SOURCE_EXTRA` (`EDITOR_SOURCE_EXTRA_VALUE_ID_`),
  KEY `ACT_FK_MODEL_DEPLOYMENT` (`DEPLOYMENT_ID_`),
  CONSTRAINT `ACT_FK_MODEL_DEPLOYMENT` FOREIGN KEY (`DEPLOYMENT_ID_`) REFERENCES `ACT_RE_DEPLOYMENT` (`ID_`),
  CONSTRAINT `ACT_FK_MODEL_SOURCE` FOREIGN KEY (`EDITOR_SOURCE_VALUE_ID_`) REFERENCES `ACT_GE_BYTEARRAY` (`ID_`),
  CONSTRAINT `ACT_FK_MODEL_SOURCE_EXTRA` FOREIGN KEY (`EDITOR_SOURCE_EXTRA_VALUE_ID_`) REFERENCES `ACT_GE_BYTEARRAY` (`ID_`)
) ENGINE=InnoDB DEFAULT CHARSET=utf8 COLLATE=utf8_bin;
/*!40101 SET character_set_client = @saved_cs_client */;

--
-- Dumping data for table `ACT_RE_MODEL`
--

LOCK TABLES `ACT_RE_MODEL` WRITE;
/*!40000 ALTER TABLE `ACT_RE_MODEL` DISABLE KEYS */;
INSERT INTO `ACT_RE_MODEL` VALUES ('1728b461b9e14dc0add2de00c8e1b9e2',7,'test_leave','test_leave','1','2016-11-18 08:51:17','2016-11-18 09:16:09',1,'{\"name\":\"test_leave\",\"revision\":1,\"description\":\"test_leave\"}',NULL,'d12cc0579a034df389dfc65452f8af26','4af4833beeed4484beaf688b223039aa',''),('5fac51df4b6d47d989e66e29a995935a',2,'test_zhuanli','test_zhuanli','1','2016-11-18 07:25:49','2016-11-18 07:25:49',1,'{\"name\":\"test_zhuanli\",\"revision\":1,\"description\":\"sdf\"}',NULL,'41c313f835da4325815e483b0d2e19e9',NULL,''),('c590bf8e1f2042a2a92447586a773fe6',8,'流程审批测试流程','test_audit','http://www.activiti.org/test','2016-11-18 07:40:33','2016-11-18 09:45:21',1,'{\"name\":\"流程审批测试流程\",\"revision\":1,\"description\":\"\"}','6d1fffc40c584116b242b2b282c5d836','9bac72c39a9d493bb12a62728f4b957a','83a1734b8f77484489ffa26c2e08ea70','');
/*!40000 ALTER TABLE `ACT_RE_MODEL` ENABLE KEYS */;
UNLOCK TABLES;

--
-- Table structure for table `ACT_RE_PROCDEF`
--

DROP TABLE IF EXISTS `ACT_RE_PROCDEF`;
/*!40101 SET @saved_cs_client     = @@character_set_client */;
/*!40101 SET character_set_client = utf8 */;
CREATE TABLE `ACT_RE_PROCDEF` (
  `ID_` varchar(64) COLLATE utf8_bin NOT NULL,
  `REV_` int(11) DEFAULT NULL,
  `CATEGORY_` varchar(255) COLLATE utf8_bin DEFAULT NULL,
  `NAME_` varchar(255) COLLATE utf8_bin DEFAULT NULL,
  `KEY_` varchar(255) COLLATE utf8_bin NOT NULL,
  `VERSION_` int(11) NOT NULL,
  `DEPLOYMENT_ID_` varchar(64) COLLATE utf8_bin DEFAULT NULL,
  `RESOURCE_NAME_` varchar(4000) COLLATE utf8_bin DEFAULT NULL,
  `DGRM_RESOURCE_NAME_` varchar(4000) COLLATE utf8_bin DEFAULT NULL,
  `DESCRIPTION_` varchar(4000) COLLATE utf8_bin DEFAULT NULL,
  `HAS_START_FORM_KEY_` tinyint(4) DEFAULT NULL,
  `SUSPENSION_STATE_` int(11) DEFAULT NULL,
  `TENANT_ID_` varchar(255) COLLATE utf8_bin DEFAULT '',
  `HAS_GRAPHICAL_NOTATION_` tinyint(4) DEFAULT NULL,
  PRIMARY KEY (`ID_`),
  UNIQUE KEY `ACT_UNIQ_PROCDEF` (`KEY_`,`VERSION_`,`TENANT_ID_`)
) ENGINE=InnoDB DEFAULT CHARSET=utf8 COLLATE=utf8_bin;
/*!40101 SET character_set_client = @saved_cs_client */;

--
-- Dumping data for table `ACT_RE_PROCDEF`
--

LOCK TABLES `ACT_RE_PROCDEF` WRITE;
/*!40000 ALTER TABLE `ACT_RE_PROCDEF` DISABLE KEYS */;
INSERT INTO `ACT_RE_PROCDEF` VALUES ('test_audit:1:6158a19d348746b3804bc4b96a2d2eab',3,'http://www.activiti.org/test','流程审批测试流程','test_audit',1,'6d1fffc40c584116b242b2b282c5d836','test_audit.bpmn20.xml','test_audit.png',NULL,1,1,'',1),('test_audit:2:c9dcfb8a59a84992bccc835439b65369',3,'http://www.activiti.org/test','流程审批测试流程','test_audit',2,'082adb097cf140e3abf6d49753fe7588','流程审批测试流程.bpmn20.xml','流程审批测试流程.test_audit.png',NULL,1,1,'',1),('test_audit:3:cbcfed059401425781f920f53a35f9cc',3,'http://www.activiti.org/test','流程审批测试流程','test_audit',3,'de3c7af4ac82464d8ac31e7ae73ddca7','流程审批测试流程.bpmn20.xml','流程审批测试流程.test_audit.png',NULL,1,1,'',1),('test_audit:4:0d5eec2ef1c74c3692806f76438d3758',3,'http://www.activiti.org/test','流程审批测试流程','test_audit',4,'24d6d3e2c08949aebd7810d80a2e60cb','流程审批测试流程.bpmn20.xml','流程审批测试流程.test_audit.png',NULL,1,1,'',1);
/*!40000 ALTER TABLE `ACT_RE_PROCDEF` ENABLE KEYS */;
UNLOCK TABLES;

--
-- Table structure for table `ACT_RU_EVENT_SUBSCR`
--

DROP TABLE IF EXISTS `ACT_RU_EVENT_SUBSCR`;
/*!40101 SET @saved_cs_client     = @@character_set_client */;
/*!40101 SET character_set_client = utf8 */;
CREATE TABLE `ACT_RU_EVENT_SUBSCR` (
  `ID_` varchar(64) COLLATE utf8_bin NOT NULL,
  `REV_` int(11) DEFAULT NULL,
  `EVENT_TYPE_` varchar(255) COLLATE utf8_bin NOT NULL,
  `EVENT_NAME_` varchar(255) COLLATE utf8_bin DEFAULT NULL,
  `EXECUTION_ID_` varchar(64) COLLATE utf8_bin DEFAULT NULL,
  `PROC_INST_ID_` varchar(64) COLLATE utf8_bin DEFAULT NULL,
  `ACTIVITY_ID_` varchar(64) COLLATE utf8_bin DEFAULT NULL,
  `CONFIGURATION_` varchar(255) COLLATE utf8_bin DEFAULT NULL,
  `CREATED_` timestamp NOT NULL DEFAULT CURRENT_TIMESTAMP,
  `PROC_DEF_ID_` varchar(64) COLLATE utf8_bin DEFAULT NULL,
  `TENANT_ID_` varchar(255) COLLATE utf8_bin DEFAULT '',
  PRIMARY KEY (`ID_`),
  KEY `ACT_IDX_EVENT_SUBSCR_CONFIG_` (`CONFIGURATION_`),
  KEY `ACT_FK_EVENT_EXEC` (`EXECUTION_ID_`),
  CONSTRAINT `ACT_FK_EVENT_EXEC` FOREIGN KEY (`EXECUTION_ID_`) REFERENCES `ACT_RU_EXECUTION` (`ID_`)
) ENGINE=InnoDB DEFAULT CHARSET=utf8 COLLATE=utf8_bin;
/*!40101 SET character_set_client = @saved_cs_client */;

--
-- Dumping data for table `ACT_RU_EVENT_SUBSCR`
--

LOCK TABLES `ACT_RU_EVENT_SUBSCR` WRITE;
/*!40000 ALTER TABLE `ACT_RU_EVENT_SUBSCR` DISABLE KEYS */;
/*!40000 ALTER TABLE `ACT_RU_EVENT_SUBSCR` ENABLE KEYS */;
UNLOCK TABLES;

--
-- Table structure for table `ACT_RU_EXECUTION`
--

DROP TABLE IF EXISTS `ACT_RU_EXECUTION`;
/*!40101 SET @saved_cs_client     = @@character_set_client */;
/*!40101 SET character_set_client = utf8 */;
CREATE TABLE `ACT_RU_EXECUTION` (
  `ID_` varchar(64) COLLATE utf8_bin NOT NULL DEFAULT '',
  `REV_` int(11) DEFAULT NULL,
  `PROC_INST_ID_` varchar(64) COLLATE utf8_bin DEFAULT NULL,
  `BUSINESS_KEY_` varchar(255) COLLATE utf8_bin DEFAULT NULL,
  `PARENT_ID_` varchar(64) COLLATE utf8_bin DEFAULT NULL,
  `PROC_DEF_ID_` varchar(64) COLLATE utf8_bin DEFAULT NULL,
  `SUPER_EXEC_` varchar(64) COLLATE utf8_bin DEFAULT NULL,
  `ACT_ID_` varchar(255) COLLATE utf8_bin DEFAULT NULL,
  `IS_ACTIVE_` tinyint(4) DEFAULT NULL,
  `IS_CONCURRENT_` tinyint(4) DEFAULT NULL,
  `IS_SCOPE_` tinyint(4) DEFAULT NULL,
  `IS_EVENT_SCOPE_` tinyint(4) DEFAULT NULL,
  `SUSPENSION_STATE_` int(11) DEFAULT NULL,
  `CACHED_ENT_STATE_` int(11) DEFAULT NULL,
  `TENANT_ID_` varchar(255) COLLATE utf8_bin DEFAULT '',
  `NAME_` varchar(255) COLLATE utf8_bin DEFAULT NULL,
  `LOCK_TIME_` timestamp(3) NULL DEFAULT NULL,
  PRIMARY KEY (`ID_`),
  KEY `ACT_IDX_EXEC_BUSKEY` (`BUSINESS_KEY_`),
  KEY `ACT_FK_EXE_PROCINST` (`PROC_INST_ID_`),
  KEY `ACT_FK_EXE_PARENT` (`PARENT_ID_`),
  KEY `ACT_FK_EXE_SUPER` (`SUPER_EXEC_`),
  KEY `ACT_FK_EXE_PROCDEF` (`PROC_DEF_ID_`),
  CONSTRAINT `ACT_FK_EXE_PARENT` FOREIGN KEY (`PARENT_ID_`) REFERENCES `ACT_RU_EXECUTION` (`ID_`),
  CONSTRAINT `ACT_FK_EXE_PROCDEF` FOREIGN KEY (`PROC_DEF_ID_`) REFERENCES `ACT_RE_PROCDEF` (`ID_`),
  CONSTRAINT `ACT_FK_EXE_PROCINST` FOREIGN KEY (`PROC_INST_ID_`) REFERENCES `ACT_RU_EXECUTION` (`ID_`) ON DELETE CASCADE ON UPDATE CASCADE,
  CONSTRAINT `ACT_FK_EXE_SUPER` FOREIGN KEY (`SUPER_EXEC_`) REFERENCES `ACT_RU_EXECUTION` (`ID_`)
) ENGINE=InnoDB DEFAULT CHARSET=utf8 COLLATE=utf8_bin;
/*!40101 SET character_set_client = @saved_cs_client */;

--
-- Dumping data for table `ACT_RU_EXECUTION`
--

LOCK TABLES `ACT_RU_EXECUTION` WRITE;
/*!40000 ALTER TABLE `ACT_RU_EXECUTION` DISABLE KEYS */;
INSERT INTO `ACT_RU_EXECUTION` VALUES ('70f95f8222ba475086097e0b6f9d1128',7,'70f95f8222ba475086097e0b6f9d1128','oa_test_audit:223dda893d7341a3b52c01ec157879b3',NULL,'test_audit:1:6158a19d348746b3804bc4b96a2d2eab',NULL,'audit',1,0,1,0,1,2,'',NULL,NULL),('7eadb94af8514b8c99b02cabd158643d',1,'7eadb94af8514b8c99b02cabd158643d','oa_test_audit:78dd94b263c444ff8c50f8d66a551e94',NULL,'test_audit:3:cbcfed059401425781f920f53a35f9cc',NULL,'audit',1,0,1,0,1,2,'',NULL,NULL),('90626ac5bd954c3eb3d2794de43274e7',4,'90626ac5bd954c3eb3d2794de43274e7','oa_test_audit:52bf3fbabd1444c3ab74a0e360b8db6d',NULL,'test_audit:2:c9dcfb8a59a84992bccc835439b65369',NULL,'audit4',1,0,1,0,1,2,'',NULL,NULL),('e4171b0b4494435cbf9870c1d1e809b7',1,'e4171b0b4494435cbf9870c1d1e809b7','oa_test_audit:238c503b701f476289ba401e4d828ebd',NULL,'test_audit:4:0d5eec2ef1c74c3692806f76438d3758',NULL,'audit',1,0,1,0,1,2,'',NULL,NULL);
/*!40000 ALTER TABLE `ACT_RU_EXECUTION` ENABLE KEYS */;
UNLOCK TABLES;

--
-- Table structure for table `ACT_RU_IDENTITYLINK`
--

DROP TABLE IF EXISTS `ACT_RU_IDENTITYLINK`;
/*!40101 SET @saved_cs_client     = @@character_set_client */;
/*!40101 SET character_set_client = utf8 */;
CREATE TABLE `ACT_RU_IDENTITYLINK` (
  `ID_` varchar(64) COLLATE utf8_bin NOT NULL DEFAULT '',
  `REV_` int(11) DEFAULT NULL,
  `GROUP_ID_` varchar(255) COLLATE utf8_bin DEFAULT NULL,
  `TYPE_` varchar(255) COLLATE utf8_bin DEFAULT NULL,
  `USER_ID_` varchar(255) COLLATE utf8_bin DEFAULT NULL,
  `TASK_ID_` varchar(64) COLLATE utf8_bin DEFAULT NULL,
  `PROC_INST_ID_` varchar(64) COLLATE utf8_bin DEFAULT NULL,
  `PROC_DEF_ID_` varchar(64) COLLATE utf8_bin DEFAULT NULL,
  PRIMARY KEY (`ID_`),
  KEY `ACT_IDX_IDENT_LNK_USER` (`USER_ID_`),
  KEY `ACT_IDX_IDENT_LNK_GROUP` (`GROUP_ID_`),
  KEY `ACT_IDX_ATHRZ_PROCEDEF` (`PROC_DEF_ID_`),
  KEY `ACT_FK_TSKASS_TASK` (`TASK_ID_`),
  KEY `ACT_FK_IDL_PROCINST` (`PROC_INST_ID_`),
  CONSTRAINT `ACT_FK_ATHRZ_PROCEDEF` FOREIGN KEY (`PROC_DEF_ID_`) REFERENCES `ACT_RE_PROCDEF` (`ID_`),
  CONSTRAINT `ACT_FK_IDL_PROCINST` FOREIGN KEY (`PROC_INST_ID_`) REFERENCES `ACT_RU_EXECUTION` (`ID_`),
  CONSTRAINT `ACT_FK_TSKASS_TASK` FOREIGN KEY (`TASK_ID_`) REFERENCES `ACT_RU_TASK` (`ID_`)
) ENGINE=InnoDB DEFAULT CHARSET=utf8 COLLATE=utf8_bin;
/*!40101 SET character_set_client = @saved_cs_client */;

--
-- Dumping data for table `ACT_RU_IDENTITYLINK`
--

LOCK TABLES `ACT_RU_IDENTITYLINK` WRITE;
/*!40000 ALTER TABLE `ACT_RU_IDENTITYLINK` DISABLE KEYS */;
INSERT INTO `ACT_RU_IDENTITYLINK` VALUES ('01f1fcdd0de746e1ae3f0af3ca39ae3b',1,NULL,'participant','thinkgem',NULL,'90626ac5bd954c3eb3d2794de43274e7',NULL),('0298f8f7d16d4fc4a709bd7065bcbfd3',1,NULL,'starter','krazy',NULL,'7eadb94af8514b8c99b02cabd158643d',NULL),('455750bc7ec544c09a626da1656b2fd3',1,NULL,'starter','krazy',NULL,'e4171b0b4494435cbf9870c1d1e809b7',NULL),('579f6a8d66ed4ddab733a949580bb101',1,NULL,'participant','thinkgem',NULL,'70f95f8222ba475086097e0b6f9d1128',NULL),('5da6fe72ba4d428e984d4a6d578bd638',1,NULL,'participant','jn_admin',NULL,'90626ac5bd954c3eb3d2794de43274e7',NULL),('726dff19c9624d4490a6b0d0cc2122ad',1,NULL,'starter','krazy',NULL,'90626ac5bd954c3eb3d2794de43274e7',NULL),('84912e30138c4a5f8b0972b8b89633fe',1,NULL,'participant','{dirct}',NULL,'7eadb94af8514b8c99b02cabd158643d',NULL),('8834a516ebea41bdb78b0f38d076710d',1,NULL,'participant','lx_admin',NULL,'e4171b0b4494435cbf9870c1d1e809b7',NULL),('d30499c7f4a9492a8d0965945112da06',1,NULL,'starter','krazy',NULL,'70f95f8222ba475086097e0b6f9d1128',NULL);
/*!40000 ALTER TABLE `ACT_RU_IDENTITYLINK` ENABLE KEYS */;
UNLOCK TABLES;

--
-- Table structure for table `ACT_RU_JOB`
--

DROP TABLE IF EXISTS `ACT_RU_JOB`;
/*!40101 SET @saved_cs_client     = @@character_set_client */;
/*!40101 SET character_set_client = utf8 */;
CREATE TABLE `ACT_RU_JOB` (
  `ID_` varchar(64) COLLATE utf8_bin NOT NULL,
  `REV_` int(11) DEFAULT NULL,
  `TYPE_` varchar(255) COLLATE utf8_bin NOT NULL,
  `LOCK_EXP_TIME_` timestamp NULL DEFAULT NULL,
  `LOCK_OWNER_` varchar(255) COLLATE utf8_bin DEFAULT NULL,
  `EXCLUSIVE_` tinyint(1) DEFAULT NULL,
  `EXECUTION_ID_` varchar(64) COLLATE utf8_bin DEFAULT NULL,
  `PROCESS_INSTANCE_ID_` varchar(64) COLLATE utf8_bin DEFAULT NULL,
  `PROC_DEF_ID_` varchar(64) COLLATE utf8_bin DEFAULT NULL,
  `RETRIES_` int(11) DEFAULT NULL,
  `EXCEPTION_STACK_ID_` varchar(64) COLLATE utf8_bin DEFAULT NULL,
  `EXCEPTION_MSG_` varchar(4000) COLLATE utf8_bin DEFAULT NULL,
  `DUEDATE_` timestamp NULL DEFAULT NULL,
  `REPEAT_` varchar(255) COLLATE utf8_bin DEFAULT NULL,
  `HANDLER_TYPE_` varchar(255) COLLATE utf8_bin DEFAULT NULL,
  `HANDLER_CFG_` varchar(4000) COLLATE utf8_bin DEFAULT NULL,
  `TENANT_ID_` varchar(255) COLLATE utf8_bin DEFAULT '',
  PRIMARY KEY (`ID_`),
  KEY `ACT_FK_JOB_EXCEPTION` (`EXCEPTION_STACK_ID_`),
  CONSTRAINT `ACT_FK_JOB_EXCEPTION` FOREIGN KEY (`EXCEPTION_STACK_ID_`) REFERENCES `ACT_GE_BYTEARRAY` (`ID_`)
) ENGINE=InnoDB DEFAULT CHARSET=utf8 COLLATE=utf8_bin;
/*!40101 SET character_set_client = @saved_cs_client */;

--
-- Dumping data for table `ACT_RU_JOB`
--

LOCK TABLES `ACT_RU_JOB` WRITE;
/*!40000 ALTER TABLE `ACT_RU_JOB` DISABLE KEYS */;
/*!40000 ALTER TABLE `ACT_RU_JOB` ENABLE KEYS */;
UNLOCK TABLES;

--
-- Table structure for table `ACT_RU_TASK`
--

DROP TABLE IF EXISTS `ACT_RU_TASK`;
/*!40101 SET @saved_cs_client     = @@character_set_client */;
/*!40101 SET character_set_client = utf8 */;
CREATE TABLE `ACT_RU_TASK` (
  `ID_` varchar(64) COLLATE utf8_bin NOT NULL DEFAULT '',
  `REV_` int(11) DEFAULT NULL,
  `EXECUTION_ID_` varchar(64) COLLATE utf8_bin DEFAULT NULL,
  `PROC_INST_ID_` varchar(64) COLLATE utf8_bin DEFAULT NULL,
  `PROC_DEF_ID_` varchar(64) COLLATE utf8_bin DEFAULT NULL,
  `NAME_` varchar(255) COLLATE utf8_bin DEFAULT NULL,
  `PARENT_TASK_ID_` varchar(64) COLLATE utf8_bin DEFAULT NULL,
  `DESCRIPTION_` varchar(4000) COLLATE utf8_bin DEFAULT NULL,
  `TASK_DEF_KEY_` varchar(255) COLLATE utf8_bin DEFAULT NULL,
  `OWNER_` varchar(255) COLLATE utf8_bin DEFAULT NULL,
  `ASSIGNEE_` varchar(255) COLLATE utf8_bin DEFAULT NULL,
  `DELEGATION_` varchar(64) COLLATE utf8_bin DEFAULT NULL,
  `PRIORITY_` int(11) DEFAULT NULL,
  `CREATE_TIME_` timestamp(3) NULL DEFAULT NULL,
  `DUE_DATE_` datetime DEFAULT NULL,
  `CATEGORY_` varchar(255) COLLATE utf8_bin DEFAULT NULL,
  `SUSPENSION_STATE_` int(11) DEFAULT NULL,
  `TENANT_ID_` varchar(255) COLLATE utf8_bin DEFAULT '',
  `FORM_KEY_` varchar(255) COLLATE utf8_bin DEFAULT NULL,
  PRIMARY KEY (`ID_`),
  KEY `ACT_IDX_TASK_CREATE` (`CREATE_TIME_`),
  KEY `ACT_FK_TASK_EXE` (`EXECUTION_ID_`),
  KEY `ACT_FK_TASK_PROCINST` (`PROC_INST_ID_`),
  KEY `ACT_FK_TASK_PROCDEF` (`PROC_DEF_ID_`),
  CONSTRAINT `ACT_FK_TASK_EXE` FOREIGN KEY (`EXECUTION_ID_`) REFERENCES `ACT_RU_EXECUTION` (`ID_`),
  CONSTRAINT `ACT_FK_TASK_PROCDEF` FOREIGN KEY (`PROC_DEF_ID_`) REFERENCES `ACT_RE_PROCDEF` (`ID_`),
  CONSTRAINT `ACT_FK_TASK_PROCINST` FOREIGN KEY (`PROC_INST_ID_`) REFERENCES `ACT_RU_EXECUTION` (`ID_`)
) ENGINE=InnoDB DEFAULT CHARSET=utf8 COLLATE=utf8_bin;
/*!40101 SET character_set_client = @saved_cs_client */;

--
-- Dumping data for table `ACT_RU_TASK`
--

LOCK TABLES `ACT_RU_TASK` WRITE;
/*!40000 ALTER TABLE `ACT_RU_TASK` DISABLE KEYS */;
INSERT INTO `ACT_RU_TASK` VALUES ('aa16a5e06bf3426a8ccdf39c70db16c9',1,'7eadb94af8514b8c99b02cabd158643d','7eadb94af8514b8c99b02cabd158643d','test_audit:3:cbcfed059401425781f920f53a35f9cc','薪酬主管初审',NULL,NULL,'audit',NULL,'{dirct}',NULL,50,'2016-11-18 09:41:27.321',NULL,NULL,1,'',NULL),('cbd286cdca3a42cb8f9b0f1a3ed3df7a',1,'90626ac5bd954c3eb3d2794de43274e7','90626ac5bd954c3eb3d2794de43274e7','test_audit:2:c9dcfb8a59a84992bccc835439b65369','集团总经理审批',NULL,NULL,'audit4',NULL,'thinkgem',NULL,50,'2016-11-18 09:32:09.577',NULL,NULL,1,'',NULL),('d609a33f915e422b98744a5ce10cd200',1,'70f95f8222ba475086097e0b6f9d1128','70f95f8222ba475086097e0b6f9d1128','test_audit:1:6158a19d348746b3804bc4b96a2d2eab','薪酬主管初审',NULL,NULL,'audit',NULL,'thinkgem',NULL,50,'2016-11-18 09:25:52.543',NULL,NULL,1,'',NULL),('e8c3e4ba661942c987903d5cad6f3c8b',1,'e4171b0b4494435cbf9870c1d1e809b7','e4171b0b4494435cbf9870c1d1e809b7','test_audit:4:0d5eec2ef1c74c3692806f76438d3758','薪酬主管初审',NULL,NULL,'audit',NULL,'lx_admin',NULL,50,'2016-11-18 09:48:41.265',NULL,NULL,1,'',NULL);
/*!40000 ALTER TABLE `ACT_RU_TASK` ENABLE KEYS */;
UNLOCK TABLES;

--
-- Table structure for table `ACT_RU_VARIABLE`
--

DROP TABLE IF EXISTS `ACT_RU_VARIABLE`;
/*!40101 SET @saved_cs_client     = @@character_set_client */;
/*!40101 SET character_set_client = utf8 */;
CREATE TABLE `ACT_RU_VARIABLE` (
  `ID_` varchar(64) COLLATE utf8_bin NOT NULL,
  `REV_` int(11) DEFAULT NULL,
  `TYPE_` varchar(255) COLLATE utf8_bin NOT NULL,
  `NAME_` varchar(255) COLLATE utf8_bin NOT NULL,
  `EXECUTION_ID_` varchar(64) COLLATE utf8_bin DEFAULT NULL,
  `PROC_INST_ID_` varchar(64) COLLATE utf8_bin DEFAULT NULL,
  `TASK_ID_` varchar(64) COLLATE utf8_bin DEFAULT NULL,
  `BYTEARRAY_ID_` varchar(64) COLLATE utf8_bin DEFAULT NULL,
  `DOUBLE_` double DEFAULT NULL,
  `LONG_` bigint(20) DEFAULT NULL,
  `TEXT_` varchar(4000) COLLATE utf8_bin DEFAULT NULL,
  `TEXT2_` varchar(4000) COLLATE utf8_bin DEFAULT NULL,
  PRIMARY KEY (`ID_`),
  KEY `ACT_IDX_VARIABLE_TASK_ID` (`TASK_ID_`),
  KEY `ACT_FK_VAR_EXE` (`EXECUTION_ID_`),
  KEY `ACT_FK_VAR_PROCINST` (`PROC_INST_ID_`),
  KEY `ACT_FK_VAR_BYTEARRAY` (`BYTEARRAY_ID_`),
  CONSTRAINT `ACT_FK_VAR_BYTEARRAY` FOREIGN KEY (`BYTEARRAY_ID_`) REFERENCES `ACT_GE_BYTEARRAY` (`ID_`),
  CONSTRAINT `ACT_FK_VAR_EXE` FOREIGN KEY (`EXECUTION_ID_`) REFERENCES `ACT_RU_EXECUTION` (`ID_`),
  CONSTRAINT `ACT_FK_VAR_PROCINST` FOREIGN KEY (`PROC_INST_ID_`) REFERENCES `ACT_RU_EXECUTION` (`ID_`)
) ENGINE=InnoDB DEFAULT CHARSET=utf8 COLLATE=utf8_bin;
/*!40101 SET character_set_client = @saved_cs_client */;

--
-- Dumping data for table `ACT_RU_VARIABLE`
--

LOCK TABLES `ACT_RU_VARIABLE` WRITE;
/*!40000 ALTER TABLE `ACT_RU_VARIABLE` DISABLE KEYS */;
INSERT INTO `ACT_RU_VARIABLE` VALUES ('373aceea01094110b34b33d6b790bd24',1,'string','apply','7eadb94af8514b8c99b02cabd158643d','7eadb94af8514b8c99b02cabd158643d',NULL,NULL,NULL,NULL,'krazy',NULL),('5df2b3fb19f143a8ae0367be2602f52e',1,'string','apply','90626ac5bd954c3eb3d2794de43274e7','90626ac5bd954c3eb3d2794de43274e7',NULL,NULL,NULL,NULL,'krazy',NULL),('7aaf9887f7e848968b188ab466c4b70a',1,'string','title','e4171b0b4494435cbf9870c1d1e809b7','e4171b0b4494435cbf9870c1d1e809b7',NULL,NULL,NULL,NULL,'ddddd',NULL),('9597aa958654445aaa0d5af4373ed88a',1,'string','dirct','e4171b0b4494435cbf9870c1d1e809b7','e4171b0b4494435cbf9870c1d1e809b7',NULL,NULL,NULL,NULL,'lx_admin',NULL),('9f6fa08474fc4b5d96ad894f00e165dc',1,'string','title','90626ac5bd954c3eb3d2794de43274e7','90626ac5bd954c3eb3d2794de43274e7',NULL,NULL,NULL,NULL,'3244',NULL),('af31917d27734c10af2d5ee4e33e1474',1,'string','title','70f95f8222ba475086097e0b6f9d1128','70f95f8222ba475086097e0b6f9d1128',NULL,NULL,NULL,NULL,'324',NULL),('b466a1503b0840d197fe0bf678f99372',1,'string','title','7eadb94af8514b8c99b02cabd158643d','7eadb94af8514b8c99b02cabd158643d',NULL,NULL,NULL,NULL,'rrr',NULL),('b8384887cb274a0eb8850286b5e90887',1,'string','apply','e4171b0b4494435cbf9870c1d1e809b7','e4171b0b4494435cbf9870c1d1e809b7',NULL,NULL,NULL,NULL,'krazy',NULL),('bccef9e90fba4c9b9ade95280597ceb7',1,'string','apply','70f95f8222ba475086097e0b6f9d1128','70f95f8222ba475086097e0b6f9d1128',NULL,NULL,NULL,NULL,'krazy',NULL),('bdb2b347313144549c9a14199fa8d0c3',1,'string','pass','90626ac5bd954c3eb3d2794de43274e7','90626ac5bd954c3eb3d2794de43274e7',NULL,NULL,NULL,NULL,'1',NULL),('c9725f8106ee45c096ff58e708aeea30',3,'string','pass','70f95f8222ba475086097e0b6f9d1128','70f95f8222ba475086097e0b6f9d1128',NULL,NULL,NULL,NULL,'1',NULL);
/*!40000 ALTER TABLE `ACT_RU_VARIABLE` ENABLE KEYS */;
UNLOCK TABLES;

--
-- Table structure for table `cms_article`
--

DROP TABLE IF EXISTS `cms_article`;
/*!40101 SET @saved_cs_client     = @@character_set_client */;
/*!40101 SET character_set_client = utf8 */;
CREATE TABLE `cms_article` (
  `id` varchar(64) COLLATE utf8_bin NOT NULL COMMENT '编号',
  `category_id` varchar(64) COLLATE utf8_bin NOT NULL COMMENT '栏目编号',
  `title` varchar(255) COLLATE utf8_bin NOT NULL COMMENT '标题',
  `link` varchar(255) COLLATE utf8_bin DEFAULT NULL COMMENT '文章链接',
  `color` varchar(50) COLLATE utf8_bin DEFAULT NULL COMMENT '标题颜色',
  `image` varchar(255) COLLATE utf8_bin DEFAULT NULL COMMENT '文章图片',
  `keywords` varchar(255) COLLATE utf8_bin DEFAULT NULL COMMENT '关键字',
  `description` varchar(255) COLLATE utf8_bin DEFAULT NULL COMMENT '描述、摘要',
  `weight` int(11) DEFAULT '0' COMMENT '权重，越大越靠前',
  `weight_date` datetime DEFAULT NULL COMMENT '权重期限',
  `hits` int(11) DEFAULT '0' COMMENT '点击数',
  `posid` varchar(10) COLLATE utf8_bin DEFAULT NULL COMMENT '推荐位，多选',
  `custom_content_view` varchar(255) COLLATE utf8_bin DEFAULT NULL COMMENT '自定义内容视图',
  `view_config` text COLLATE utf8_bin COMMENT '视图配置',
  `create_by` varchar(64) COLLATE utf8_bin DEFAULT NULL COMMENT '创建者',
  `create_date` datetime DEFAULT NULL COMMENT '创建时间',
  `update_by` varchar(64) COLLATE utf8_bin DEFAULT NULL COMMENT '更新者',
  `update_date` datetime DEFAULT NULL COMMENT '更新时间',
  `remarks` varchar(255) COLLATE utf8_bin DEFAULT NULL COMMENT '备注信息',
  `del_flag` char(1) COLLATE utf8_bin NOT NULL DEFAULT '0' COMMENT '删除标记',
  PRIMARY KEY (`id`),
  KEY `cms_article_create_by` (`create_by`),
  KEY `cms_article_title` (`title`),
  KEY `cms_article_keywords` (`keywords`),
  KEY `cms_article_del_flag` (`del_flag`),
  KEY `cms_article_weight` (`weight`),
  KEY `cms_article_update_date` (`update_date`),
  KEY `cms_article_category_id` (`category_id`)
) ENGINE=InnoDB DEFAULT CHARSET=utf8 COLLATE=utf8_bin COMMENT='文章表';
/*!40101 SET character_set_client = @saved_cs_client */;

--
-- Dumping data for table `cms_article`
--

LOCK TABLES `cms_article` WRITE;
/*!40000 ALTER TABLE `cms_article` DISABLE KEYS */;
INSERT INTO `cms_article` VALUES ('1','3','文章标题标题标题标题',NULL,'green',NULL,'关键字1,关键字2',NULL,0,NULL,0,NULL,NULL,NULL,'1','2013-05-27 08:00:00','1','2013-05-27 08:00:00',NULL,'0'),('10','4','文章标题标题标题标题',NULL,NULL,NULL,'关键字1,关键字2',NULL,0,NULL,0,NULL,NULL,NULL,'1','2013-05-27 08:00:00','1','2013-05-27 08:00:00',NULL,'0'),('11','5','文章标题标题标题标题',NULL,NULL,NULL,'关键字1,关键字2',NULL,0,NULL,0,NULL,NULL,NULL,'1','2013-05-27 08:00:00','1','2013-05-27 08:00:00',NULL,'0'),('12','5','文章标题标题标题标题',NULL,NULL,NULL,'关键字1,关键字2',NULL,0,NULL,0,NULL,NULL,NULL,'1','2013-05-27 08:00:00','1','2013-05-27 08:00:00',NULL,'0'),('13','5','文章标题标题标题标题',NULL,NULL,NULL,'关键字1,关键字2',NULL,0,NULL,0,NULL,NULL,NULL,'1','2013-05-27 08:00:00','1','2013-05-27 08:00:00',NULL,'0'),('14','7','文章标题标题标题标题',NULL,NULL,NULL,'关键字1,关键字2',NULL,0,NULL,0,NULL,NULL,NULL,'1','2013-05-27 08:00:00','1','2013-05-27 08:00:00',NULL,'0'),('15','7','文章标题标题标题标题',NULL,NULL,NULL,'关键字1,关键字2',NULL,0,NULL,0,NULL,NULL,NULL,'1','2013-05-27 08:00:00','1','2013-05-27 08:00:00',NULL,'0'),('16','7','文章标题标题标题标题',NULL,NULL,NULL,'关键字1,关键字2',NULL,0,NULL,0,NULL,NULL,NULL,'1','2013-05-27 08:00:00','1','2013-05-27 08:00:00',NULL,'0'),('17','7','文章标题标题标题标题',NULL,NULL,NULL,'关键字1,关键字2',NULL,0,NULL,0,NULL,NULL,NULL,'1','2013-05-27 08:00:00','1','2013-05-27 08:00:00',NULL,'0'),('18','8','文章标题标题标题标题',NULL,NULL,NULL,'关键字1,关键字2',NULL,0,NULL,0,NULL,NULL,NULL,'1','2013-05-27 08:00:00','1','2013-05-27 08:00:00',NULL,'0'),('19','8','文章标题标题标题标题',NULL,NULL,NULL,'关键字1,关键字2',NULL,0,NULL,0,NULL,NULL,NULL,'1','2013-05-27 08:00:00','1','2013-05-27 08:00:00',NULL,'0'),('2','3','文章标题标题标题标题',NULL,'red',NULL,'关键字1,关键字2',NULL,0,NULL,0,NULL,NULL,NULL,'1','2013-05-27 08:00:00','1','2013-05-27 08:00:00',NULL,'0'),('20','8','文章标题标题标题标题',NULL,NULL,NULL,'关键字1,关键字2',NULL,0,NULL,0,NULL,NULL,NULL,'1','2013-05-27 08:00:00','1','2013-05-27 08:00:00',NULL,'0'),('21','8','文章标题标题标题标题',NULL,NULL,NULL,'关键字1,关键字2',NULL,0,NULL,0,NULL,NULL,NULL,'1','2013-05-27 08:00:00','1','2013-05-27 08:00:00',NULL,'0'),('22','9','文章标题标题标题标题',NULL,NULL,NULL,'关键字1,关键字2',NULL,0,NULL,0,NULL,NULL,NULL,'1','2013-05-27 08:00:00','1','2013-05-27 08:00:00',NULL,'0'),('23','9','文章标题标题标题标题',NULL,NULL,NULL,'关键字1,关键字2',NULL,0,NULL,0,NULL,NULL,NULL,'1','2013-05-27 08:00:00','1','2013-05-27 08:00:00',NULL,'0'),('24','9','文章标题标题标题标题',NULL,NULL,NULL,'关键字1,关键字2',NULL,0,NULL,0,NULL,NULL,NULL,'1','2013-05-27 08:00:00','1','2013-05-27 08:00:00',NULL,'0'),('25','9','文章标题标题标题标题',NULL,NULL,NULL,'关键字1,关键字2',NULL,0,NULL,0,NULL,NULL,NULL,'1','2013-05-27 08:00:00','1','2013-05-27 08:00:00',NULL,'0'),('26','9','文章标题标题标题标题',NULL,NULL,NULL,'关键字1,关键字2',NULL,0,NULL,0,NULL,NULL,NULL,'1','2013-05-27 08:00:00','1','2013-05-27 08:00:00',NULL,'0'),('27','11','文章标题标题标题标题',NULL,NULL,NULL,'关键字1,关键字2',NULL,0,NULL,0,NULL,NULL,NULL,'1','2013-05-27 08:00:00','1','2013-05-27 08:00:00',NULL,'0'),('28','11','文章标题标题标题标题',NULL,NULL,NULL,'关键字1,关键字2',NULL,0,NULL,0,NULL,NULL,NULL,'1','2013-05-27 08:00:00','1','2013-05-27 08:00:00',NULL,'0'),('29','11','文章标题标题标题标题',NULL,NULL,NULL,'关键字1,关键字2',NULL,0,NULL,0,NULL,NULL,NULL,'1','2013-05-27 08:00:00','1','2013-05-27 08:00:00',NULL,'0'),('3','3','文章标题标题标题标题',NULL,NULL,NULL,'关键字1,关键字2',NULL,0,NULL,0,NULL,NULL,NULL,'1','2013-05-27 08:00:00','1','2013-05-27 08:00:00',NULL,'0'),('30','11','文章标题标题标题标题',NULL,NULL,NULL,'关键字1,关键字2',NULL,0,NULL,0,NULL,NULL,NULL,'1','2013-05-27 08:00:00','1','2013-05-27 08:00:00',NULL,'0'),('31','11','文章标题标题标题标题',NULL,NULL,NULL,'关键字1,关键字2',NULL,0,NULL,0,NULL,NULL,NULL,'1','2013-05-27 08:00:00','1','2013-05-27 08:00:00',NULL,'0'),('32','12','文章标题标题标题标题',NULL,NULL,NULL,'关键字1,关键字2',NULL,0,NULL,0,NULL,NULL,NULL,'1','2013-05-27 08:00:00','1','2013-05-27 08:00:00',NULL,'0'),('33','12','文章标题标题标题标题',NULL,NULL,NULL,'关键字1,关键字2',NULL,0,NULL,0,NULL,NULL,NULL,'1','2013-05-27 08:00:00','1','2013-05-27 08:00:00',NULL,'0'),('34','12','文章标题标题标题标题',NULL,NULL,NULL,'关键字1,关键字2',NULL,0,NULL,0,NULL,NULL,NULL,'1','2013-05-27 08:00:00','1','2013-05-27 08:00:00',NULL,'0'),('35','12','文章标题标题标题标题',NULL,NULL,NULL,'关键字1,关键字2',NULL,0,NULL,0,NULL,NULL,NULL,'1','2013-05-27 08:00:00','1','2013-05-27 08:00:00',NULL,'0'),('36','12','文章标题标题标题标题',NULL,NULL,NULL,'关键字1,关键字2',NULL,0,NULL,0,NULL,NULL,NULL,'1','2013-05-27 08:00:00','1','2013-05-27 08:00:00',NULL,'0'),('37','13','文章标题标题标题标题',NULL,NULL,NULL,'关键字1,关键字2',NULL,0,NULL,0,NULL,NULL,NULL,'1','2013-05-27 08:00:00','1','2013-05-27 08:00:00',NULL,'0'),('38','13','文章标题标题标题标题',NULL,NULL,NULL,'关键字1,关键字2',NULL,0,NULL,0,NULL,NULL,NULL,'1','2013-05-27 08:00:00','1','2013-05-27 08:00:00',NULL,'0'),('39','13','文章标题标题标题标题',NULL,NULL,NULL,'关键字1,关键字2',NULL,0,NULL,0,NULL,NULL,NULL,'1','2013-05-27 08:00:00','1','2013-05-27 08:00:00',NULL,'0'),('4','3','文章标题标题标题标题',NULL,'green',NULL,'关键字1,关键字2',NULL,0,NULL,0,NULL,NULL,NULL,'1','2013-05-27 08:00:00','1','2013-05-27 08:00:00',NULL,'0'),('40','13','文章标题标题标题标题',NULL,NULL,NULL,'关键字1,关键字2',NULL,0,NULL,0,NULL,NULL,NULL,'1','2013-05-27 08:00:00','1','2013-05-27 08:00:00',NULL,'0'),('41','14','文章标题标题标题标题',NULL,NULL,NULL,'关键字1,关键字2',NULL,0,NULL,0,NULL,NULL,NULL,'1','2013-05-27 08:00:00','1','2013-05-27 08:00:00',NULL,'0'),('42','14','文章标题标题标题标题',NULL,NULL,NULL,'关键字1,关键字2',NULL,0,NULL,0,NULL,NULL,NULL,'1','2013-05-27 08:00:00','1','2013-05-27 08:00:00',NULL,'0'),('43','14','文章标题标题标题标题',NULL,NULL,NULL,'关键字1,关键字2',NULL,0,NULL,0,NULL,NULL,NULL,'1','2013-05-27 08:00:00','1','2013-05-27 08:00:00',NULL,'0'),('44','14','文章标题标题标题标题',NULL,NULL,NULL,'关键字1,关键字2',NULL,0,NULL,0,NULL,NULL,NULL,'1','2013-05-27 08:00:00','1','2013-05-27 08:00:00',NULL,'0'),('45','14','文章标题标题标题标题',NULL,NULL,NULL,'关键字1,关键字2',NULL,0,NULL,0,NULL,NULL,NULL,'1','2013-05-27 08:00:00','1','2013-05-27 08:00:00',NULL,'0'),('46','15','文章标题标题标题标题',NULL,NULL,NULL,'关键字1,关键字2',NULL,0,NULL,0,NULL,NULL,NULL,'1','2013-05-27 08:00:00','1','2013-05-27 08:00:00',NULL,'0'),('47','15','文章标题标题标题标题',NULL,NULL,NULL,'关键字1,关键字2',NULL,0,NULL,0,NULL,NULL,NULL,'1','2013-05-27 08:00:00','1','2013-05-27 08:00:00',NULL,'0'),('48','15','文章标题标题标题标题',NULL,NULL,NULL,'关键字1,关键字2',NULL,0,NULL,0,NULL,NULL,NULL,'1','2013-05-27 08:00:00','1','2013-05-27 08:00:00',NULL,'0'),('49','16','文章标题标题标题标题',NULL,NULL,NULL,'关键字1,关键字2',NULL,0,NULL,0,NULL,NULL,NULL,'1','2013-05-27 08:00:00','1','2013-05-27 08:00:00',NULL,'0'),('5','3','文章标题标题标题标题',NULL,NULL,NULL,'关键字1,关键字2',NULL,0,NULL,0,NULL,NULL,NULL,'1','2013-05-27 08:00:00','1','2013-05-27 08:00:00',NULL,'0'),('50','17','文章标题标题标题标题',NULL,NULL,NULL,'关键字1,关键字2',NULL,0,NULL,0,NULL,NULL,NULL,'1','2013-05-27 08:00:00','1','2013-05-27 08:00:00',NULL,'0'),('51','17','文章标题标题标题标题',NULL,NULL,NULL,'关键字1,关键字2',NULL,0,NULL,0,NULL,NULL,NULL,'1','2013-05-27 08:00:00','1','2013-05-27 08:00:00',NULL,'0'),('52','26','文章标题标题标题标题',NULL,NULL,NULL,'关键字1,关键字2',NULL,0,NULL,0,NULL,NULL,NULL,'1','2013-05-27 08:00:00','1','2013-05-27 08:00:00',NULL,'0'),('53','26','文章标题标题标题标题',NULL,NULL,NULL,'关键字1,关键字2',NULL,0,NULL,0,NULL,NULL,NULL,'1','2013-05-27 08:00:00','1','2013-05-27 08:00:00',NULL,'0'),('6','3','文章标题标题标题标题',NULL,NULL,NULL,'关键字1,关键字2',NULL,0,NULL,0,NULL,NULL,NULL,'1','2013-05-27 08:00:00','1','2013-05-27 08:00:00',NULL,'0'),('7','4','文章标题标题标题标题',NULL,NULL,NULL,'关键字1,关键字2',NULL,0,NULL,0,NULL,NULL,NULL,'1','2013-05-27 08:00:00','1','2013-05-27 08:00:00',NULL,'0'),('8','4','文章标题标题标题标题',NULL,'blue',NULL,'关键字1,关键字2',NULL,0,NULL,0,NULL,NULL,NULL,'1','2013-05-27 08:00:00','1','2013-05-27 08:00:00',NULL,'0'),('9','4','文章标题标题标题标题',NULL,NULL,NULL,'关键字1,关键字2',NULL,0,NULL,0,NULL,NULL,NULL,'1','2013-05-27 08:00:00','1','2013-05-27 08:00:00',NULL,'0');
/*!40000 ALTER TABLE `cms_article` ENABLE KEYS */;
UNLOCK TABLES;

--
-- Table structure for table `cms_article_data`
--

DROP TABLE IF EXISTS `cms_article_data`;
/*!40101 SET @saved_cs_client     = @@character_set_client */;
/*!40101 SET character_set_client = utf8 */;
CREATE TABLE `cms_article_data` (
  `id` varchar(64) COLLATE utf8_bin NOT NULL COMMENT '编号',
  `content` text COLLATE utf8_bin COMMENT '文章内容',
  `copyfrom` varchar(255) COLLATE utf8_bin DEFAULT NULL COMMENT '文章来源',
  `relation` varchar(255) COLLATE utf8_bin DEFAULT NULL COMMENT '相关文章',
  `allow_comment` char(1) COLLATE utf8_bin DEFAULT NULL COMMENT '是否允许评论',
  PRIMARY KEY (`id`)
) ENGINE=InnoDB DEFAULT CHARSET=utf8 COLLATE=utf8_bin COMMENT='文章详表';
/*!40101 SET character_set_client = @saved_cs_client */;

--
-- Dumping data for table `cms_article_data`
--

LOCK TABLES `cms_article_data` WRITE;
/*!40000 ALTER TABLE `cms_article_data` DISABLE KEYS */;
INSERT INTO `cms_article_data` VALUES ('1','文章内容内容内容内容','来源','1,2,3','1'),('10','文章内容内容内容内容','来源','1,2,3','1'),('11','文章内容内容内容内容','来源','1,2,3','1'),('12','文章内容内容内容内容','来源','1,2,3','1'),('13','文章内容内容内容内容','来源','1,2,3','1'),('14','文章内容内容内容内容','来源','1,2,3','1'),('15','文章内容内容内容内容','来源','1,2,3','1'),('16','文章内容内容内容内容','来源','1,2,3','1'),('17','文章内容内容内容内容','来源','1,2,3','1'),('18','文章内容内容内容内容','来源','1,2,3','1'),('19','文章内容内容内容内容','来源','1,2,3','1'),('2','文章内容内容内容内容','来源','1,2,3','1'),('20','文章内容内容内容内容','来源','1,2,3','1'),('21','文章内容内容内容内容','来源','1,2,3','1'),('22','文章内容内容内容内容','来源','1,2,3','1'),('23','文章内容内容内容内容','来源','1,2,3','1'),('24','文章内容内容内容内容','来源','1,2,3','1'),('25','文章内容内容内容内容','来源','1,2,3','1'),('26','文章内容内容内容内容','来源','1,2,3','1'),('27','文章内容内容内容内容','来源','1,2,3','1'),('28','文章内容内容内容内容','来源','1,2,3','1'),('29','文章内容内容内容内容','来源','1,2,3','1'),('3','文章内容内容内容内容','来源','1,2,3','1'),('30','文章内容内容内容内容','来源','1,2,3','1'),('31','文章内容内容内容内容','来源','1,2,3','1'),('32','文章内容内容内容内容','来源','1,2,3','1'),('33','文章内容内容内容内容','来源','1,2,3','1'),('34','文章内容内容内容内容','来源','1,2,3','1'),('35','文章内容内容内容内容','来源','1,2,3','1'),('36','文章内容内容内容内容','来源','1,2,3','1'),('37','文章内容内容内容内容','来源','1,2,3','1'),('38','文章内容内容内容内容','来源','1,2,3','1'),('39','文章内容内容内容内容','来源','1,2,3','1'),('4','文章内容内容内容内容','来源','1,2,3','1'),('40','文章内容内容内容内容','来源','1,2,3','1'),('41','文章内容内容内容内容','来源','1,2,3','1'),('42','文章内容内容内容内容','来源','1,2,3','1'),('43','文章内容内容内容内容','来源','1,2,3','1'),('44','文章内容内容内容内容','来源','1,2,3','1'),('45','文章内容内容内容内容','来源','1,2,3','1'),('46','文章内容内容内容内容','来源','1,2,3','1'),('47','文章内容内容内容内容','来源','1,2,3','1'),('48','文章内容内容内容内容','来源','1,2,3','1'),('49','文章内容内容内容内容','来源','1,2,3','1'),('5','文章内容内容内容内容','来源','1,2,3','1'),('50','文章内容内容内容内容','来源','1,2,3','1'),('51','文章内容内容内容内容','来源','1,2,3','1'),('52','文章内容内容内容内容','来源','1,2,3','1'),('53','文章内容内容内容内容','来源','1,2,3','1'),('6','文章内容内容内容内容','来源','1,2,3','1'),('7','文章内容内容内容内容','来源','1,2,3','1'),('8','文章内容内容内容内容','来源','1,2,3','1'),('9','文章内容内容内容内容','来源','1,2,3','1');
/*!40000 ALTER TABLE `cms_article_data` ENABLE KEYS */;
UNLOCK TABLES;

--
-- Table structure for table `cms_category`
--

DROP TABLE IF EXISTS `cms_category`;
/*!40101 SET @saved_cs_client     = @@character_set_client */;
/*!40101 SET character_set_client = utf8 */;
CREATE TABLE `cms_category` (
  `id` varchar(64) COLLATE utf8_bin NOT NULL COMMENT '编号',
  `parent_id` varchar(64) COLLATE utf8_bin NOT NULL COMMENT '父级编号',
  `parent_ids` varchar(2000) COLLATE utf8_bin NOT NULL COMMENT '所有父级编号',
  `site_id` varchar(64) COLLATE utf8_bin DEFAULT '1' COMMENT '站点编号',
  `office_id` varchar(64) COLLATE utf8_bin DEFAULT NULL COMMENT '归属机构',
  `module` varchar(20) COLLATE utf8_bin DEFAULT NULL COMMENT '栏目模块',
  `name` varchar(100) COLLATE utf8_bin NOT NULL COMMENT '栏目名称',
  `image` varchar(255) COLLATE utf8_bin DEFAULT NULL COMMENT '栏目图片',
  `href` varchar(255) COLLATE utf8_bin DEFAULT NULL COMMENT '链接',
  `target` varchar(20) COLLATE utf8_bin DEFAULT NULL COMMENT '目标',
  `description` varchar(255) COLLATE utf8_bin DEFAULT NULL COMMENT '描述',
  `keywords` varchar(255) COLLATE utf8_bin DEFAULT NULL COMMENT '关键字',
  `sort` int(11) DEFAULT '30' COMMENT '排序（升序）',
  `in_menu` char(1) COLLATE utf8_bin DEFAULT '1' COMMENT '是否在导航中显示',
  `in_list` char(1) COLLATE utf8_bin DEFAULT '1' COMMENT '是否在分类页中显示列表',
  `show_modes` char(1) COLLATE utf8_bin DEFAULT '0' COMMENT '展现方式',
  `allow_comment` char(1) COLLATE utf8_bin DEFAULT NULL COMMENT '是否允许评论',
  `is_audit` char(1) COLLATE utf8_bin DEFAULT NULL COMMENT '是否需要审核',
  `custom_list_view` varchar(255) COLLATE utf8_bin DEFAULT NULL COMMENT '自定义列表视图',
  `custom_content_view` varchar(255) COLLATE utf8_bin DEFAULT NULL COMMENT '自定义内容视图',
  `view_config` text COLLATE utf8_bin COMMENT '视图配置',
  `create_by` varchar(64) COLLATE utf8_bin DEFAULT NULL COMMENT '创建者',
  `create_date` datetime DEFAULT NULL COMMENT '创建时间',
  `update_by` varchar(64) COLLATE utf8_bin DEFAULT NULL COMMENT '更新者',
  `update_date` datetime DEFAULT NULL COMMENT '更新时间',
  `remarks` varchar(255) COLLATE utf8_bin DEFAULT NULL COMMENT '备注信息',
  `del_flag` char(1) COLLATE utf8_bin NOT NULL DEFAULT '0' COMMENT '删除标记',
  PRIMARY KEY (`id`),
  KEY `cms_category_parent_id` (`parent_id`),
  KEY `cms_category_module` (`module`),
  KEY `cms_category_name` (`name`),
  KEY `cms_category_sort` (`sort`),
  KEY `cms_category_del_flag` (`del_flag`),
  KEY `cms_category_office_id` (`office_id`),
  KEY `cms_category_site_id` (`site_id`)
) ENGINE=InnoDB DEFAULT CHARSET=utf8 COLLATE=utf8_bin COMMENT='栏目表';
/*!40101 SET character_set_client = @saved_cs_client */;

--
-- Dumping data for table `cms_category`
--

LOCK TABLES `cms_category` WRITE;
/*!40000 ALTER TABLE `cms_category` DISABLE KEYS */;
INSERT INTO `cms_category` VALUES ('1','0','0,','0','1',NULL,'顶级栏目',NULL,NULL,NULL,NULL,NULL,0,'1','1','0','0','1',NULL,NULL,NULL,'1','2013-05-27 08:00:00','1','2013-05-27 08:00:00',NULL,'0'),('10','1','0,1,','1','4','article','软件介绍',NULL,NULL,NULL,NULL,NULL,20,'1','1','0','1','0',NULL,NULL,NULL,'1','2013-05-27 08:00:00','1','2013-05-27 08:00:00',NULL,'0'),('11','10','0,1,10,','1','4','article','网络工具',NULL,NULL,NULL,NULL,NULL,30,'1','1','0','1','0',NULL,NULL,NULL,'1','2013-05-27 08:00:00','1','2013-05-27 08:00:00',NULL,'0'),('12','10','0,1,10,','1','4','article','浏览工具',NULL,NULL,NULL,NULL,NULL,40,'1','1','0','1','0',NULL,NULL,NULL,'1','2013-05-27 08:00:00','1','2013-05-27 08:00:00',NULL,'0'),('13','10','0,1,10,','1','4','article','浏览辅助',NULL,NULL,NULL,NULL,NULL,50,'1','1','0','1','0',NULL,NULL,NULL,'1','2013-05-27 08:00:00','1','2013-05-27 08:00:00',NULL,'0'),('14','10','0,1,10,','1','4','article','网络优化',NULL,NULL,NULL,NULL,NULL,50,'1','1','0','1','0',NULL,NULL,NULL,'1','2013-05-27 08:00:00','1','2013-05-27 08:00:00',NULL,'0'),('15','10','0,1,10,','1','4','article','邮件处理',NULL,NULL,NULL,NULL,NULL,50,'1','1','0','1','0',NULL,NULL,NULL,'1','2013-05-27 08:00:00','1','2013-05-27 08:00:00',NULL,'0'),('16','10','0,1,10,','1','4','article','下载工具',NULL,NULL,NULL,NULL,NULL,50,'1','1','0','1','0',NULL,NULL,NULL,'1','2013-05-27 08:00:00','1','2013-05-27 08:00:00',NULL,'0'),('17','10','0,1,10,','1','4','article','搜索工具',NULL,NULL,NULL,NULL,NULL,50,'1','1','2','1','0',NULL,NULL,NULL,'1','2013-05-27 08:00:00','1','2013-05-27 08:00:00',NULL,'0'),('18','1','0,1,','1','5','link','友情链接',NULL,NULL,NULL,NULL,NULL,90,'1','1','0','1','0',NULL,NULL,NULL,'1','2013-05-27 08:00:00','1','2013-05-27 08:00:00',NULL,'0'),('19','18','0,1,18,','1','5','link','常用网站',NULL,NULL,NULL,NULL,NULL,50,'1','1','0','1','0',NULL,NULL,NULL,'1','2013-05-27 08:00:00','1','2013-05-27 08:00:00',NULL,'0'),('2','1','0,1,','1','3','article','组织机构',NULL,NULL,NULL,NULL,NULL,10,'1','1','0','0','1',NULL,NULL,NULL,'1','2013-05-27 08:00:00','1','2013-05-27 08:00:00',NULL,'0'),('20','18','0,1,18,','1','5','link','门户网站',NULL,NULL,NULL,NULL,NULL,50,'1','1','0','1','0',NULL,NULL,NULL,'1','2013-05-27 08:00:00','1','2013-05-27 08:00:00',NULL,'0'),('21','18','0,1,18,','1','5','link','购物网站',NULL,NULL,NULL,NULL,NULL,50,'1','1','0','1','0',NULL,NULL,NULL,'1','2013-05-27 08:00:00','1','2013-05-27 08:00:00',NULL,'0'),('22','18','0,1,18,','1','5','link','交友社区',NULL,NULL,NULL,NULL,NULL,50,'1','1','0','1','0',NULL,NULL,NULL,'1','2013-05-27 08:00:00','1','2013-05-27 08:00:00',NULL,'0'),('23','18','0,1,18,','1','5','link','音乐视频',NULL,NULL,NULL,NULL,NULL,50,'1','1','0','1','0',NULL,NULL,NULL,'1','2013-05-27 08:00:00','1','2013-05-27 08:00:00',NULL,'0'),('24','1','0,1,','1','6',NULL,'百度一下',NULL,'http://www.baidu.com','_blank',NULL,NULL,90,'1','1','0','1','0',NULL,NULL,NULL,'1','2013-05-27 08:00:00','1','2013-05-27 08:00:00',NULL,'0'),('25','1','0,1,','1','6',NULL,'全文检索',NULL,'/search',NULL,NULL,NULL,90,'0','1','0','1','0',NULL,NULL,NULL,'1','2013-05-27 08:00:00','1','2013-05-27 08:00:00',NULL,'0'),('26','1','0,1,','2','6','article','测试栏目',NULL,NULL,NULL,NULL,NULL,90,'1','1','0','1','0',NULL,NULL,NULL,'1','2013-05-27 08:00:00','1','2013-05-27 08:00:00',NULL,'0'),('27','1','0,1,','1','6',NULL,'公共留言',NULL,'/guestbook',NULL,NULL,NULL,90,'1','1','0','1','0',NULL,NULL,NULL,'1','2013-05-27 08:00:00','1','2013-05-27 08:00:00',NULL,'0'),('3','2','0,1,2,','1','3','article','网站简介',NULL,NULL,NULL,NULL,NULL,30,'1','1','0','0','1',NULL,NULL,NULL,'1','2013-05-27 08:00:00','1','2013-05-27 08:00:00',NULL,'0'),('4','2','0,1,2,','1','3','article','内部机构',NULL,NULL,NULL,NULL,NULL,40,'1','1','0','0','1',NULL,NULL,NULL,'1','2013-05-27 08:00:00','1','2013-05-27 08:00:00',NULL,'0'),('5','2','0,1,2,','1','3','article','地方机构',NULL,NULL,NULL,NULL,NULL,50,'1','1','0','0','1',NULL,NULL,NULL,'1','2013-05-27 08:00:00','1','2013-05-27 08:00:00',NULL,'0'),('6','1','0,1,','1','3','article','质量检验',NULL,NULL,NULL,NULL,NULL,20,'1','1','1','1','0',NULL,NULL,NULL,'1','2013-05-27 08:00:00','1','2013-05-27 08:00:00',NULL,'0'),('7','6','0,1,6,','1','3','article','产品质量',NULL,NULL,NULL,NULL,NULL,30,'1','1','0','1','0',NULL,NULL,NULL,'1','2013-05-27 08:00:00','1','2013-05-27 08:00:00',NULL,'0'),('8','6','0,1,6,','1','3','article','技术质量',NULL,NULL,NULL,NULL,NULL,40,'1','1','0','1','0',NULL,NULL,NULL,'1','2013-05-27 08:00:00','1','2013-05-27 08:00:00',NULL,'0'),('9','6','0,1,6,','1','3','article','工程质量',NULL,NULL,NULL,NULL,NULL,50,'1','1','0','1','0',NULL,NULL,NULL,'1','2013-05-27 08:00:00','1','2013-05-27 08:00:00',NULL,'0');
/*!40000 ALTER TABLE `cms_category` ENABLE KEYS */;
UNLOCK TABLES;

--
-- Table structure for table `cms_comment`
--

DROP TABLE IF EXISTS `cms_comment`;
/*!40101 SET @saved_cs_client     = @@character_set_client */;
/*!40101 SET character_set_client = utf8 */;
CREATE TABLE `cms_comment` (
  `id` varchar(64) COLLATE utf8_bin NOT NULL COMMENT '编号',
  `category_id` varchar(64) COLLATE utf8_bin NOT NULL COMMENT '栏目编号',
  `content_id` varchar(64) COLLATE utf8_bin NOT NULL COMMENT '栏目内容的编号',
  `title` varchar(255) COLLATE utf8_bin DEFAULT NULL COMMENT '栏目内容的标题',
  `content` varchar(255) COLLATE utf8_bin DEFAULT NULL COMMENT '评论内容',
  `name` varchar(100) COLLATE utf8_bin DEFAULT NULL COMMENT '评论姓名',
  `ip` varchar(100) COLLATE utf8_bin DEFAULT NULL COMMENT '评论IP',
  `create_date` datetime NOT NULL COMMENT '评论时间',
  `audit_user_id` varchar(64) COLLATE utf8_bin DEFAULT NULL COMMENT '审核人',
  `audit_date` datetime DEFAULT NULL COMMENT '审核时间',
  `del_flag` char(1) COLLATE utf8_bin NOT NULL DEFAULT '0' COMMENT '删除标记',
  PRIMARY KEY (`id`),
  KEY `cms_comment_category_id` (`category_id`),
  KEY `cms_comment_content_id` (`content_id`),
  KEY `cms_comment_status` (`del_flag`)
) ENGINE=InnoDB DEFAULT CHARSET=utf8 COLLATE=utf8_bin COMMENT='评论表';
/*!40101 SET character_set_client = @saved_cs_client */;

--
-- Dumping data for table `cms_comment`
--

LOCK TABLES `cms_comment` WRITE;
/*!40000 ALTER TABLE `cms_comment` DISABLE KEYS */;
/*!40000 ALTER TABLE `cms_comment` ENABLE KEYS */;
UNLOCK TABLES;

--
-- Table structure for table `cms_guestbook`
--

DROP TABLE IF EXISTS `cms_guestbook`;
/*!40101 SET @saved_cs_client     = @@character_set_client */;
/*!40101 SET character_set_client = utf8 */;
CREATE TABLE `cms_guestbook` (
  `id` varchar(64) COLLATE utf8_bin NOT NULL COMMENT '编号',
  `type` char(1) COLLATE utf8_bin NOT NULL COMMENT '留言分类',
  `content` varchar(255) COLLATE utf8_bin NOT NULL COMMENT '留言内容',
  `name` varchar(100) COLLATE utf8_bin NOT NULL COMMENT '姓名',
  `email` varchar(100) COLLATE utf8_bin NOT NULL COMMENT '邮箱',
  `phone` varchar(100) COLLATE utf8_bin NOT NULL COMMENT '电话',
  `workunit` varchar(100) COLLATE utf8_bin NOT NULL COMMENT '单位',
  `ip` varchar(100) COLLATE utf8_bin NOT NULL COMMENT 'IP',
  `create_date` datetime NOT NULL COMMENT '留言时间',
  `re_user_id` varchar(64) COLLATE utf8_bin DEFAULT NULL COMMENT '回复人',
  `re_date` datetime DEFAULT NULL COMMENT '回复时间',
  `re_content` varchar(100) COLLATE utf8_bin DEFAULT NULL COMMENT '回复内容',
  `del_flag` char(1) COLLATE utf8_bin NOT NULL DEFAULT '0' COMMENT '删除标记',
  PRIMARY KEY (`id`),
  KEY `cms_guestbook_del_flag` (`del_flag`)
) ENGINE=InnoDB DEFAULT CHARSET=utf8 COLLATE=utf8_bin COMMENT='留言板';
/*!40101 SET character_set_client = @saved_cs_client */;

--
-- Dumping data for table `cms_guestbook`
--

LOCK TABLES `cms_guestbook` WRITE;
/*!40000 ALTER TABLE `cms_guestbook` DISABLE KEYS */;
/*!40000 ALTER TABLE `cms_guestbook` ENABLE KEYS */;
UNLOCK TABLES;

--
-- Table structure for table `cms_link`
--

DROP TABLE IF EXISTS `cms_link`;
/*!40101 SET @saved_cs_client     = @@character_set_client */;
/*!40101 SET character_set_client = utf8 */;
CREATE TABLE `cms_link` (
  `id` varchar(64) COLLATE utf8_bin NOT NULL COMMENT '编号',
  `category_id` varchar(64) COLLATE utf8_bin NOT NULL COMMENT '栏目编号',
  `title` varchar(255) COLLATE utf8_bin NOT NULL COMMENT '链接名称',
  `color` varchar(50) COLLATE utf8_bin DEFAULT NULL COMMENT '标题颜色',
  `image` varchar(255) COLLATE utf8_bin DEFAULT NULL COMMENT '链接图片',
  `href` varchar(255) COLLATE utf8_bin DEFAULT NULL COMMENT '链接地址',
  `weight` int(11) DEFAULT '0' COMMENT '权重，越大越靠前',
  `weight_date` datetime DEFAULT NULL COMMENT '权重期限',
  `create_by` varchar(64) COLLATE utf8_bin DEFAULT NULL COMMENT '创建者',
  `create_date` datetime DEFAULT NULL COMMENT '创建时间',
  `update_by` varchar(64) COLLATE utf8_bin DEFAULT NULL COMMENT '更新者',
  `update_date` datetime DEFAULT NULL COMMENT '更新时间',
  `remarks` varchar(255) COLLATE utf8_bin DEFAULT NULL COMMENT '备注信息',
  `del_flag` char(1) COLLATE utf8_bin NOT NULL DEFAULT '0' COMMENT '删除标记',
  PRIMARY KEY (`id`),
  KEY `cms_link_category_id` (`category_id`),
  KEY `cms_link_title` (`title`),
  KEY `cms_link_del_flag` (`del_flag`),
  KEY `cms_link_weight` (`weight`),
  KEY `cms_link_create_by` (`create_by`),
  KEY `cms_link_update_date` (`update_date`)
) ENGINE=InnoDB DEFAULT CHARSET=utf8 COLLATE=utf8_bin COMMENT='友情链接';
/*!40101 SET character_set_client = @saved_cs_client */;

--
-- Dumping data for table `cms_link`
--

LOCK TABLES `cms_link` WRITE;
/*!40000 ALTER TABLE `cms_link` DISABLE KEYS */;
INSERT INTO `cms_link` VALUES ('1','19','kcfw',NULL,NULL,'http://krazy.github.com/kcfw',0,NULL,'1','2013-05-27 08:00:00','1','2013-05-27 08:00:00',NULL,'0'),('10','22','58同城',NULL,NULL,'http://www.58.com/',0,NULL,'1','2013-05-27 08:00:00','1','2013-05-27 08:00:00',NULL,'0'),('11','23','视频大全',NULL,NULL,'http://v.360.cn/',0,NULL,'1','2013-05-27 08:00:00','1','2013-05-27 08:00:00',NULL,'0'),('12','23','凤凰网',NULL,NULL,'http://www.ifeng.com/',0,NULL,'1','2013-05-27 08:00:00','1','2013-05-27 08:00:00',NULL,'0'),('2','19','krazy',NULL,NULL,'http://krazy.iteye.com/',0,NULL,'1','2013-05-27 08:00:00','1','2013-05-27 08:00:00',NULL,'0'),('3','19','百度一下',NULL,NULL,'http://www.baidu.com',0,NULL,'1','2013-05-27 08:00:00','1','2013-05-27 08:00:00',NULL,'0'),('4','19','谷歌搜索',NULL,NULL,'http://www.google.com',0,NULL,'1','2013-05-27 08:00:00','1','2013-05-27 08:00:00',NULL,'0'),('5','20','新浪网',NULL,NULL,'http://www.sina.com.cn',0,NULL,'1','2013-05-27 08:00:00','1','2013-05-27 08:00:00',NULL,'0'),('6','20','腾讯网',NULL,NULL,'http://www.qq.com/',0,NULL,'1','2013-05-27 08:00:00','1','2013-05-27 08:00:00',NULL,'0'),('7','21','淘宝网',NULL,NULL,'http://www.taobao.com/',0,NULL,'1','2013-05-27 08:00:00','1','2013-05-27 08:00:00',NULL,'0'),('8','21','新华网',NULL,NULL,'http://www.xinhuanet.com/',0,NULL,'1','2013-05-27 08:00:00','1','2013-05-27 08:00:00',NULL,'0'),('9','22','赶集网',NULL,NULL,'http://www.ganji.com/',0,NULL,'1','2013-05-27 08:00:00','1','2013-05-27 08:00:00',NULL,'0');
/*!40000 ALTER TABLE `cms_link` ENABLE KEYS */;
UNLOCK TABLES;

--
-- Table structure for table `cms_site`
--

DROP TABLE IF EXISTS `cms_site`;
/*!40101 SET @saved_cs_client     = @@character_set_client */;
/*!40101 SET character_set_client = utf8 */;
CREATE TABLE `cms_site` (
  `id` varchar(64) COLLATE utf8_bin NOT NULL COMMENT '编号',
  `name` varchar(100) COLLATE utf8_bin NOT NULL COMMENT '站点名称',
  `title` varchar(100) COLLATE utf8_bin NOT NULL COMMENT '站点标题',
  `logo` varchar(255) COLLATE utf8_bin DEFAULT NULL COMMENT '站点Logo',
  `domain` varchar(255) COLLATE utf8_bin DEFAULT NULL COMMENT '站点域名',
  `description` varchar(255) COLLATE utf8_bin DEFAULT NULL COMMENT '描述',
  `keywords` varchar(255) COLLATE utf8_bin DEFAULT NULL COMMENT '关键字',
  `theme` varchar(255) COLLATE utf8_bin DEFAULT 'default' COMMENT '主题',
  `copyright` text COLLATE utf8_bin COMMENT '版权信息',
  `custom_index_view` varchar(255) COLLATE utf8_bin DEFAULT NULL COMMENT '自定义站点首页视图',
  `create_by` varchar(64) COLLATE utf8_bin DEFAULT NULL COMMENT '创建者',
  `create_date` datetime DEFAULT NULL COMMENT '创建时间',
  `update_by` varchar(64) COLLATE utf8_bin DEFAULT NULL COMMENT '更新者',
  `update_date` datetime DEFAULT NULL COMMENT '更新时间',
  `remarks` varchar(255) COLLATE utf8_bin DEFAULT NULL COMMENT '备注信息',
  `del_flag` char(1) COLLATE utf8_bin NOT NULL DEFAULT '0' COMMENT '删除标记',
  PRIMARY KEY (`id`),
  KEY `cms_site_del_flag` (`del_flag`)
) ENGINE=InnoDB DEFAULT CHARSET=utf8 COLLATE=utf8_bin COMMENT='站点表';
/*!40101 SET character_set_client = @saved_cs_client */;

--
-- Dumping data for table `cms_site`
--

LOCK TABLES `cms_site` WRITE;
/*!40000 ALTER TABLE `cms_site` DISABLE KEYS */;
INSERT INTO `cms_site` VALUES ('1','默认站点','kcfw Web',NULL,NULL,'kcfw','kcfw','basic','Copyright &copy; 2012-2013 <a href=\'http://krazy.iteye.com\' target=\'_blank\'>krazy</a> - Powered By <a href=\'https://github.com/krazy/kcfw\' target=\'_blank\'>kcfw</a> V1.0',NULL,'1','2013-05-27 08:00:00','1','2013-05-27 08:00:00',NULL,'0'),('2','子站点测试','kcfw Subsite',NULL,NULL,'kcfw subsite','kcfw subsite','basic','Copyright &copy; 2012-2013 <a href=\'http://krazy.iteye.com\' target=\'_blank\'>krazy</a> - Powered By <a href=\'https://github.com/krazy/kcfw\' target=\'_blank\'>kcfw</a> V1.0',NULL,'1','2013-05-27 08:00:00','1','2013-05-27 08:00:00',NULL,'0');
/*!40000 ALTER TABLE `cms_site` ENABLE KEYS */;
UNLOCK TABLES;

--
-- Table structure for table `gen_scheme`
--

DROP TABLE IF EXISTS `gen_scheme`;
/*!40101 SET @saved_cs_client     = @@character_set_client */;
/*!40101 SET character_set_client = utf8 */;
CREATE TABLE `gen_scheme` (
  `id` varchar(64) COLLATE utf8_bin NOT NULL COMMENT '编号',
  `name` varchar(200) COLLATE utf8_bin DEFAULT NULL COMMENT '名称',
  `category` varchar(2000) COLLATE utf8_bin DEFAULT NULL COMMENT '分类',
  `package_name` varchar(500) COLLATE utf8_bin DEFAULT NULL COMMENT '生成包路径',
  `module_name` varchar(30) COLLATE utf8_bin DEFAULT NULL COMMENT '生成模块名',
  `sub_module_name` varchar(30) COLLATE utf8_bin DEFAULT NULL COMMENT '生成子模块名',
  `function_name` varchar(500) COLLATE utf8_bin DEFAULT NULL COMMENT '生成功能名',
  `function_name_simple` varchar(100) COLLATE utf8_bin DEFAULT NULL COMMENT '生成功能名（简写）',
  `function_author` varchar(100) COLLATE utf8_bin DEFAULT NULL COMMENT '生成功能作者',
  `gen_table_id` varchar(200) COLLATE utf8_bin DEFAULT NULL COMMENT '生成表编号',
  `create_by` varchar(64) COLLATE utf8_bin DEFAULT NULL COMMENT '创建者',
  `create_date` datetime DEFAULT NULL COMMENT '创建时间',
  `update_by` varchar(64) COLLATE utf8_bin DEFAULT NULL COMMENT '更新者',
  `update_date` datetime DEFAULT NULL COMMENT '更新时间',
  `remarks` varchar(255) COLLATE utf8_bin DEFAULT NULL COMMENT '备注信息',
  `del_flag` char(1) COLLATE utf8_bin NOT NULL DEFAULT '0' COMMENT '删除标记（0：正常；1：删除）',
  PRIMARY KEY (`id`),
  KEY `gen_scheme_del_flag` (`del_flag`)
) ENGINE=InnoDB DEFAULT CHARSET=utf8 COLLATE=utf8_bin COMMENT='生成方案';
/*!40101 SET character_set_client = @saved_cs_client */;

--
-- Dumping data for table `gen_scheme`
--

LOCK TABLES `gen_scheme` WRITE;
/*!40000 ALTER TABLE `gen_scheme` DISABLE KEYS */;
INSERT INTO `gen_scheme` VALUES ('31a56914982745fcb961b67e717fbeb3','发明专利（本科）','curd_many','com.krazy.kcfw.modules','sch','patent','发明专利（本科）','发明专利','Krazy','251c23b757a349f88153bbcc073b5bf2','1','2016-11-20 17:29:27','1','2016-11-20 17:29:27','','0'),('35a13dc260284a728a270db3f382664b','树结构','treeTable','com.krazy.kcfw.modules','test',NULL,'树结构生成','树结构','krazy','f6e4dafaa72f4c509636484715f33a96','1','2013-08-12 13:10:05','1','2013-08-12 13:10:05',NULL,'0'),('9c9de9db6da743bb899036c6546061ac','单表','curd','com.krazy.kcfw.modules','test',NULL,'单表生成','单表','krazy','aef6f1fc948f4c9ab1c1b780bc471cc2','1','2013-08-12 13:10:05','1','2013-08-12 13:10:05',NULL,'0'),('a1f54e5829d245eda249daddaebece5d','专利机构信息','curd','com.krazy.kcfw.modules','sch','patent','专利机构信息','专利机构','Krazy','467101f6d70f4dfab97f48d079f6f932','1','2016-11-21 16:16:35','1','2016-11-21 16:21:18','','0'),('e6d905fd236b46d1af581dd32bdfb3b0','主子表','curd_many','com.krazy.kcfw.modules','test',NULL,'主子表生成','主子表','krazy','43d6d5acffa14c258340ce6765e46c6f','1','2013-08-12 13:10:05','1','2013-08-12 13:10:05',NULL,'0');
/*!40000 ALTER TABLE `gen_scheme` ENABLE KEYS */;
UNLOCK TABLES;

--
-- Table structure for table `gen_table`
--

DROP TABLE IF EXISTS `gen_table`;
/*!40101 SET @saved_cs_client     = @@character_set_client */;
/*!40101 SET character_set_client = utf8 */;
CREATE TABLE `gen_table` (
  `id` varchar(64) COLLATE utf8_bin NOT NULL COMMENT '编号',
  `name` varchar(200) COLLATE utf8_bin DEFAULT NULL COMMENT '名称',
  `comments` varchar(500) COLLATE utf8_bin DEFAULT NULL COMMENT '描述',
  `class_name` varchar(100) COLLATE utf8_bin DEFAULT NULL COMMENT '实体类名称',
  `parent_table` varchar(200) COLLATE utf8_bin DEFAULT NULL COMMENT '关联父表',
  `parent_table_fk` varchar(100) COLLATE utf8_bin DEFAULT NULL COMMENT '关联父表外键',
  `create_by` varchar(64) COLLATE utf8_bin DEFAULT NULL COMMENT '创建者',
  `create_date` datetime DEFAULT NULL COMMENT '创建时间',
  `update_by` varchar(64) COLLATE utf8_bin DEFAULT NULL COMMENT '更新者',
  `update_date` datetime DEFAULT NULL COMMENT '更新时间',
  `remarks` varchar(255) COLLATE utf8_bin DEFAULT NULL COMMENT '备注信息',
  `del_flag` char(1) COLLATE utf8_bin NOT NULL DEFAULT '0' COMMENT '删除标记（0：正常；1：删除）',
  PRIMARY KEY (`id`),
  KEY `gen_table_name` (`name`),
  KEY `gen_table_del_flag` (`del_flag`)
) ENGINE=InnoDB DEFAULT CHARSET=utf8 COLLATE=utf8_bin COMMENT='业务表';
/*!40101 SET character_set_client = @saved_cs_client */;

--
-- Dumping data for table `gen_table`
--

LOCK TABLES `gen_table` WRITE;
/*!40000 ALTER TABLE `gen_table` DISABLE KEYS */;
INSERT INTO `gen_table` VALUES ('0b4dcb13303343bba5629d67740e7043','sch_patent_under_inventor','专利申报（本科生）发明人','SchPatentUnderInventor','sch_patent_under','spi_patent_id','1','2016-11-20 17:23:23','1','2016-11-20 17:23:23','','0'),('251c23b757a349f88153bbcc073b5bf2','sch_patent_under','专利申报（本科生）','SchPatentUnder','','','1','2016-11-20 00:08:36','1','2016-11-20 17:20:56','','0'),('43d6d5acffa14c258340ce6765e46c6f','test_data_main','业务数据表','TestDataMain',NULL,NULL,'1','2013-08-12 13:10:05','1','2013-08-12 13:10:05',NULL,'0'),('467101f6d70f4dfab97f48d079f6f932','sch_patent_agency','专利机构信息','SchPatentAgency','','','1','2016-11-21 16:16:00','1','2016-11-21 16:16:00','','0'),('6e05c389f3c6415ea34e55e9dfb28934','test_data_child','业务数据子表','TestDataChild','test_data_main','test_data_main_id','1','2013-08-12 13:10:05','1','2013-08-12 13:10:05',NULL,'0'),('910891f5a1ae47a98b10e083f56456a9','sch_patent_under','专利申报（本科生）','PatentUnder','','','1','2016-11-19 23:59:08','1','2016-11-19 23:59:08','','1'),('aef6f1fc948f4c9ab1c1b780bc471cc2','test_data','业务数据表','TestData',NULL,NULL,'1','2013-08-12 13:10:05','1','2013-08-12 13:10:05',NULL,'0'),('f6e4dafaa72f4c509636484715f33a96','test_tree','树结构表','TestTree',NULL,NULL,'1','2013-08-12 13:10:05','1','2013-08-12 13:10:05',NULL,'0');
/*!40000 ALTER TABLE `gen_table` ENABLE KEYS */;
UNLOCK TABLES;

--
-- Table structure for table `gen_table_column`
--

DROP TABLE IF EXISTS `gen_table_column`;
/*!40101 SET @saved_cs_client     = @@character_set_client */;
/*!40101 SET character_set_client = utf8 */;
CREATE TABLE `gen_table_column` (
  `id` varchar(64) COLLATE utf8_bin NOT NULL COMMENT '编号',
  `gen_table_id` varchar(64) COLLATE utf8_bin DEFAULT NULL COMMENT '归属表编号',
  `name` varchar(200) COLLATE utf8_bin DEFAULT NULL COMMENT '名称',
  `comments` varchar(500) COLLATE utf8_bin DEFAULT NULL COMMENT '描述',
  `jdbc_type` varchar(100) COLLATE utf8_bin DEFAULT NULL COMMENT '列的数据类型的字节长度',
  `java_type` varchar(500) COLLATE utf8_bin DEFAULT NULL COMMENT 'JAVA类型',
  `java_field` varchar(200) COLLATE utf8_bin DEFAULT NULL COMMENT 'JAVA字段名',
  `is_pk` char(1) COLLATE utf8_bin DEFAULT NULL COMMENT '是否主键',
  `is_null` char(1) COLLATE utf8_bin DEFAULT NULL COMMENT '是否可为空',
  `is_insert` char(1) COLLATE utf8_bin DEFAULT NULL COMMENT '是否为插入字段',
  `is_edit` char(1) COLLATE utf8_bin DEFAULT NULL COMMENT '是否编辑字段',
  `is_list` char(1) COLLATE utf8_bin DEFAULT NULL COMMENT '是否列表字段',
  `is_query` char(1) COLLATE utf8_bin DEFAULT NULL COMMENT '是否查询字段',
  `query_type` varchar(200) COLLATE utf8_bin DEFAULT NULL COMMENT '查询方式（等于、不等于、大于、小于、范围、左LIKE、右LIKE、左右LIKE）',
  `show_type` varchar(200) COLLATE utf8_bin DEFAULT NULL COMMENT '字段生成方案（文本框、文本域、下拉框、复选框、单选框、字典选择、人员选择、部门选择、区域选择）',
  `dict_type` varchar(200) COLLATE utf8_bin DEFAULT NULL COMMENT '字典类型',
  `settings` varchar(2000) COLLATE utf8_bin DEFAULT NULL COMMENT '其它设置（扩展字段JSON）',
  `sort` decimal(10,0) DEFAULT NULL COMMENT '排序（升序）',
  `create_by` varchar(64) COLLATE utf8_bin DEFAULT NULL COMMENT '创建者',
  `create_date` datetime DEFAULT NULL COMMENT '创建时间',
  `update_by` varchar(64) COLLATE utf8_bin DEFAULT NULL COMMENT '更新者',
  `update_date` datetime DEFAULT NULL COMMENT '更新时间',
  `remarks` varchar(255) COLLATE utf8_bin DEFAULT NULL COMMENT '备注信息',
  `del_flag` char(1) COLLATE utf8_bin NOT NULL DEFAULT '0' COMMENT '删除标记（0：正常；1：删除）',
  PRIMARY KEY (`id`),
  KEY `gen_table_column_table_id` (`gen_table_id`),
  KEY `gen_table_column_name` (`name`),
  KEY `gen_table_column_sort` (`sort`),
  KEY `gen_table_column_del_flag` (`del_flag`)
) ENGINE=InnoDB DEFAULT CHARSET=utf8 COLLATE=utf8_bin COMMENT='业务表字段';
/*!40101 SET character_set_client = @saved_cs_client */;

--
-- Dumping data for table `gen_table_column`
--

LOCK TABLES `gen_table_column` WRITE;
/*!40000 ALTER TABLE `gen_table_column` DISABLE KEYS */;
INSERT INTO `gen_table_column` VALUES ('08eb71180f0246d3af6427617a9805c6','0b4dcb13303343bba5629d67740e7043','del_flag','del_flag','varchar(1)','String','delFlag','0','1','1','0','0','0','=','radiobox','del_flag',NULL,140,'1','2016-11-20 17:23:24','1','2016-11-20 17:23:24',NULL,'0'),('0902a0cb3e8f434280c20e9d771d0658','aef6f1fc948f4c9ab1c1b780bc471cc2','sex','性别','char(1)','String','sex','0','1','1','1','1','1','=','radiobox','sex',NULL,6,'1','2013-08-12 13:10:05','1','2013-08-12 13:10:05',NULL,'0'),('103fc05c88ff40639875c2111881996a','aef6f1fc948f4c9ab1c1b780bc471cc2','create_date','创建时间','timestamp(6)','java.util.Date','createDate','0','0','1','0','0','0','=','dateselect',NULL,NULL,9,'1','2013-08-12 13:10:05','1','2013-08-12 13:10:05',NULL,'0'),('12fa38dd986e41908f7fefa5839d1220','6e05c389f3c6415ea34e55e9dfb28934','create_by','创建者','varchar2(64)','com.krazy.kcfw.modules.modules.sys.entity.User','createBy.id','0','0','1','0','0','0','=','input',NULL,NULL,4,'1','2013-08-12 13:10:05','1','2013-08-12 13:10:05',NULL,'0'),('195ee9241f954d008fe01625f4adbfef','f6e4dafaa72f4c509636484715f33a96','create_by','创建者','varchar2(64)','com.krazy.kcfw.modules.modules.sys.entity.User','createBy.id','0','0','1','0','0','0','=','input',NULL,NULL,6,'1','2013-08-12 13:10:05','1','2013-08-12 13:10:05',NULL,'0'),('19c6478b8ff54c60910c2e4fc3d27503','43d6d5acffa14c258340ce6765e46c6f','id','编号','varchar2(64)','String','id','1','0','1','0','0','0','=','input',NULL,NULL,1,'1','2013-08-12 13:10:05','1','2013-08-12 13:10:05',NULL,'0'),('19f6efe3f7aa42a79756a16c61f7692a','0b4dcb13303343bba5629d67740e7043','spi_office_id','发明人单位代码','varchar(64)','String','spiOfficeId','0','0','1','0','0','0','=','input','',NULL,60,'1','2016-11-20 17:23:23','1','2016-11-20 17:23:23',NULL,'0'),('1ac6562f753d4e599693840651ab2bf7','43d6d5acffa14c258340ce6765e46c6f','in_date','加入日期','date(7)','java.util.Date','inDate','0','1','1','1','0','0','=','dateselect',NULL,NULL,7,'1','2013-08-12 13:10:05','1','2013-08-12 13:10:05',NULL,'0'),('1b8eb55f65284fa6b0a5879b6d8ad3ec','aef6f1fc948f4c9ab1c1b780bc471cc2','in_date','加入日期','date(7)','java.util.Date','inDate','0','1','1','1','0','1','between','dateselect',NULL,NULL,7,'1','2013-08-12 13:10:05','1','2013-08-12 13:10:05',NULL,'0'),('1d5ca4d114be41e99f8dc42a682ba609','aef6f1fc948f4c9ab1c1b780bc471cc2','user_id','归属用户','varchar2(64)','com.krazy.kcfw.modules.modules.sys.entity.User','user.id|name','0','1','1','1','1','1','=','userselect',NULL,NULL,2,'1','2013-08-12 13:10:05','1','2013-08-12 13:10:05',NULL,'0'),('21756504ffdc487eb167a823f89c0c06','43d6d5acffa14c258340ce6765e46c6f','update_by','更新者','varchar2(64)','com.krazy.kcfw.modules.modules.sys.entity.User','updateBy.id','0','0','1','1','0','0','=','input',NULL,NULL,10,'1','2013-08-12 13:10:05','1','2013-08-12 13:10:05',NULL,'0'),('21d1e90f872a44f3a880ce862cd2a014','467101f6d70f4dfab97f48d079f6f932','spa_contacts','联系人','varchar(45)','String','spaContacts','0','0','1','1','1','1','like','input','',NULL,30,'1','2016-11-21 16:16:00','1','2016-11-21 16:16:00',NULL,'0'),('220e3ffb06d3456c89ad3fe583ff0424','251c23b757a349f88153bbcc073b5bf2','sch_advis_teacher_office_id','指导老师所属院系','varchar(64)','String','schAdvisTeacherOfficeId','0','0','1','1','1','0','=','officeselect','',NULL,100,'1','2016-11-20 00:08:36','1','2016-11-20 17:20:57',NULL,'0'),('22f98bf3da3046e292122f2003b418bf','0b4dcb13303343bba5629d67740e7043','spi_remark','备注','varchar(2000)','String','spiRemark','0','1','1','1','0','0','=','input','',NULL,90,'1','2016-11-20 17:23:24','1','2016-11-20 17:23:24',NULL,'0'),('24bbdc0a555e4412a106ab1c5f03008e','f6e4dafaa72f4c509636484715f33a96','parent_ids','所有父级编号','varchar2(2000)','String','parentIds','0','0','1','1','0','0','like','input',NULL,NULL,3,'1','2013-08-12 13:10:05','1','2013-08-12 13:10:05',NULL,'0'),('31e0174856f445b898aee718906937c4','251c23b757a349f88153bbcc073b5bf2','spu_name','专利名称','varchar(200)','String','spuName','0','0','1','1','1','1','like','input','',NULL,20,'1','2016-11-20 00:08:36','1','2016-11-20 17:20:56',NULL,'0'),('32d8785bcfd742e3be0ad3e1bae82f8a','467101f6d70f4dfab97f48d079f6f932','spa_code','机构代码','varchar(45)','String','spaCode','1','0','1','1','1','0','=','input','',NULL,10,'1','2016-11-21 16:16:00','1','2016-11-21 16:16:00',NULL,'0'),('33152ce420904594b3eac796a27f0560','6e05c389f3c6415ea34e55e9dfb28934','id','编号','varchar2(64)','String','id','1','0','1','0','0','0','=','input',NULL,NULL,1,'1','2013-08-12 13:10:05','1','2013-08-12 13:10:05',NULL,'0'),('35af241859624a01917ab64c3f4f0813','aef6f1fc948f4c9ab1c1b780bc471cc2','del_flag','删除标记（0：正常；1：删除）','char(1)','String','delFlag','0','0','1','0','0','0','=','radiobox','del_flag',NULL,13,'1','2013-08-12 13:10:05','1','2013-08-12 13:10:05',NULL,'0'),('3652bcb7fdc842389d45eaf52d29cc6a','0b4dcb13303343bba5629d67740e7043','create_date','创建时间','datetime','java.util.Date','createDate','0','1','1','0','0','0','=','dateselect','',NULL,110,'1','2016-11-20 17:23:24','1','2016-11-20 17:23:24',NULL,'0'),('398b4a03f06940bfb979ca574e1911e3','aef6f1fc948f4c9ab1c1b780bc471cc2','create_by','创建者','varchar2(64)','com.krazy.kcfw.modules.modules.sys.entity.User','createBy.id','0','0','1','0','0','0','=','input',NULL,NULL,8,'1','2013-08-12 13:10:05','1','2013-08-12 13:10:05',NULL,'0'),('3a7cf23ae48a4c849ceb03feffc7a524','43d6d5acffa14c258340ce6765e46c6f','area_id','归属区域','nvarchar2(64)','com.krazy.kcfw.modules.modules.sys.entity.Area','area.id|name','0','1','1','1','0','0','=','areaselect',NULL,NULL,4,'1','2013-08-12 13:10:05','1','2013-08-12 13:10:05',NULL,'0'),('3d4f303b98464345acec4bf0bcb29164','467101f6d70f4dfab97f48d079f6f932','spa_address','联系地址','varchar(45)','String','spaAddress','0','0','1','1','1','0','=','input','',NULL,50,'1','2016-11-21 16:16:01','1','2016-11-21 16:16:01',NULL,'0'),('3d9c32865bb44e85af73381df0ffbf3d','43d6d5acffa14c258340ce6765e46c6f','update_date','更新时间','timestamp(6)','java.util.Date','updateDate','0','0','1','1','1','0','=','dateselect',NULL,NULL,11,'1','2013-08-12 13:10:05','1','2013-08-12 13:10:05',NULL,'0'),('416c76d2019b4f76a96d8dc3a8faf84c','f6e4dafaa72f4c509636484715f33a96','update_date','更新时间','timestamp(6)','java.util.Date','updateDate','0','0','1','1','1','0','=','dateselect',NULL,NULL,9,'1','2013-08-12 13:10:05','1','2013-08-12 13:10:05',NULL,'0'),('46e6d8283270493687085d29efdecb05','f6e4dafaa72f4c509636484715f33a96','del_flag','删除标记（0：正常；1：删除）','char(1)','String','delFlag','0','0','1','0','0','0','=','radiobox','del_flag',NULL,11,'1','2013-08-12 13:10:05','1','2013-08-12 13:10:05',NULL,'0'),('4a0a1fff86ca46519477d66b82e01991','aef6f1fc948f4c9ab1c1b780bc471cc2','name','名称','nvarchar2(100)','String','name','0','1','1','1','1','1','like','input',NULL,NULL,5,'1','2013-08-12 13:10:05','1','2013-08-12 13:10:05',NULL,'0'),('4c8ef12cb6924b9ba44048ba9913150b','43d6d5acffa14c258340ce6765e46c6f','create_date','创建时间','timestamp(6)','java.util.Date','createDate','0','0','1','0','0','0','=','dateselect',NULL,NULL,9,'1','2013-08-12 13:10:05','1','2013-08-12 13:10:05',NULL,'0'),('4da4703adc854be99c898b380e16e841','0b4dcb13303343bba5629d67740e7043','spi_patent_id','专利ID','int(11)','String','spiPatentId','0','0','1','1','0','0','=','input','',NULL,20,'1','2016-11-20 17:23:23','1','2016-11-20 17:23:23',NULL,'0'),('531cade37e044ac9b76ce4ab1753eb83','251c23b757a349f88153bbcc073b5bf2','spu_type_code','专利类型代码','varchar(45)','String','spuTypeCode','0','0','1','0','0','0','=','input','',NULL,30,'1','2016-11-20 00:08:36','1','2016-11-20 17:20:56',NULL,'0'),('53d65a3d306d4fac9e561db9d3c66912','6e05c389f3c6415ea34e55e9dfb28934','del_flag','删除标记（0：正常；1：删除）','char(1)','String','delFlag','0','0','1','0','0','0','=','radiobox','del_flag',NULL,9,'1','2013-08-12 13:10:05','1','2013-08-12 13:10:05',NULL,'0'),('555ee4f57d74498cbd5fad949e3c9da8','251c23b757a349f88153bbcc073b5bf2','spu_apply_phone','联系电话','varchar(45)','String','spuApplyPhone','0','0','1','1','0','0','=','input','',NULL,80,'1','2016-11-20 00:08:36','1','2016-11-20 17:20:57',NULL,'0'),('5563d4b6cd39437fa589002b6cb393b7','251c23b757a349f88153bbcc073b5bf2','del_flag','删除标记','varchar(1)','String','delFlag','0','0','1','0','0','0','=','radiobox','del_flag',NULL,170,'1','2016-11-20 00:08:36','1','2016-11-20 17:20:57',NULL,'0'),('56fa71c0bd7e4132931874e548dc9ba5','6e05c389f3c6415ea34e55e9dfb28934','update_by','更新者','varchar2(64)','com.krazy.kcfw.modules.modules.sys.entity.User','updateBy.id','0','0','1','1','0','0','=','input',NULL,NULL,6,'1','2013-08-12 13:10:05','1','2013-08-12 13:10:05',NULL,'0'),('580068bdfbda457bb0b7ddacbf628f02','251c23b757a349f88153bbcc073b5bf2','sch_remark','专利摘要','varchar(2000)','String','schRemark','0','0','1','1','0','0','=','textarea','',NULL,120,'1','2016-11-20 00:08:36','1','2016-11-20 17:20:57',NULL,'0'),('5a4a1933c9c844fdba99de043dc8205e','aef6f1fc948f4c9ab1c1b780bc471cc2','update_by','更新者','varchar2(64)','com.krazy.kcfw.modules.modules.sys.entity.User','updateBy.id','0','0','1','1','0','0','=','input',NULL,NULL,10,'1','2013-08-12 13:10:05','1','2013-08-12 13:10:05',NULL,'0'),('5d121b08a3db4a5b901a9ee48d13cf16','0b4dcb13303343bba5629d67740e7043','spi_contribution_per','贡献度(%)','int(11)','String','spiContributionPer','0','0','1','1','1','0','=','input','',NULL,80,'1','2016-11-20 17:23:24','1','2016-11-20 17:23:24',NULL,'0'),('5e5c69bd3eaa4dcc9743f361f3771c08','aef6f1fc948f4c9ab1c1b780bc471cc2','id','编号','varchar2(64)','String','id','1','0','1','0','0','0','=','input',NULL,NULL,1,'1','2013-08-12 13:10:05','1','2013-08-12 13:10:05',NULL,'0'),('633f5a49ec974c099158e7b3e6bfa930','f6e4dafaa72f4c509636484715f33a96','name','名称','nvarchar2(100)','String','name','0','0','1','1','1','1','like','input',NULL,NULL,4,'1','2013-08-12 13:10:05','1','2013-08-12 13:10:05',NULL,'0'),('652491500f2641ffa7caf95a93e64d34','6e05c389f3c6415ea34e55e9dfb28934','update_date','更新时间','timestamp(6)','java.util.Date','updateDate','0','0','1','1','1','0','=','dateselect',NULL,NULL,7,'1','2013-08-12 13:10:05','1','2013-08-12 13:10:05',NULL,'0'),('6763ff6dc7cd4c668e76cf9b697d3ff6','f6e4dafaa72f4c509636484715f33a96','sort','排序','number(10)','Integer','sort','0','0','1','1','1','0','=','input',NULL,NULL,5,'1','2013-08-12 13:10:05','1','2013-08-12 13:10:05',NULL,'0'),('67d0331f809a48ee825602659f0778e8','43d6d5acffa14c258340ce6765e46c6f','name','名称','nvarchar2(100)','String','name','0','1','1','1','1','1','like','input',NULL,NULL,5,'1','2013-08-12 13:10:05','1','2013-08-12 13:10:05',NULL,'0'),('68345713bef3445c906f70e68f55de38','6e05c389f3c6415ea34e55e9dfb28934','test_data_main_id','业务主表','varchar2(64)','String','testDataMain.id','0','1','1','1','0','0','=','input',NULL,NULL,2,'1','2013-08-12 13:10:05','1','2013-08-12 13:10:05',NULL,'0'),('6b60faa71d864afebde502ffa14ae880','251c23b757a349f88153bbcc073b5bf2','sch_proxy_id','专利代理机构','varchar(45)','String','schProxyId','0','0','1','1','0','0','=','input','',NULL,110,'1','2016-11-20 00:08:36','1','2016-11-20 17:20:57',NULL,'0'),('71ea4bc10d274911b405f3165fc1bb1a','aef6f1fc948f4c9ab1c1b780bc471cc2','area_id','归属区域','nvarchar2(64)','com.krazy.kcfw.modules.modules.sys.entity.Area','area.id|name','0','1','1','1','1','1','=','areaselect',NULL,NULL,4,'1','2013-08-12 13:10:05','1','2013-08-12 13:10:05',NULL,'0'),('7585db149f2e4edc8bac751dd80d7c68','467101f6d70f4dfab97f48d079f6f932','update_by','更新者','varchar(64)','com.krazy.kcfw.modules.sys.entity.User','updateBy.id','0','0','1','0','0','0','=','input','',NULL,80,'1','2016-11-21 16:16:01','1','2016-11-21 16:16:01',NULL,'0'),('78ca0653773e4701b5461640e9d182fd','251c23b757a349f88153bbcc073b5bf2','sch_advis_teacher_id','指导老师','varchar(64)','String','schAdvisTeacherId','0','0','1','1','1','1','=','userselect','',NULL,90,'1','2016-11-20 00:08:36','1','2016-11-20 17:20:57',NULL,'0'),('7f871058d94c4d9a89084be7c9ce806d','6e05c389f3c6415ea34e55e9dfb28934','remarks','备注信息','nvarchar2(255)','String','remarks','0','1','1','1','1','0','=','input',NULL,NULL,8,'1','2013-08-12 13:10:05','1','2013-08-12 13:10:05',NULL,'0'),('81f2139ed1984d6f810bd84b6fd942b3','0b4dcb13303343bba5629d67740e7043','update_by','更新者','varchar(64)','com.krazy.kcfw.modules.sys.entity.User','updateBy.id','0','1','1','1','0','0','=','input','',NULL,120,'1','2016-11-20 17:23:24','1','2016-11-20 17:23:24',NULL,'0'),('841863559d834a1081c0bdabfd6fea27','0b4dcb13303343bba5629d67740e7043','spi_user_id','发明人姓名id','varchar(64)','String','spiUserId','0','0','1','0','0','0','=','input','',NULL,40,'1','2016-11-20 17:23:23','1','2016-11-20 17:23:23',NULL,'0'),('8b48774cfe184913b8b5eb17639cf12d','43d6d5acffa14c258340ce6765e46c6f','create_by','创建者','varchar2(64)','com.krazy.kcfw.modules.modules.sys.entity.User','createBy.id','0','0','1','0','0','0','=','input',NULL,NULL,8,'1','2013-08-12 13:10:05','1','2013-08-12 13:10:05',NULL,'0'),('8b7cf0525519474ebe1de9e587eb7067','6e05c389f3c6415ea34e55e9dfb28934','create_date','创建时间','timestamp(6)','java.util.Date','createDate','0','0','1','0','0','0','=','dateselect',NULL,NULL,5,'1','2013-08-12 13:10:05','1','2013-08-12 13:10:05',NULL,'0'),('8b9de88df53e485d8ef461c4b1824bc1','43d6d5acffa14c258340ce6765e46c6f','user_id','归属用户','varchar2(64)','com.krazy.kcfw.modules.modules.sys.entity.User','user.id|name','0','1','1','1','1','1','=','userselect',NULL,NULL,2,'1','2013-08-12 13:10:05','1','2013-08-12 13:10:05',NULL,'0'),('8da38dbe5fe54e9bb1f9682c27fbf403','aef6f1fc948f4c9ab1c1b780bc471cc2','remarks','备注信息','nvarchar2(255)','String','remarks','0','1','1','1','1','0','=','textarea',NULL,NULL,12,'1','2013-08-12 13:10:05','1','2013-08-12 13:10:05',NULL,'0'),('92481c16a0b94b0e8bba16c3c54eb1e4','f6e4dafaa72f4c509636484715f33a96','create_date','创建时间','timestamp(6)','java.util.Date','createDate','0','0','1','0','0','0','=','dateselect',NULL,NULL,7,'1','2013-08-12 13:10:05','1','2013-08-12 13:10:05',NULL,'0'),('9a012c1d2f934dbf996679adb7cc827a','f6e4dafaa72f4c509636484715f33a96','parent_id','父级编号','varchar2(64)','This','parent.id|name','0','0','1','1','0','0','=','treeselect',NULL,NULL,2,'1','2013-08-12 13:10:05','1','2013-08-12 13:10:05',NULL,'0'),('9a29f0b24efe4cc2a5ead419e3f6f66f','251c23b757a349f88153bbcc073b5bf2','spu_apply_user_id','联络人','varchar(64)','String','spuApplyUserId','0','0','1','1','1','0','=','userselect','',NULL,60,'1','2016-11-20 00:08:36','1','2016-11-20 17:20:57',NULL,'0'),('a0abc6c70d6a4821b4ef319c8e8e3ed6','0b4dcb13303343bba5629d67740e7043','spi_id','spi_id','int(11)','String','spiId','1','0','1','1','0','0','=','input','',NULL,10,'1','2016-11-20 17:23:23','1','2016-11-20 17:23:23',NULL,'0'),('a5114a70602a4f1e8c959ba5b472df31','0b4dcb13303343bba5629d67740e7043','spi_type_code','发明人类型','varchar(45)','String','spiTypeCode','0','0','1','1','1','0','=','input','',NULL,30,'1','2016-11-20 17:23:23','1','2016-11-20 17:23:23',NULL,'0'),('ad3bf0d4b44b4528a5211a66af88f322','aef6f1fc948f4c9ab1c1b780bc471cc2','office_id','归属部门','varchar2(64)','com.krazy.kcfw.modules.modules.sys.entity.Office','office.id|name','0','1','1','1','1','1','=','officeselect',NULL,NULL,3,'1','2013-08-12 13:10:05','1','2013-08-12 13:10:05',NULL,'0'),('ae7e924c0b294fb2acf590a8e13757ce','467101f6d70f4dfab97f48d079f6f932','del_flag','删除标记','varchar(1)','String','delFlag','0','0','1','0','0','0','=','radiobox','del_flag',NULL,100,'1','2016-11-21 16:16:01','1','2016-11-21 16:16:01',NULL,'0'),('b02dda68529f4b52ad0c488ffc90297b','467101f6d70f4dfab97f48d079f6f932','spa_phone','联系方式','varchar(45)','String','spaPhone','0','0','1','1','1','0','=','input','',NULL,40,'1','2016-11-21 16:16:01','1','2016-11-21 16:16:01',NULL,'0'),('b16e0acb57a846f699fbf92b5c1a549d','467101f6d70f4dfab97f48d079f6f932','create_by','创建者','varchar(64)','com.krazy.kcfw.modules.sys.entity.User','createBy.id','0','0','1','0','0','0','=','input','',NULL,60,'1','2016-11-21 16:16:01','1','2016-11-21 16:16:01',NULL,'0'),('b1c479915cc340cf9a3a2b016c2690d0','251c23b757a349f88153bbcc073b5bf2','update_by','更新者','varchar(64)','com.krazy.kcfw.modules.sys.entity.User','updateBy.id','0','0','1','0','0','0','=','input','',NULL,150,'1','2016-11-20 00:08:36','1','2016-11-20 17:20:57',NULL,'0'),('b2f4779dd25b4759a40a85e85ec38cda','0b4dcb13303343bba5629d67740e7043','create_by','创建者','varchar(64)','com.krazy.kcfw.modules.sys.entity.User','createBy.id','0','1','1','0','0','0','=','input','',NULL,100,'1','2016-11-20 17:23:24','1','2016-11-20 17:23:24',NULL,'0'),('b64e459f9d6f41fb9240d33d0c48192d','251c23b757a349f88153bbcc073b5bf2','spu_apply_user_office_id','所属院系','varchar(64)','String','spuApplyUserOfficeId','0','0','1','1','1','0','=','officeselect','',NULL,70,'1','2016-11-20 00:08:36','1','2016-11-20 17:20:57',NULL,'0'),('bb018fc815db4c048d4966388892bc1f','251c23b757a349f88153bbcc073b5bf2','create_date','创建时间','datetime','java.util.Date','createDate','0','0','1','0','1','1','=','dateselect','',NULL,140,'1','2016-11-20 00:08:36','1','2016-11-20 17:20:57',NULL,'0'),('bb1256a8d1b741f6936d8fed06f45eed','f6e4dafaa72f4c509636484715f33a96','update_by','更新者','varchar2(64)','com.krazy.kcfw.modules.modules.sys.entity.User','updateBy.id','0','0','1','1','0','0','=','input',NULL,NULL,8,'1','2013-08-12 13:10:05','1','2013-08-12 13:10:05',NULL,'0'),('c29e19804e7b41d280b9d7d91d4dadcf','251c23b757a349f88153bbcc073b5bf2','update_date','更新时间','datetime','java.util.Date','updateDate','0','0','1','0','1','0','=','dateselect','',NULL,160,'1','2016-11-20 00:08:36','1','2016-11-20 17:20:57',NULL,'0'),('ca68a2d403f0449cbaa1d54198c6f350','43d6d5acffa14c258340ce6765e46c6f','office_id','归属部门','varchar2(64)','com.krazy.kcfw.modules.modules.sys.entity.Office','office.id|name','0','1','1','1','0','0','=','officeselect',NULL,NULL,3,'1','2013-08-12 13:10:05','1','2013-08-12 13:10:05',NULL,'0'),('cb9c0ec3da26432d9cbac05ede0fd1d0','43d6d5acffa14c258340ce6765e46c6f','remarks','备注信息','nvarchar2(255)','String','remarks','0','1','1','1','1','0','=','textarea',NULL,NULL,12,'1','2013-08-12 13:10:05','1','2013-08-12 13:10:05',NULL,'0'),('cc13a04bf47c4f4d96c5641e85139e46','0b4dcb13303343bba5629d67740e7043','spi_office_name','发明人单位','varchar(45)','String','spiOfficeName','0','0','1','1','1','0','=','officeselect','',NULL,70,'1','2016-11-20 17:23:24','1','2016-11-20 17:23:24',NULL,'0'),('ce528c117279418894884d87aa2c8135','251c23b757a349f88153bbcc073b5bf2','spu_type_name','专利类型名称','varchar(45)','String','spuTypeName','0','0','1','1','1','1','=','select','PATENT_TYPE',NULL,40,'1','2016-11-20 00:08:36','1','2016-11-20 17:20:57',NULL,'0'),('cf8bc7df240a4696a1255202881475e4','467101f6d70f4dfab97f48d079f6f932','create_date','创建时间','datetime','java.util.Date','createDate','0','0','1','0','0','0','=','dateselect','',NULL,70,'1','2016-11-21 16:16:01','1','2016-11-21 16:16:01',NULL,'0'),('cfcfa06ea61749c9b4c4dbc507e0e580','f6e4dafaa72f4c509636484715f33a96','id','编号','varchar2(64)','String','id','1','0','1','0','0','0','=','input',NULL,NULL,1,'1','2013-08-12 13:10:05','1','2013-08-12 13:10:05',NULL,'0'),('d55bfe9a08e74784b46e2cf4083da4c6','251c23b757a349f88153bbcc073b5bf2','create_by','创建者','varchar(64)','com.krazy.kcfw.modules.sys.entity.User','createBy.id','0','0','1','0','0','0','=','input','',NULL,130,'1','2016-11-20 00:08:36','1','2016-11-20 17:20:57',NULL,'0'),('d55d4949bcf844abb7c5296f3259b4e4','0b4dcb13303343bba5629d67740e7043','spi_user_name','发明人姓名','varchar(45)','String','spiUserName','0','0','1','1','1','0','=','userselect','',NULL,50,'1','2016-11-20 17:23:23','1','2016-11-20 17:23:23',NULL,'0'),('d5c2d932ae904aa8a9f9ef34cd36fb0b','43d6d5acffa14c258340ce6765e46c6f','sex','性别','char(1)','String','sex','0','1','1','1','0','1','=','select','sex',NULL,6,'1','2013-08-12 13:10:05','1','2013-08-12 13:10:05',NULL,'0'),('e47616e421a94ab790b3f39cbcd4ff1d','0b4dcb13303343bba5629d67740e7043','update_date','update_date','datetime','java.util.Date','updateDate','0','1','1','1','1','0','=','dateselect','',NULL,130,'1','2016-11-20 17:23:24','1','2016-11-20 17:23:24',NULL,'0'),('e64050a2ebf041faa16f12dda5dcf784','6e05c389f3c6415ea34e55e9dfb28934','name','名称','nvarchar2(100)','String','name','0','1','1','1','1','1','like','input',NULL,NULL,3,'1','2013-08-12 13:10:05','1','2013-08-12 13:10:05',NULL,'0'),('e663219a0d3f451e8ef268ec13208067','251c23b757a349f88153bbcc073b5bf2','spu_id','spu_id','int(11)','String','spuId','1','0','0','0','0','0','=','input','',NULL,10,'1','2016-11-20 00:08:36','1','2016-11-20 17:20:56',NULL,'0'),('e86533d4f2954993b00f9989a0d89498','467101f6d70f4dfab97f48d079f6f932','spa_name','机构名称','varchar(100)','String','spaName','0','0','1','1','1','1','like','input','',NULL,20,'1','2016-11-21 16:16:00','1','2016-11-21 16:16:00',NULL,'0'),('e8d11127952d4aa288bb3901fc83127f','43d6d5acffa14c258340ce6765e46c6f','del_flag','删除标记（0：正常；1：删除）','char(1)','String','delFlag','0','0','1','0','0','0','=','radiobox','del_flag',NULL,13,'1','2013-08-12 13:10:05','1','2013-08-12 13:10:05',NULL,'0'),('eb2e5afd13f147a990d30e68e7f64e12','aef6f1fc948f4c9ab1c1b780bc471cc2','update_date','更新时间','timestamp(6)','java.util.Date','updateDate','0','0','1','1','1','0','=','dateselect',NULL,NULL,11,'1','2013-08-12 13:10:05','1','2013-08-12 13:10:05',NULL,'0'),('ee46da6b2b644e9cae90be5529c13970','467101f6d70f4dfab97f48d079f6f932','update_date','更新时间','datetime','java.util.Date','updateDate','0','0','1','0','0','0','=','dateselect','',NULL,90,'1','2016-11-21 16:16:01','1','2016-11-21 16:16:01',NULL,'0'),('f32a6a0beab543b5b90475d7428f9f60','251c23b757a349f88153bbcc073b5bf2','spu_apply_school_name','专利申请人','varchar(100)','String','spuApplySchoolName','0','0','1','1','1','1','like','input','',NULL,50,'1','2016-11-20 00:08:36','1','2016-11-20 17:20:57',NULL,'0'),('f5ed8c82bad0413fbfcccefa95931358','f6e4dafaa72f4c509636484715f33a96','remarks','备注信息','nvarchar2(255)','String','remarks','0','1','1','1','1','0','=','textarea',NULL,NULL,10,'1','2013-08-12 13:10:05','1','2013-08-12 13:10:05',NULL,'0');
/*!40000 ALTER TABLE `gen_table_column` ENABLE KEYS */;
UNLOCK TABLES;

--
-- Table structure for table `gen_template`
--

DROP TABLE IF EXISTS `gen_template`;
/*!40101 SET @saved_cs_client     = @@character_set_client */;
/*!40101 SET character_set_client = utf8 */;
CREATE TABLE `gen_template` (
  `id` varchar(64) COLLATE utf8_bin NOT NULL COMMENT '编号',
  `name` varchar(200) COLLATE utf8_bin DEFAULT NULL COMMENT '名称',
  `category` varchar(2000) COLLATE utf8_bin DEFAULT NULL COMMENT '分类',
  `file_path` varchar(500) COLLATE utf8_bin DEFAULT NULL COMMENT '生成文件路径',
  `file_name` varchar(200) COLLATE utf8_bin DEFAULT NULL COMMENT '生成文件名',
  `content` text COLLATE utf8_bin COMMENT '内容',
  `create_by` varchar(64) COLLATE utf8_bin DEFAULT NULL COMMENT '创建者',
  `create_date` datetime DEFAULT NULL COMMENT '创建时间',
  `update_by` varchar(64) COLLATE utf8_bin DEFAULT NULL COMMENT '更新者',
  `update_date` datetime DEFAULT NULL COMMENT '更新时间',
  `remarks` varchar(255) COLLATE utf8_bin DEFAULT NULL COMMENT '备注信息',
  `del_flag` char(1) COLLATE utf8_bin NOT NULL DEFAULT '0' COMMENT '删除标记（0：正常；1：删除）',
  PRIMARY KEY (`id`),
  KEY `gen_template_del_falg` (`del_flag`)
) ENGINE=InnoDB DEFAULT CHARSET=utf8 COLLATE=utf8_bin COMMENT='代码模板表';
/*!40101 SET character_set_client = @saved_cs_client */;

--
-- Dumping data for table `gen_template`
--

LOCK TABLES `gen_template` WRITE;
/*!40000 ALTER TABLE `gen_template` DISABLE KEYS */;
/*!40000 ALTER TABLE `gen_template` ENABLE KEYS */;
UNLOCK TABLES;

--
-- Table structure for table `oa_leave`
--

DROP TABLE IF EXISTS `oa_leave`;
/*!40101 SET @saved_cs_client     = @@character_set_client */;
/*!40101 SET character_set_client = utf8 */;
CREATE TABLE `oa_leave` (
  `id` varchar(64) COLLATE utf8_bin NOT NULL COMMENT '编号',
  `process_instance_id` varchar(64) COLLATE utf8_bin DEFAULT NULL COMMENT '流程实例编号',
  `start_time` datetime DEFAULT NULL COMMENT '开始时间',
  `end_time` datetime DEFAULT NULL COMMENT '结束时间',
  `leave_type` varchar(20) COLLATE utf8_bin DEFAULT NULL COMMENT '请假类型',
  `reason` varchar(255) COLLATE utf8_bin DEFAULT NULL COMMENT '请假理由',
  `apply_time` datetime DEFAULT NULL COMMENT '申请时间',
  `reality_start_time` datetime DEFAULT NULL COMMENT '实际开始时间',
  `reality_end_time` datetime DEFAULT NULL COMMENT '实际结束时间',
  `create_by` varchar(64) COLLATE utf8_bin NOT NULL COMMENT '创建者',
  `create_date` datetime NOT NULL COMMENT '创建时间',
  `update_by` varchar(64) COLLATE utf8_bin NOT NULL COMMENT '更新者',
  `update_date` datetime NOT NULL COMMENT '更新时间',
  `remarks` varchar(255) COLLATE utf8_bin DEFAULT NULL COMMENT '备注信息',
  `del_flag` char(1) COLLATE utf8_bin NOT NULL DEFAULT '0' COMMENT '删除标记',
  PRIMARY KEY (`id`),
  KEY `oa_leave_create_by` (`create_by`),
  KEY `oa_leave_process_instance_id` (`process_instance_id`),
  KEY `oa_leave_del_flag` (`del_flag`)
) ENGINE=InnoDB DEFAULT CHARSET=utf8 COLLATE=utf8_bin COMMENT='请假流程表';
/*!40101 SET character_set_client = @saved_cs_client */;

--
-- Dumping data for table `oa_leave`
--

LOCK TABLES `oa_leave` WRITE;
/*!40000 ALTER TABLE `oa_leave` DISABLE KEYS */;
/*!40000 ALTER TABLE `oa_leave` ENABLE KEYS */;
UNLOCK TABLES;

--
-- Table structure for table `oa_notify`
--

DROP TABLE IF EXISTS `oa_notify`;
/*!40101 SET @saved_cs_client     = @@character_set_client */;
/*!40101 SET character_set_client = utf8 */;
CREATE TABLE `oa_notify` (
  `id` varchar(64) COLLATE utf8_bin NOT NULL COMMENT '编号',
  `type` char(1) COLLATE utf8_bin DEFAULT NULL COMMENT '类型',
  `title` varchar(200) COLLATE utf8_bin DEFAULT NULL COMMENT '标题',
  `content` varchar(2000) COLLATE utf8_bin DEFAULT NULL COMMENT '内容',
  `files` varchar(2000) COLLATE utf8_bin DEFAULT NULL COMMENT '附件',
  `status` char(1) COLLATE utf8_bin DEFAULT NULL COMMENT '状态',
  `create_by` varchar(64) COLLATE utf8_bin NOT NULL COMMENT '创建者',
  `create_date` datetime NOT NULL COMMENT '创建时间',
  `update_by` varchar(64) COLLATE utf8_bin NOT NULL COMMENT '更新者',
  `update_date` datetime NOT NULL COMMENT '更新时间',
  `remarks` varchar(255) COLLATE utf8_bin DEFAULT NULL COMMENT '备注信息',
  `del_flag` char(1) COLLATE utf8_bin NOT NULL DEFAULT '0' COMMENT '删除标记',
  PRIMARY KEY (`id`),
  KEY `oa_notify_del_flag` (`del_flag`)
) ENGINE=InnoDB DEFAULT CHARSET=utf8 COLLATE=utf8_bin COMMENT='通知通告';
/*!40101 SET character_set_client = @saved_cs_client */;

--
-- Dumping data for table `oa_notify`
--

LOCK TABLES `oa_notify` WRITE;
/*!40000 ALTER TABLE `oa_notify` DISABLE KEYS */;
/*!40000 ALTER TABLE `oa_notify` ENABLE KEYS */;
UNLOCK TABLES;

--
-- Table structure for table `oa_notify_record`
--

DROP TABLE IF EXISTS `oa_notify_record`;
/*!40101 SET @saved_cs_client     = @@character_set_client */;
/*!40101 SET character_set_client = utf8 */;
CREATE TABLE `oa_notify_record` (
  `id` varchar(64) COLLATE utf8_bin NOT NULL COMMENT '编号',
  `oa_notify_id` varchar(64) COLLATE utf8_bin DEFAULT NULL COMMENT '通知通告ID',
  `user_id` varchar(64) COLLATE utf8_bin DEFAULT NULL COMMENT '接受人',
  `read_flag` char(1) COLLATE utf8_bin DEFAULT '0' COMMENT '阅读标记',
  `read_date` date DEFAULT NULL COMMENT '阅读时间',
  PRIMARY KEY (`id`),
  KEY `oa_notify_record_notify_id` (`oa_notify_id`),
  KEY `oa_notify_record_user_id` (`user_id`),
  KEY `oa_notify_record_read_flag` (`read_flag`)
) ENGINE=InnoDB DEFAULT CHARSET=utf8 COLLATE=utf8_bin COMMENT='通知通告发送记录';
/*!40101 SET character_set_client = @saved_cs_client */;

--
-- Dumping data for table `oa_notify_record`
--

LOCK TABLES `oa_notify_record` WRITE;
/*!40000 ALTER TABLE `oa_notify_record` DISABLE KEYS */;
/*!40000 ALTER TABLE `oa_notify_record` ENABLE KEYS */;
UNLOCK TABLES;

--
-- Table structure for table `oa_test_audit`
--

DROP TABLE IF EXISTS `oa_test_audit`;
/*!40101 SET @saved_cs_client     = @@character_set_client */;
/*!40101 SET character_set_client = utf8 */;
CREATE TABLE `oa_test_audit` (
  `id` varchar(64) COLLATE utf8_bin NOT NULL COMMENT '编号',
  `PROC_INS_ID` varchar(64) COLLATE utf8_bin DEFAULT NULL COMMENT '流程实例ID',
  `USER_ID` varchar(64) COLLATE utf8_bin DEFAULT NULL COMMENT '变动用户',
  `OFFICE_ID` varchar(64) COLLATE utf8_bin DEFAULT NULL COMMENT '归属部门',
  `POST` varchar(255) COLLATE utf8_bin DEFAULT NULL COMMENT '岗位',
  `AGE` char(1) COLLATE utf8_bin DEFAULT NULL COMMENT '性别',
  `EDU` varchar(255) COLLATE utf8_bin DEFAULT NULL COMMENT '学历',
  `CONTENT` varchar(255) COLLATE utf8_bin DEFAULT NULL COMMENT '调整原因',
  `OLDA` varchar(255) COLLATE utf8_bin DEFAULT NULL COMMENT '现行标准 薪酬档级',
  `OLDB` varchar(255) COLLATE utf8_bin DEFAULT NULL COMMENT '现行标准 月工资额',
  `OLDC` varchar(255) COLLATE utf8_bin DEFAULT NULL COMMENT '现行标准 年薪总额',
  `NEWA` varchar(255) COLLATE utf8_bin DEFAULT NULL COMMENT '调整后标准 薪酬档级',
  `NEWB` varchar(255) COLLATE utf8_bin DEFAULT NULL COMMENT '调整后标准 月工资额',
  `NEWC` varchar(255) COLLATE utf8_bin DEFAULT NULL COMMENT '调整后标准 年薪总额',
  `ADD_NUM` varchar(255) COLLATE utf8_bin DEFAULT NULL COMMENT '月增资',
  `EXE_DATE` varchar(255) COLLATE utf8_bin DEFAULT NULL COMMENT '执行时间',
  `HR_TEXT` varchar(255) COLLATE utf8_bin DEFAULT NULL COMMENT '人力资源部门意见',
  `LEAD_TEXT` varchar(255) COLLATE utf8_bin DEFAULT NULL COMMENT '分管领导意见',
  `MAIN_LEAD_TEXT` varchar(255) COLLATE utf8_bin DEFAULT NULL COMMENT '集团主要领导意见',
  `create_by` varchar(64) COLLATE utf8_bin NOT NULL COMMENT '创建者',
  `create_date` datetime NOT NULL COMMENT '创建时间',
  `update_by` varchar(64) COLLATE utf8_bin NOT NULL COMMENT '更新者',
  `update_date` datetime NOT NULL COMMENT '更新时间',
  `remarks` varchar(255) COLLATE utf8_bin DEFAULT NULL COMMENT '备注信息',
  `del_flag` char(1) COLLATE utf8_bin NOT NULL DEFAULT '0' COMMENT '删除标记',
  PRIMARY KEY (`id`),
  KEY `OA_TEST_AUDIT_del_flag` (`del_flag`)
) ENGINE=InnoDB DEFAULT CHARSET=utf8 COLLATE=utf8_bin COMMENT='审批流程测试表';
/*!40101 SET character_set_client = @saved_cs_client */;

--
-- Dumping data for table `oa_test_audit`
--

LOCK TABLES `oa_test_audit` WRITE;
/*!40000 ALTER TABLE `oa_test_audit` DISABLE KEYS */;
INSERT INTO `oa_test_audit` VALUES ('223dda893d7341a3b52c01ec157879b3','70f95f8222ba475086097e0b6f9d1128','5','5','',NULL,NULL,'324','','','','','','','','','[同意] 123','[驳回] xxx',NULL,'1','2016-11-18 15:39:31','1','2016-11-18 17:25:52',NULL,'0'),('238c503b701f476289ba401e4d828ebd','e4171b0b4494435cbf9870c1d1e809b7','3','3','',NULL,NULL,'ddddd','','','','','','','1111111','',NULL,NULL,NULL,'1','2016-11-18 17:48:41','1','2016-11-18 17:48:41',NULL,'0'),('52bf3fbabd1444c3ab74a0e360b8db6d','90626ac5bd954c3eb3d2794de43274e7','5','3','',NULL,NULL,'3244','','','','','','','333','','[同意] wee','[同意] 3333',NULL,'1','2016-11-18 17:27:44','7','2016-11-18 17:32:09',NULL,'0'),('78dd94b263c444ff8c50f8d66a551e94','7eadb94af8514b8c99b02cabd158643d','4','4','',NULL,NULL,'rrr','','','','','','','11111','',NULL,NULL,NULL,'1','2016-11-18 17:41:27','1','2016-11-18 17:41:27',NULL,'1');
/*!40000 ALTER TABLE `oa_test_audit` ENABLE KEYS */;
UNLOCK TABLES;

--
-- Table structure for table `sch_patent_agency`
--

DROP TABLE IF EXISTS `sch_patent_agency`;
/*!40101 SET @saved_cs_client     = @@character_set_client */;
/*!40101 SET character_set_client = utf8 */;
CREATE TABLE `sch_patent_agency` (
  `spa_code` varchar(45) COLLATE utf8_bin NOT NULL COMMENT '机构代码',
  `spa_name` varchar(100) COLLATE utf8_bin NOT NULL COMMENT '机构名称',
  `spa_contacts` varchar(45) COLLATE utf8_bin NOT NULL COMMENT '联系人',
  `spa_phone` varchar(45) COLLATE utf8_bin NOT NULL COMMENT '联系方式',
  `spa_address` varchar(45) COLLATE utf8_bin NOT NULL COMMENT '联系地址',
  `create_by` varchar(64) COLLATE utf8_bin NOT NULL COMMENT '创建者',
  `create_date` datetime NOT NULL COMMENT '创建时间',
  `update_by` varchar(64) COLLATE utf8_bin NOT NULL,
  `update_date` datetime NOT NULL,
  `del_flag` varchar(1) COLLATE utf8_bin NOT NULL COMMENT '删除标记',
  PRIMARY KEY (`spa_code`),
  UNIQUE KEY `spa_code_UNIQUE` (`spa_code`)
) ENGINE=InnoDB DEFAULT CHARSET=utf8 COLLATE=utf8_bin COMMENT='专利机构信息';
/*!40101 SET character_set_client = @saved_cs_client */;

--
-- Dumping data for table `sch_patent_agency`
--

LOCK TABLES `sch_patent_agency` WRITE;
/*!40000 ALTER TABLE `sch_patent_agency` DISABLE KEYS */;
INSERT INTO `sch_patent_agency` VALUES ('testp1','testp1','testp1','13950019129','testp1','1','2016-11-22 11:24:01','1','2016-11-22 11:24:01','0'),('testp2','testp2','testp2','13950019129','testp2','3950253782ae438d9c402bbd3abfe1e2','2016-11-22 11:33:19','3950253782ae438d9c402bbd3abfe1e2','2016-11-22 11:33:19','0'),('testp3','testp3','testp3','13950019129','testp3','68a88e19b43d431a9112a5179eb0111c','2016-11-22 11:36:48','68a88e19b43d431a9112a5179eb0111c','2016-11-22 11:36:48','0');
/*!40000 ALTER TABLE `sch_patent_agency` ENABLE KEYS */;
UNLOCK TABLES;

--
-- Table structure for table `sch_patent_under`
--

DROP TABLE IF EXISTS `sch_patent_under`;
/*!40101 SET @saved_cs_client     = @@character_set_client */;
/*!40101 SET character_set_client = utf8 */;
CREATE TABLE `sch_patent_under` (
  `spu_id` int(11) NOT NULL AUTO_INCREMENT,
  `spu_name` varchar(200) COLLATE utf8_bin NOT NULL COMMENT '专利名称',
  `spu_type_code` varchar(45) COLLATE utf8_bin NOT NULL COMMENT '专利类型代码',
  `spu_type_name` varchar(45) COLLATE utf8_bin NOT NULL COMMENT '专利类型名称',
  `spu_apply_school_name` varchar(100) COLLATE utf8_bin NOT NULL,
  `spu_apply_user_id` varchar(64) COLLATE utf8_bin NOT NULL COMMENT '联络人',
  `spu_apply_user_office_id` varchar(64) COLLATE utf8_bin NOT NULL COMMENT '所属院系',
  `spu_apply_phone` varchar(45) COLLATE utf8_bin NOT NULL COMMENT '联系电话',
  `spu_advis_teacher_id` varchar(64) CHARACTER SET utf8 NOT NULL COMMENT '指导老师',
  `spu_advis_teacher_office_id` varchar(64) CHARACTER SET utf8 NOT NULL COMMENT '指导老师所属院系',
  `spu_proxy_id` varchar(45) CHARACTER SET utf8 NOT NULL COMMENT '专利代理机构',
  `spu_remark` varchar(2000) CHARACTER SET utf8 NOT NULL COMMENT '专利摘要',
  `create_by` varchar(64) COLLATE utf8_bin NOT NULL COMMENT '创建者',
  `create_date` datetime NOT NULL COMMENT '创建时间',
  `update_by` varchar(64) COLLATE utf8_bin NOT NULL COMMENT '更新者',
  `update_date` datetime NOT NULL COMMENT '更新时间',
  `del_flag` varchar(1) COLLATE utf8_bin NOT NULL COMMENT '删除标记',
  `spu_status` varchar(1) COLLATE utf8_bin NOT NULL,
  PRIMARY KEY (`spu_id`)
) ENGINE=InnoDB AUTO_INCREMENT=3 DEFAULT CHARSET=utf8 COLLATE=utf8_bin;
/*!40101 SET character_set_client = @saved_cs_client */;

--
-- Dumping data for table `sch_patent_under`
--

LOCK TABLES `sch_patent_under` WRITE;
/*!40000 ALTER TABLE `sch_patent_under` DISABLE KEYS */;
INSERT INTO `sch_patent_under` VALUES (1,'1111','1','发明','1111','3','3','13950019129','2','2','testp3','xxxx','1','2016-11-22 15:24:20','1','2016-11-22 15:24:20','0','1'),(2,'123','4','软件著作权','123','3','3','13950019129','2','2','testp3','xxx','1','2016-11-22 16:27:11','1','2016-11-22 16:27:11','0','1');
/*!40000 ALTER TABLE `sch_patent_under` ENABLE KEYS */;
UNLOCK TABLES;

--
-- Table structure for table `sch_patent_under_inventor`
--

DROP TABLE IF EXISTS `sch_patent_under_inventor`;
/*!40101 SET @saved_cs_client     = @@character_set_client */;
/*!40101 SET character_set_client = utf8 */;
CREATE TABLE `sch_patent_under_inventor` (
  `spi_id` int(11) NOT NULL AUTO_INCREMENT,
  `spi_patent_id` int(11) DEFAULT NULL COMMENT '专利ID',
  `spi_type_code` varchar(45) COLLATE utf8_bin DEFAULT NULL COMMENT '发明人类型',
  `spi_user_id` varchar(64) COLLATE utf8_bin DEFAULT NULL COMMENT '发明人姓名id',
  `spi_user_name` varchar(45) COLLATE utf8_bin DEFAULT NULL COMMENT '发明人姓名',
  `spi_office_id` varchar(64) COLLATE utf8_bin DEFAULT NULL COMMENT '发明人单位代码',
  `spi_office_name` varchar(45) COLLATE utf8_bin DEFAULT NULL COMMENT '发明人单位',
  `spi_contribution_per` int(11) DEFAULT NULL COMMENT '贡献度(%)',
  `spi_remark` varchar(2000) COLLATE utf8_bin DEFAULT NULL COMMENT '备注',
  `create_by` varchar(64) COLLATE utf8_bin DEFAULT NULL COMMENT '创建者',
  `create_date` datetime DEFAULT NULL COMMENT '创建时间',
  `update_by` varchar(64) COLLATE utf8_bin DEFAULT NULL COMMENT '更新者',
  `update_date` datetime DEFAULT NULL,
  `del_flag` varchar(1) COLLATE utf8_bin DEFAULT NULL,
  PRIMARY KEY (`spi_id`)
) ENGINE=InnoDB DEFAULT CHARSET=utf8 COLLATE=utf8_bin;
/*!40101 SET character_set_client = @saved_cs_client */;

--
-- Dumping data for table `sch_patent_under_inventor`
--

LOCK TABLES `sch_patent_under_inventor` WRITE;
/*!40000 ALTER TABLE `sch_patent_under_inventor` DISABLE KEYS */;
/*!40000 ALTER TABLE `sch_patent_under_inventor` ENABLE KEYS */;
UNLOCK TABLES;

--
-- Table structure for table `sys_area`
--

DROP TABLE IF EXISTS `sys_area`;
/*!40101 SET @saved_cs_client     = @@character_set_client */;
/*!40101 SET character_set_client = utf8 */;
CREATE TABLE `sys_area` (
  `id` varchar(64) COLLATE utf8_bin NOT NULL COMMENT '编号',
  `parent_id` varchar(64) COLLATE utf8_bin NOT NULL COMMENT '父级编号',
  `parent_ids` varchar(2000) COLLATE utf8_bin NOT NULL COMMENT '所有父级编号',
  `name` varchar(100) COLLATE utf8_bin NOT NULL COMMENT '名称',
  `sort` decimal(10,0) NOT NULL COMMENT '排序',
  `code` varchar(100) COLLATE utf8_bin DEFAULT NULL COMMENT '区域编码',
  `type` char(1) COLLATE utf8_bin DEFAULT NULL COMMENT '区域类型',
  `create_by` varchar(64) COLLATE utf8_bin NOT NULL COMMENT '创建者',
  `create_date` datetime NOT NULL COMMENT '创建时间',
  `update_by` varchar(64) COLLATE utf8_bin NOT NULL COMMENT '更新者',
  `update_date` datetime NOT NULL COMMENT '更新时间',
  `remarks` varchar(255) COLLATE utf8_bin DEFAULT NULL COMMENT '备注信息',
  `del_flag` char(1) COLLATE utf8_bin NOT NULL DEFAULT '0' COMMENT '删除标记',
  PRIMARY KEY (`id`),
  KEY `sys_area_parent_id` (`parent_id`),
  KEY `sys_area_del_flag` (`del_flag`)
) ENGINE=InnoDB DEFAULT CHARSET=utf8 COLLATE=utf8_bin COMMENT='区域表';
/*!40101 SET character_set_client = @saved_cs_client */;

--
-- Dumping data for table `sys_area`
--

LOCK TABLES `sys_area` WRITE;
/*!40000 ALTER TABLE `sys_area` DISABLE KEYS */;
INSERT INTO `sys_area` VALUES ('1','0','0,','中国',10,'100000','1','1','2013-05-27 08:00:00','1','2013-05-27 08:00:00',NULL,'0'),('2','1','0,1,','福建省',20,'110000','2','1','2013-05-27 08:00:00','1','2016-11-22 10:45:49','','0'),('3','2','0,1,2,','厦门市',30,'110101','3','1','2013-05-27 08:00:00','1','2016-11-22 10:45:56','','0'),('4','3','0,1,2,3,','思明区',40,'110102','4','1','2013-05-27 08:00:00','1','2016-11-22 10:46:05','','0'),('5','3','0,1,2,3,','湖里区',50,'110104','4','1','2013-05-27 08:00:00','1','2016-11-22 10:46:11','','0'),('6','3','0,1,2,3,','集美区',60,'110105','4','1','2013-05-27 08:00:00','1','2016-11-22 10:46:24','','0');
/*!40000 ALTER TABLE `sys_area` ENABLE KEYS */;
UNLOCK TABLES;

--
-- Table structure for table `sys_dict`
--

DROP TABLE IF EXISTS `sys_dict`;
/*!40101 SET @saved_cs_client     = @@character_set_client */;
/*!40101 SET character_set_client = utf8 */;
CREATE TABLE `sys_dict` (
  `id` varchar(64) COLLATE utf8_bin NOT NULL COMMENT '编号',
  `value` varchar(100) COLLATE utf8_bin NOT NULL COMMENT '数据值',
  `label` varchar(100) COLLATE utf8_bin NOT NULL COMMENT '标签名',
  `type` varchar(100) COLLATE utf8_bin NOT NULL COMMENT '类型',
  `description` varchar(100) COLLATE utf8_bin NOT NULL COMMENT '描述',
  `sort` decimal(10,0) NOT NULL COMMENT '排序（升序）',
  `parent_id` varchar(64) COLLATE utf8_bin DEFAULT '0' COMMENT '父级编号',
  `create_by` varchar(64) COLLATE utf8_bin NOT NULL COMMENT '创建者',
  `create_date` datetime NOT NULL COMMENT '创建时间',
  `update_by` varchar(64) COLLATE utf8_bin NOT NULL COMMENT '更新者',
  `update_date` datetime NOT NULL COMMENT '更新时间',
  `remarks` varchar(255) COLLATE utf8_bin DEFAULT NULL COMMENT '备注信息',
  `del_flag` char(1) COLLATE utf8_bin NOT NULL DEFAULT '0' COMMENT '删除标记',
  PRIMARY KEY (`id`),
  KEY `sys_dict_value` (`value`),
  KEY `sys_dict_label` (`label`),
  KEY `sys_dict_del_flag` (`del_flag`)
) ENGINE=InnoDB DEFAULT CHARSET=utf8 COLLATE=utf8_bin COMMENT='字典表';
/*!40101 SET character_set_client = @saved_cs_client */;

--
-- Dumping data for table `sys_dict`
--

LOCK TABLES `sys_dict` WRITE;
/*!40000 ALTER TABLE `sys_dict` DISABLE KEYS */;
INSERT INTO `sys_dict` VALUES ('1','0','正常','del_flag','删除标记',10,'0','1','2013-05-27 08:00:00','1','2013-05-27 08:00:00',NULL,'0'),('10','yellow','黄色','color','颜色值',40,'0','1','2013-05-27 08:00:00','1','2013-05-27 08:00:00',NULL,'0'),('100','java.util.Date','Date','gen_java_type','Java类型\0\0',50,'0','1','2013-10-28 08:00:00','1','2013-10-28 08:00:00',NULL,'1'),('101','com.krazy.kcfw.modules.sys.entity.User','User','gen_java_type','Java类型\0\0',60,'0','1','2013-10-28 08:00:00','1','2013-10-28 08:00:00',NULL,'1'),('102','com.krazy.kcfw.modules.sys.entity.Office','Office','gen_java_type','Java类型\0\0',70,'0','1','2013-10-28 08:00:00','1','2013-10-28 08:00:00',NULL,'1'),('103','com.krazy.kcfw.modules.sys.entity.Area','Area','gen_java_type','Java类型\0\0',80,'0','1','2013-10-28 08:00:00','1','2013-10-28 08:00:00',NULL,'1'),('104','Custom','Custom','gen_java_type','Java类型\0\0',90,'0','1','2013-10-28 08:00:00','1','2013-10-28 08:00:00',NULL,'1'),('104be8f31d30426eaf2d7f2a0da799aa','3','审核通过','PATENT_STATUS','专利申请状态',30,'0','1','2016-11-22 15:13:36','1','2016-11-22 15:13:36','','0'),('105','1','会议通告\0\0\0\0','oa_notify_type','通知通告类型',10,'0','1','2013-11-08 08:00:00','1','2013-11-08 08:00:00',NULL,'0'),('106','2','奖惩通告\0\0\0\0','oa_notify_type','通知通告类型',20,'0','1','2013-11-08 08:00:00','1','2013-11-08 08:00:00',NULL,'0'),('107','3','活动通告\0\0\0\0','oa_notify_type','通知通告类型',30,'0','1','2013-11-08 08:00:00','1','2013-11-08 08:00:00',NULL,'0'),('108','0','草稿','oa_notify_status','通知通告状态',10,'0','1','2013-11-08 08:00:00','1','2013-11-08 08:00:00',NULL,'0'),('109','1','发布','oa_notify_status','通知通告状态',20,'0','1','2013-11-08 08:00:00','1','2013-11-08 08:00:00',NULL,'0'),('11','orange','橙色','color','颜色值',50,'0','1','2013-05-27 08:00:00','1','2013-05-27 08:00:00',NULL,'0'),('110','0','未读','oa_notify_read','通知通告状态',10,'0','1','2013-11-08 08:00:00','1','2013-11-08 08:00:00',NULL,'0'),('111','1','已读','oa_notify_read','通知通告状态',20,'0','1','2013-11-08 08:00:00','1','2013-11-08 08:00:00',NULL,'0'),('12','default','默认主题','theme','主题方案',10,'0','1','2013-05-27 08:00:00','1','2013-05-27 08:00:00',NULL,'0'),('13','cerulean','天蓝主题','theme','主题方案',20,'0','1','2013-05-27 08:00:00','1','2013-05-27 08:00:00',NULL,'0'),('14','readable','橙色主题','theme','主题方案',30,'0','1','2013-05-27 08:00:00','1','2013-05-27 08:00:00',NULL,'0'),('15','united','红色主题','theme','主题方案',40,'0','1','2013-05-27 08:00:00','1','2013-05-27 08:00:00',NULL,'0'),('16','flat','Flat主题','theme','主题方案',60,'0','1','2013-05-27 08:00:00','1','2013-05-27 08:00:00',NULL,'0'),('17','1','国家','sys_area_type','区域类型',10,'0','1','2013-05-27 08:00:00','1','2013-05-27 08:00:00',NULL,'0'),('18','2','省份、直辖市','sys_area_type','区域类型',20,'0','1','2013-05-27 08:00:00','1','2013-05-27 08:00:00',NULL,'0'),('19','3','地市','sys_area_type','区域类型',30,'0','1','2013-05-27 08:00:00','1','2013-05-27 08:00:00',NULL,'0'),('2','1','删除','del_flag','删除标记',20,'0','1','2013-05-27 08:00:00','1','2013-05-27 08:00:00',NULL,'0'),('20','4','区县','sys_area_type','区域类型',40,'0','1','2013-05-27 08:00:00','1','2013-05-27 08:00:00',NULL,'0'),('21','1','公司','sys_office_type','机构类型',60,'0','1','2013-05-27 08:00:00','1','2013-05-27 08:00:00',NULL,'0'),('22','2','部门','sys_office_type','机构类型',70,'0','1','2013-05-27 08:00:00','1','2013-05-27 08:00:00',NULL,'0'),('226728040cb14513bb8f2432d0e73a11','3','外观设计','PATENT_TYPE','专利类型',30,'0','1','2016-11-20 00:10:47','1','2016-11-20 00:10:47','','0'),('23','3','小组','sys_office_type','机构类型',80,'0','1','2013-05-27 08:00:00','1','2013-05-27 08:00:00',NULL,'0'),('24','4','其它','sys_office_type','机构类型',90,'0','1','2013-05-27 08:00:00','1','2013-05-27 08:00:00',NULL,'0'),('25','1','综合部','sys_office_common','快捷通用部门',30,'0','1','2013-05-27 08:00:00','1','2013-05-27 08:00:00',NULL,'0'),('26','2','开发部','sys_office_common','快捷通用部门',40,'0','1','2013-05-27 08:00:00','1','2013-05-27 08:00:00',NULL,'0'),('27','3','人力部','sys_office_common','快捷通用部门',50,'0','1','2013-05-27 08:00:00','1','2013-05-27 08:00:00',NULL,'0'),('28','1','一级','sys_office_grade','机构等级',10,'0','1','2013-05-27 08:00:00','1','2013-05-27 08:00:00',NULL,'0'),('2872fb4849d1467d8135564cc4069f9c','3','校外','INVENTOR_TYPE','发明人类型',30,'0','1','2016-11-20 17:13:47','1','2016-11-20 17:13:47','','0'),('29','2','二级','sys_office_grade','机构等级',20,'0','1','2013-05-27 08:00:00','1','2013-05-27 08:00:00',NULL,'0'),('3','1','显示','show_hide','显示/隐藏',10,'0','1','2013-05-27 08:00:00','1','2013-05-27 08:00:00',NULL,'0'),('30','3','三级','sys_office_grade','机构等级',30,'0','1','2013-05-27 08:00:00','1','2013-05-27 08:00:00',NULL,'0'),('31','4','四级','sys_office_grade','机构等级',40,'0','1','2013-05-27 08:00:00','1','2013-05-27 08:00:00',NULL,'0'),('32','1','所有数据','sys_data_scope','数据范围',10,'0','1','2013-05-27 08:00:00','1','2013-05-27 08:00:00',NULL,'0'),('33','2','所在公司及以下数据','sys_data_scope','数据范围',20,'0','1','2013-05-27 08:00:00','1','2013-05-27 08:00:00',NULL,'0'),('34','3','所在公司数据','sys_data_scope','数据范围',30,'0','1','2013-05-27 08:00:00','1','2013-05-27 08:00:00',NULL,'0'),('35','4','所在部门及以下数据','sys_data_scope','数据范围',40,'0','1','2013-05-27 08:00:00','1','2013-05-27 08:00:00',NULL,'0'),('36','5','所在部门数据','sys_data_scope','数据范围',50,'0','1','2013-05-27 08:00:00','1','2013-05-27 08:00:00',NULL,'0'),('37','8','仅本人数据','sys_data_scope','数据范围',90,'0','1','2013-05-27 08:00:00','1','2013-05-27 08:00:00',NULL,'0'),('38','9','按明细设置','sys_data_scope','数据范围',100,'0','1','2013-05-27 08:00:00','1','2013-05-27 08:00:00',NULL,'0'),('39','1','系统管理','sys_user_type','用户类型',10,'0','1','2013-05-27 08:00:00','1','2013-05-27 08:00:00',NULL,'0'),('396a77e51443429ab45ca28348e8b3d4','4','软件著作权','PATENT_TYPE','专利类型',40,'0','1','2016-11-20 00:10:59','1','2016-11-20 00:10:59','','0'),('3989b03d34d14b3fba205be5e41b85c8','2','实用新型','PATENT_TYPE','专利类型',20,'0','1','2016-11-20 00:10:34','1','2016-11-20 00:10:34','','0'),('4','0','隐藏','show_hide','显示/隐藏',20,'0','1','2013-05-27 08:00:00','1','2013-05-27 08:00:00',NULL,'0'),('40','2','部门经理','sys_user_type','用户类型',20,'0','1','2013-05-27 08:00:00','1','2013-05-27 08:00:00',NULL,'0'),('41','3','普通用户','sys_user_type','用户类型',30,'0','1','2013-05-27 08:00:00','1','2013-05-27 08:00:00',NULL,'0'),('42','basic','基础主题','cms_theme','站点主题',10,'0','1','2013-05-27 08:00:00','1','2013-05-27 08:00:00',NULL,'0'),('43','blue','蓝色主题','cms_theme','站点主题',20,'0','1','2013-05-27 08:00:00','1','2013-05-27 08:00:00',NULL,'1'),('44','red','红色主题','cms_theme','站点主题',30,'0','1','2013-05-27 08:00:00','1','2013-05-27 08:00:00',NULL,'1'),('45','article','文章模型','cms_module','栏目模型',10,'0','1','2013-05-27 08:00:00','1','2013-05-27 08:00:00',NULL,'0'),('46','picture','图片模型','cms_module','栏目模型',20,'0','1','2013-05-27 08:00:00','1','2013-05-27 08:00:00',NULL,'1'),('47','download','下载模型','cms_module','栏目模型',30,'0','1','2013-05-27 08:00:00','1','2013-05-27 08:00:00',NULL,'1'),('48','link','链接模型','cms_module','栏目模型',40,'0','1','2013-05-27 08:00:00','1','2013-05-27 08:00:00',NULL,'0'),('49','special','专题模型','cms_module','栏目模型',50,'0','1','2013-05-27 08:00:00','1','2013-05-27 08:00:00',NULL,'1'),('4a3d9c96eec4491982f7cbbffc7a419b','1','老师','INVENTOR_TYPE','发明人类型',10,'0','1','2016-11-20 17:13:20','1','2016-11-20 17:13:20','','0'),('5','1','是','yes_no','是/否',10,'0','1','2013-05-27 08:00:00','1','2013-05-27 08:00:00',NULL,'0'),('50','0','默认展现方式','cms_show_modes','展现方式',10,'0','1','2013-05-27 08:00:00','1','2013-05-27 08:00:00',NULL,'0'),('51','1','首栏目内容列表','cms_show_modes','展现方式',20,'0','1','2013-05-27 08:00:00','1','2013-05-27 08:00:00',NULL,'0'),('52','2','栏目第一条内容','cms_show_modes','展现方式',30,'0','1','2013-05-27 08:00:00','1','2013-05-27 08:00:00',NULL,'0'),('53','0','发布','cms_del_flag','内容状态',10,'0','1','2013-05-27 08:00:00','1','2013-05-27 08:00:00',NULL,'0'),('54','1','删除','cms_del_flag','内容状态',20,'0','1','2013-05-27 08:00:00','1','2013-05-27 08:00:00',NULL,'0'),('55','2','审核','cms_del_flag','内容状态',15,'0','1','2013-05-27 08:00:00','1','2013-05-27 08:00:00',NULL,'0'),('56','1','首页焦点图','cms_posid','推荐位',10,'0','1','2013-05-27 08:00:00','1','2013-05-27 08:00:00',NULL,'0'),('57','2','栏目页文章推荐','cms_posid','推荐位',20,'0','1','2013-05-27 08:00:00','1','2013-05-27 08:00:00',NULL,'0'),('58','1','咨询','cms_guestbook','留言板分类',10,'0','1','2013-05-27 08:00:00','1','2013-05-27 08:00:00',NULL,'0'),('59','2','建议','cms_guestbook','留言板分类',20,'0','1','2013-05-27 08:00:00','1','2013-05-27 08:00:00',NULL,'0'),('5cb45a87399a46c38c157970b9545bd5','2','初审通过','PATENT_STATUS','专利申请状态',20,'0','1','2016-11-22 15:13:29','1','2016-11-22 15:13:29','','0'),('6','0','否','yes_no','是/否',20,'0','1','2013-05-27 08:00:00','1','2013-05-27 08:00:00',NULL,'0'),('60','3','投诉','cms_guestbook','留言板分类',30,'0','1','2013-05-27 08:00:00','1','2013-05-27 08:00:00',NULL,'0'),('61','4','其它','cms_guestbook','留言板分类',40,'0','1','2013-05-27 08:00:00','1','2013-05-27 08:00:00',NULL,'0'),('62','1','公休','oa_leave_type','请假类型',10,'0','1','2013-05-27 08:00:00','1','2013-05-27 08:00:00',NULL,'0'),('63','2','病假','oa_leave_type','请假类型',20,'0','1','2013-05-27 08:00:00','1','2013-05-27 08:00:00',NULL,'0'),('64','3','事假','oa_leave_type','请假类型',30,'0','1','2013-05-27 08:00:00','1','2013-05-27 08:00:00',NULL,'0'),('65','4','调休','oa_leave_type','请假类型',40,'0','1','2013-05-27 08:00:00','1','2013-05-27 08:00:00',NULL,'0'),('66','5','婚假','oa_leave_type','请假类型',60,'0','1','2013-05-27 08:00:00','1','2013-05-27 08:00:00',NULL,'0'),('67','1','接入日志','sys_log_type','日志类型',30,'0','1','2013-06-03 08:00:00','1','2013-06-03 08:00:00',NULL,'0'),('68','2','异常日志','sys_log_type','日志类型',40,'0','1','2013-06-03 08:00:00','1','2013-06-03 08:00:00',NULL,'0'),('69','leave','请假流程','act_type','流程类型',10,'0','1','2013-06-03 08:00:00','1','2013-06-03 08:00:00',NULL,'0'),('7','red','红色','color','颜色值',10,'0','1','2013-05-27 08:00:00','1','2013-05-27 08:00:00',NULL,'0'),('70','test_audit','审批测试流程','act_type','流程类型',20,'0','1','2013-06-03 08:00:00','1','2013-06-03 08:00:00',NULL,'0'),('71','1','分类1','act_category','流程分类',10,'0','1','2013-06-03 08:00:00','1','2013-06-03 08:00:00',NULL,'0'),('72','2','分类2','act_category','流程分类',20,'0','1','2013-06-03 08:00:00','1','2013-06-03 08:00:00',NULL,'0'),('73','crud','增删改查','gen_category','代码生成分类',10,'0','1','2013-10-28 08:00:00','1','2013-10-28 08:00:00',NULL,'1'),('74','crud_many','增删改查（包含从表）','gen_category','代码生成分类',20,'0','1','2013-10-28 08:00:00','1','2013-10-28 08:00:00',NULL,'1'),('75','tree','树结构','gen_category','代码生成分类',30,'0','1','2013-10-28 08:00:00','1','2013-10-28 08:00:00',NULL,'1'),('76','=','=','gen_query_type','查询方式',10,'0','1','2013-10-28 08:00:00','1','2013-10-28 08:00:00',NULL,'1'),('77','!=','!=','gen_query_type','查询方式',20,'0','1','2013-10-28 08:00:00','1','2013-10-28 08:00:00',NULL,'1'),('78','&gt;','&gt;','gen_query_type','查询方式',30,'0','1','2013-10-28 08:00:00','1','2013-10-28 08:00:00',NULL,'1'),('79','&lt;','&lt;','gen_query_type','查询方式',40,'0','1','2013-10-28 08:00:00','1','2013-10-28 08:00:00',NULL,'1'),('8','green','绿色','color','颜色值',20,'0','1','2013-05-27 08:00:00','1','2013-05-27 08:00:00',NULL,'0'),('80','between','Between','gen_query_type','查询方式',50,'0','1','2013-10-28 08:00:00','1','2013-10-28 08:00:00',NULL,'1'),('81','like','Like','gen_query_type','查询方式',60,'0','1','2013-10-28 08:00:00','1','2013-10-28 08:00:00',NULL,'1'),('82','left_like','Left Like','gen_query_type','查询方式',70,'0','1','2013-10-28 08:00:00','1','2013-10-28 08:00:00',NULL,'1'),('83','right_like','Right Like','gen_query_type','查询方式',80,'0','1','2013-10-28 08:00:00','1','2013-10-28 08:00:00',NULL,'1'),('84','input','文本框','gen_show_type','字段生成方案',10,'0','1','2013-10-28 08:00:00','1','2013-10-28 08:00:00',NULL,'1'),('85','textarea','文本域','gen_show_type','字段生成方案',20,'0','1','2013-10-28 08:00:00','1','2013-10-28 08:00:00',NULL,'1'),('86','select','下拉框','gen_show_type','字段生成方案',30,'0','1','2013-10-28 08:00:00','1','2013-10-28 08:00:00',NULL,'1'),('87','checkbox','复选框','gen_show_type','字段生成方案',40,'0','1','2013-10-28 08:00:00','1','2013-10-28 08:00:00',NULL,'1'),('88','radiobox','单选框','gen_show_type','字段生成方案',50,'0','1','2013-10-28 08:00:00','1','2013-10-28 08:00:00',NULL,'1'),('89','dateselect','日期选择','gen_show_type','字段生成方案',60,'0','1','2013-10-28 08:00:00','1','2013-10-28 08:00:00',NULL,'1'),('9','blue','蓝色','color','颜色值',30,'0','1','2013-05-27 08:00:00','1','2013-05-27 08:00:00',NULL,'0'),('90','userselect','人员选择\0','gen_show_type','字段生成方案',70,'0','1','2013-10-28 08:00:00','1','2013-10-28 08:00:00',NULL,'1'),('91','officeselect','部门选择','gen_show_type','字段生成方案',80,'0','1','2013-10-28 08:00:00','1','2013-10-28 08:00:00',NULL,'1'),('92','areaselect','区域选择','gen_show_type','字段生成方案',90,'0','1','2013-10-28 08:00:00','1','2013-10-28 08:00:00',NULL,'1'),('93','String','String','gen_java_type','Java类型',10,'0','1','2013-10-28 08:00:00','1','2013-10-28 08:00:00',NULL,'1'),('94','Long','Long','gen_java_type','Java类型',20,'0','1','2013-10-28 08:00:00','1','2013-10-28 08:00:00',NULL,'1'),('95','dao','仅持久层','gen_category','代码生成分类\0\0\0\0\0\0',40,'0','1','2013-10-28 08:00:00','1','2013-10-28 08:00:00',NULL,'1'),('96','1','男','sex','性别',10,'0','1','2013-10-28 08:00:00','1','2013-10-28 08:00:00',NULL,'0'),('97','2','女','sex','性别',20,'0','1','2013-10-28 08:00:00','1','2013-10-28 08:00:00',NULL,'0'),('98','Integer','Integer','gen_java_type','Java类型\0\0',30,'0','1','2013-10-28 08:00:00','1','2013-10-28 08:00:00',NULL,'1'),('99','Double','Double','gen_java_type','Java类型\0\0',40,'0','1','2013-10-28 08:00:00','1','2013-10-28 08:00:00',NULL,'1'),('a20ee2d8ac724e1fa7958ca92b78bcdc','1','发明','PATENT_TYPE','专利类型',10,'0','1','2016-11-20 00:09:55','1','2016-11-20 00:10:20','','0'),('c5ac3508eaa74891aa231ade0f966311','1','新增','PATENT_STATUS','专利申请状态',10,'0','1','2016-11-22 15:13:17','1','2016-11-22 15:13:17','','0'),('e81d1f6aa6194cf7b03f1ce69791cb29','4','验证通过','PATENT_STATUS','专利申请状态',40,'0','1','2016-11-22 15:13:44','1','2016-11-22 15:13:44','','0'),('f38365cfce284588983ebeac9b051907','2','学生','INVENTOR_TYPE','发明人类型',20,'0','1','2016-11-20 17:13:36','1','2016-11-20 17:13:36','','0');
/*!40000 ALTER TABLE `sys_dict` ENABLE KEYS */;
UNLOCK TABLES;

--
-- Table structure for table `sys_log`
--

DROP TABLE IF EXISTS `sys_log`;
/*!40101 SET @saved_cs_client     = @@character_set_client */;
/*!40101 SET character_set_client = utf8 */;
CREATE TABLE `sys_log` (
  `id` varchar(64) COLLATE utf8_bin NOT NULL COMMENT '编号',
  `type` char(1) COLLATE utf8_bin DEFAULT '1' COMMENT '日志类型',
  `title` varchar(255) COLLATE utf8_bin DEFAULT '' COMMENT '日志标题',
  `create_by` varchar(64) COLLATE utf8_bin DEFAULT NULL COMMENT '创建者',
  `create_date` datetime DEFAULT NULL COMMENT '创建时间',
  `remote_addr` varchar(255) COLLATE utf8_bin DEFAULT NULL COMMENT '操作IP地址',
  `user_agent` varchar(255) COLLATE utf8_bin DEFAULT NULL COMMENT '用户代理',
  `request_uri` varchar(255) COLLATE utf8_bin DEFAULT NULL COMMENT '请求URI',
  `method` varchar(5) COLLATE utf8_bin DEFAULT NULL COMMENT '操作方式',
  `params` text COLLATE utf8_bin COMMENT '操作提交的数据',
  `exception` text COLLATE utf8_bin COMMENT '异常信息',
  PRIMARY KEY (`id`),
  KEY `sys_log_create_by` (`create_by`),
  KEY `sys_log_request_uri` (`request_uri`),
  KEY `sys_log_type` (`type`),
  KEY `sys_log_create_date` (`create_date`)
) ENGINE=InnoDB DEFAULT CHARSET=utf8 COLLATE=utf8_bin COMMENT='日志表';
/*!40101 SET character_set_client = @saved_cs_client */;

--
-- Dumping data for table `sys_log`
--

LOCK TABLES `sys_log` WRITE;
/*!40000 ALTER TABLE `sys_log` DISABLE KEYS */;
INSERT INTO `sys_log` VALUES ('000d954123e84f18b835bc7413b35320','1','知识产权-专利申报-专利机构信息','1','2016-11-21 23:00:30','192.168.7.1','Mozilla/5.0 (Windows NT 6.1; WOW64) AppleWebKit/537.36 (KHTML, like Gecko) Chrome/54.0.2840.99 Safari/537.36','/kcfw/a/sch/patent/schPatentAgency','GET','',''),('001e9dc40c53432591cb384550daa0ce','1','系统设置-机构用户-用户管理','1','2016-11-22 16:43:49','192.168.7.1','Mozilla/5.0 (Windows NT 6.1; WOW64) AppleWebKit/537.36 (KHTML, like Gecko) Chrome/54.0.2840.99 Safari/537.36','/kcfw/a/sys/user/index','GET','',''),('0027de0ebfc6493ba95c13d2dacb8df0','1','我的面板-个人信息-个人信息','1','2016-11-22 23:15:24','192.168.7.1','Mozilla/5.0 (Windows NT 6.1; WOW64) AppleWebKit/537.36 (KHTML, like Gecko) Chrome/54.0.2840.99 Safari/537.36','/kcfw/a/sys/user/info','GET','',''),('003d9564e7094a0b8914e2ab7dcaea26','1','系统登录','1','2016-11-22 11:33:43','192.168.7.1','Mozilla/5.0 (Windows NT 6.1; WOW64) AppleWebKit/537.36 (KHTML, like Gecko) Chrome/54.0.2840.99 Safari/537.36','/kcfw/a','GET','login=',''),('0049522c39f64ba68adb1e87be650b7d','1','系统设置-系统设置-字典管理','1','2016-11-22 15:12:31','192.168.7.1','Mozilla/5.0 (Windows NT 6.1; WOW64) AppleWebKit/537.36 (KHTML, like Gecko) Chrome/54.0.2840.99 Safari/537.36','/kcfw/a/sys/dict/','GET','',''),('00d7b4e8dd2145f4b654421f120c06c6','1','系统设置-机构用户-机构管理-查看','1','2016-11-22 15:37:10','192.168.7.1','Mozilla/5.0 (Windows NT 6.1; WOW64) AppleWebKit/537.36 (KHTML, like Gecko) Chrome/54.0.2840.99 Safari/537.36','/kcfw/a/sys/office/form','GET','id=4',''),('0109c0963db3417aae32c1ce9b04b971','1','系统设置-系统设置-字典管理','1','2016-11-20 00:10:03','127.0.0.1','Mozilla/5.0 (X11; Ubuntu; Linux x86_64; rv:39.0) Gecko/20100101 Firefox/39.0','/kcfw/a/sys/dict/','GET','',''),('013c5153de25405fb634c3e0b5022e44','1','在线办公-流程管理-流程管理','7','2016-11-18 17:40:26','127.0.0.1','Mozilla/5.0 (X11; Ubuntu; Linux x86_64; rv:39.0) Gecko/20100101 Firefox/39.0','/kcfw/a/act/process','GET','',''),('014ea2389e6942b8bd317f3a672ff9b9','1','系统设置-机构用户-用户管理-查看','1','2016-11-18 15:21:43','127.0.0.1','Mozilla/5.0 (X11; Ubuntu; Linux x86_64; rv:39.0) Gecko/20100101 Firefox/39.0','/kcfw/a/sys/user/list','GET','',''),('0179d5430ab5476999e6a3a4421595a4','1','代码生成-代码生成-业务表配置','1','2016-11-19 23:45:24','127.0.0.1','Mozilla/5.0 (X11; Ubuntu; Linux x86_64; rv:39.0) Gecko/20100101 Firefox/39.0','/kcfw/a/gen/genTable','GET','',''),('01dd46d0e9d44123b6f6488e8a348ee5','1','我的面板-个人信息-个人信息','1','2016-11-18 17:41:00','127.0.0.1','Mozilla/5.0 (X11; Ubuntu; Linux x86_64; rv:39.0) Gecko/20100101 Firefox/39.0','/kcfw/a/sys/user/info','GET','',''),('0210d305e7e040e69a74f95e081c92be','1','知识产权-专利申报-专利申报管理','1','2016-11-22 14:49:12','192.168.7.1','Mozilla/5.0 (Windows NT 6.1; WOW64) AppleWebKit/537.36 (KHTML, like Gecko) Chrome/54.0.2840.99 Safari/537.36','/kcfw/a/sch/patent/schPatentUnder','GET','',''),('02d38424837e497c93913218b3c838a4','1','在线办公-流程管理-流程管理','1','2016-11-18 15:30:15','127.0.0.1','Mozilla/5.0 (X11; Ubuntu; Linux x86_64; rv:39.0) Gecko/20100101 Firefox/39.0','/kcfw/a/act/process','GET','',''),('030ce12613d44ec6be9f96e9848d963d','1','我的面板-个人信息-个人信息','1','2016-11-20 17:42:17','127.0.0.1','Mozilla/5.0 (X11; Ubuntu; Linux x86_64; rv:39.0) Gecko/20100101 Firefox/39.0','/kcfw/a/sys/user/info','GET','',''),('03850d5ee1a145f592a037be689b609b','1','系统登录','1','2016-11-21 16:42:32','192.168.7.1','Mozilla/5.0 (Windows NT 6.1; WOW64) AppleWebKit/537.36 (KHTML, like Gecko) Chrome/54.0.2840.99 Safari/537.36','/kcfw/a/sch/patent/schPatentAgency','GET','',''),('03df8668948d471ca4f7915e110c53bd','1','系统设置-机构用户-用户管理-查看','1','2016-11-22 11:26:24','192.168.7.1','Mozilla/5.0 (Windows NT 6.1; WOW64) AppleWebKit/537.36 (KHTML, like Gecko) Chrome/54.0.2840.99 Safari/537.36','/kcfw/a/sys/user/list','GET','repage=',''),('04562eda7cf24f36a6a4e6da2e17e58c','1','知识产权-专利申报-专利申报管理','1','2016-11-22 14:46:19','192.168.7.1','Mozilla/5.0 (Windows NT 6.1; WOW64) AppleWebKit/537.36 (KHTML, like Gecko) Chrome/54.0.2840.99 Safari/537.36','/kcfw/a/sch/patent/schPatentUnder','GET','',''),('04afa3383db8459184a9da9d24a45481','1','系统设置-机构用户-用户管理-查看','1','2016-11-22 15:39:21','192.168.7.1','Mozilla/5.0 (Windows NT 6.1; WOW64) AppleWebKit/537.36 (KHTML, like Gecko) Chrome/54.0.2840.99 Safari/537.36','/kcfw/a/sys/user/form','GET','id=36ba3cc834ad4fa9a00cea224296b154',''),('04bccfdbe7b1423385f64a77141061a1','1','知识产权-专利申报-专利申报（本科生）','1','2016-11-20 18:20:59','192.168.7.1','Mozilla/5.0 (Windows NT 6.1; WOW64) AppleWebKit/537.36 (KHTML, like Gecko) Chrome/54.0.2840.99 Safari/537.36','/kcfw/a/sch/patent/schPatentUnder','GET','',''),('04e0b5ae1c524bbdbb2e69853a96c6d4','1','系统设置-机构用户-用户管理','1','2016-11-18 17:31:18','127.0.0.1','Mozilla/5.0 (X11; Ubuntu; Linux x86_64; rv:39.0) Gecko/20100101 Firefox/39.0','/kcfw/a/sys/user/index','GET','',''),('052d68185e404060bc60c7de2c21f2e0','1','系统设置-机构用户-用户管理-查看','1','2016-11-20 17:10:58','127.0.0.1','Mozilla/5.0 (X11; Ubuntu; Linux x86_64; rv:39.0) Gecko/20100101 Firefox/39.0','/kcfw/a/sys/user/list','GET','',''),('05d8c767f7024d32a2ac8d79fef999f8','1','系统设置-机构用户-用户管理-查看','1','2016-11-18 16:09:07','127.0.0.1','Mozilla/5.0 (X11; Ubuntu; Linux x86_64; rv:39.0) Gecko/20100101 Firefox/39.0','/kcfw/a/sys/user/list','GET','office.id=9&office.name=ç»¼åé¨',''),('0669851752d84e89941f171ec37f3542','1','系统设置-机构用户-用户管理-查看','1','2016-11-18 17:31:05','127.0.0.1','Mozilla/5.0 (X11; Ubuntu; Linux x86_64; rv:39.0) Gecko/20100101 Firefox/39.0','/kcfw/a/sys/user/list','GET','office.id=7&office.name=济南市分公司',''),('067aa91674324266a74a0584f8741c3d','1','系统登录','1','2016-11-20 23:18:07','192.168.7.1','Mozilla/5.0 (Windows NT 6.1; WOW64) AppleWebKit/537.36 (KHTML, like Gecko) Chrome/54.0.2840.99 Safari/537.36','/kcfw/a','GET','login=',''),('06d45c86ea1c4d25a04ba3d6fa9a5a58','1','在线办公-个人办公-我的任务','1','2016-11-18 17:27:27','127.0.0.1','Mozilla/5.0 (X11; Ubuntu; Linux x86_64; rv:39.0) Gecko/20100101 Firefox/39.0','/kcfw/a/act/task/todo/','GET','',''),('0751c56f46e04d858688beb7d8cab80e','1','在线办公-个人办公-我的任务','36ba3cc834ad4fa9a00cea224296b154','2016-11-18 17:29:31','127.0.0.1','Mozilla/5.0 (X11; Ubuntu; Linux x86_64; rv:39.0) Gecko/20100101 Firefox/39.0','/kcfw/a/act/task/todo/','GET','',''),('077a57eb4f33414591b53d28e3688b24','1','系统登录','1','2016-11-21 15:59:44','192.168.7.1','Mozilla/5.0 (Windows NT 6.1; WOW64) AppleWebKit/537.36 (KHTML, like Gecko) Chrome/54.0.2840.99 Safari/537.36','/kcfw/a','GET','login=',''),('077a9832fb754240a7503f83b91d7335','1','系统登录','1','2016-11-20 17:42:03','127.0.0.1','Mozilla/5.0 (X11; Ubuntu; Linux x86_64; rv:39.0) Gecko/20100101 Firefox/39.0','/kcfw/a','GET','login=',''),('077b089b574d444a94f689ab2c25a503','1','系统设置-机构用户-用户管理-查看','1','2016-11-18 17:31:20','127.0.0.1','Mozilla/5.0 (X11; Ubuntu; Linux x86_64; rv:39.0) Gecko/20100101 Firefox/39.0','/kcfw/a/sys/user/list','GET','office.id=8&office.name=公司领导',''),('079e52fe0de04b839e7d18c7327c665f','1','系统登录','1','2016-11-18 15:49:36','127.0.0.1','Mozilla/5.0 (X11; Ubuntu; Linux x86_64; rv:39.0) Gecko/20100101 Firefox/39.0','/kcfw/a/oa/testAudit/','GET','',''),('0851c641ef71468dadc66743e973d991','1','系统设置-机构用户-用户管理-查看','1','2016-11-18 16:10:17','127.0.0.1','Mozilla/5.0 (X11; Ubuntu; Linux x86_64; rv:39.0) Gecko/20100101 Firefox/39.0','/kcfw/a/sys/user/list','GET','office.id=2&office.name=å¬å¸é¢å¯¼',''),('092aa02995b645cdb5c0899e0ce1f65a','1','系统设置-系统设置-菜单管理-查看','1','2016-11-20 17:40:09','127.0.0.1','Mozilla/5.0 (X11; Ubuntu; Linux x86_64; rv:39.0) Gecko/20100101 Firefox/39.0','/kcfw/a/sys/menu/form','GET','id=d5d9045b5a9b488bb1304e18cb5ba5fd',''),('096ee77442b4447a8249aed5c7d9b320','1','系统设置-机构用户-用户管理-查看','1','2016-11-18 16:08:54','127.0.0.1','Mozilla/5.0 (X11; Ubuntu; Linux x86_64; rv:39.0) Gecko/20100101 Firefox/39.0','/kcfw/a/sys/user/list','GET','',''),('09b5d3866e004e699cde3e2e6336e4d6','1','系统设置-机构用户-用户管理','1','2016-11-18 15:53:58','127.0.0.1','Mozilla/5.0 (X11; Ubuntu; Linux x86_64; rv:39.0) Gecko/20100101 Firefox/39.0','/kcfw/a/sys/user/index','GET','',''),('0a512013c58e4eb89c7b32d464c0fba4','1','系统设置-系统设置-菜单管理-查看','1','2016-11-20 17:43:42','127.0.0.1','Mozilla/5.0 (X11; Ubuntu; Linux x86_64; rv:39.0) Gecko/20100101 Firefox/39.0','/kcfw/a/sys/menu/form','GET','id=66d88f0287b741fcb251aef20e68611f',''),('0aa216b8aaae4bd0a7251954e768d7f6','1','系统登录','1','2016-11-18 15:23:32','127.0.0.1','Mozilla/5.0 (X11; Ubuntu; Linux x86_64; rv:39.0) Gecko/20100101 Firefox/39.0','/kcfw/a/sys/user/index','GET','',''),('0aec0a91a1544d708c5490c5c3d577f4','1','系统设置-系统设置-字典管理-修改','1','2016-11-20 00:10:34','127.0.0.1','Mozilla/5.0 (X11; Ubuntu; Linux x86_64; rv:39.0) Gecko/20100101 Firefox/39.0','/kcfw/a/sys/dict/save','POST','id=&value=2&label=实用新型&type=PATENT_TYPE&description=专利类型&sort=20&remarks=',''),('0b36cb43946e45e5b95e806793b09247','1','系统设置-机构用户-用户管理-查看','1','2016-11-22 11:32:37','192.168.7.1','Mozilla/5.0 (Windows NT 6.1; WOW64) AppleWebKit/537.36 (KHTML, like Gecko) Chrome/54.0.2840.99 Safari/537.36','/kcfw/a/sys/user/list','GET','',''),('0b47e86891b04e8b86e3382a56cef20b','1','我的面板-个人信息-个人信息','1','2016-11-20 17:43:08','127.0.0.1','Mozilla/5.0 (X11; Ubuntu; Linux x86_64; rv:39.0) Gecko/20100101 Firefox/39.0','/kcfw/a/sys/user/info','GET','',''),('0b8c6adb2dbf4637af8555a25ba2080d','1','系统设置-机构用户-区域管理','1','2016-11-22 10:45:57','192.168.7.1','Mozilla/5.0 (Windows NT 6.1; WOW64) AppleWebKit/537.36 (KHTML, like Gecko) Chrome/54.0.2840.99 Safari/537.36','/kcfw/a/sys/area/','GET','',''),('0bbd86fe90aa4838b8161c99e5200ff0','1','我的面板-个人信息-个人信息','1','2016-11-22 23:08:28','192.168.7.1','Mozilla/5.0 (Windows NT 6.1; WOW64) AppleWebKit/537.36 (KHTML, like Gecko) Chrome/54.0.2840.99 Safari/537.36','/kcfw/a/sys/user/info','GET','',''),('0bcc04d19f1b4af5833a0fff72c12bff','1','在线办公-流程管理-流程管理','1','2016-11-18 15:39:56','127.0.0.1','Mozilla/5.0 (X11; Ubuntu; Linux x86_64; rv:39.0) Gecko/20100101 Firefox/39.0','/kcfw/a/act/process','GET','',''),('0c15827920d041f0882b28435c1c58a8','1','系统设置-机构用户-用户管理-修改','1','2016-11-22 15:39:54','192.168.7.1','Mozilla/5.0 (Windows NT 6.1; WOW64) AppleWebKit/537.36 (KHTML, like Gecko) Chrome/54.0.2840.99 Safari/537.36','/kcfw/a/sys/user/checkLoginName','GET','oldLoginName=sd_scb&loginName=sd_scb',''),('0c36ea42febf4f3590cc8042d71e114b','1','系统设置-机构用户-用户管理','1','2016-11-18 15:53:45','127.0.0.1','Mozilla/5.0 (X11; Ubuntu; Linux x86_64; rv:39.0) Gecko/20100101 Firefox/39.0','/kcfw/a/sys/user/index','GET','',''),('0c51f28baa6d48db8f83da3a81bee9b4','1','系统设置-系统设置-字典管理','1','2016-11-22 15:13:18','192.168.7.1','Mozilla/5.0 (Windows NT 6.1; WOW64) AppleWebKit/537.36 (KHTML, like Gecko) Chrome/54.0.2840.99 Safari/537.36','/kcfw/a/sys/dict/','GET','repage=&type=PATENT_STATUS',''),('0cbefd7258b3416e84846730e697461c','1','系统登录','1','2016-11-21 22:40:30','192.168.7.1','Mozilla/5.0 (Windows NT 6.1; WOW64) AppleWebKit/537.36 (KHTML, like Gecko) Chrome/54.0.2840.99 Safari/537.36','/kcfw/a/sch/patent/schPatentAgency','GET','',''),('0ce4a9a667ca4d10a4f4be43b6e3bf83','1','系统设置-系统设置-角色管理','1','2016-11-21 22:12:08','192.168.7.1','Mozilla/5.0 (Windows NT 6.1; WOW64) AppleWebKit/537.36 (KHTML, like Gecko) Chrome/54.0.2840.99 Safari/537.36','/kcfw/a/sys/role/','GET','',''),('0d56af658b564e30b3c5ad5c878e3415','1','系统登录','1','2016-11-18 17:43:20','127.0.0.1','Mozilla/5.0 (X11; Ubuntu; Linux x86_64; rv:39.0) Gecko/20100101 Firefox/39.0','/kcfw/a/oa/testAudit','GET','',''),('0e21127ae11245db93371a7144a22512','1','系统设置-机构用户-用户管理','1','2016-11-22 11:24:13','192.168.7.1','Mozilla/5.0 (Windows NT 6.1; WOW64) AppleWebKit/537.36 (KHTML, like Gecko) Chrome/54.0.2840.99 Safari/537.36','/kcfw/a/sys/user/index','GET','',''),('0e2b2b0345c14b6abfa33658bad7a167','1','系统登录','1','2016-11-19 23:45:04','127.0.0.1','Mozilla/5.0 (X11; Ubuntu; Linux x86_64; rv:39.0) Gecko/20100101 Firefox/39.0','/kcfw/a','GET','login=',''),('0f567223b5f547ad9fffe3e71d38132e','1','系统设置-机构用户-用户管理-查看','1','2016-11-20 17:43:29','127.0.0.1','Mozilla/5.0 (X11; Ubuntu; Linux x86_64; rv:39.0) Gecko/20100101 Firefox/39.0','/kcfw/a/sys/user/list','GET','',''),('0fe000974eb04cd682a038fefa9b9353','1','在线办公-个人办公-请假办理','1','2016-11-18 17:41:32','127.0.0.1','Mozilla/5.0 (X11; Ubuntu; Linux x86_64; rv:39.0) Gecko/20100101 Firefox/39.0','/kcfw/a/oa/leave','GET','',''),('0feb39d95b774a309d260eafc5174a7e','1','在线办公-流程管理-流程管理','1','2016-11-18 17:45:41','127.0.0.1','Mozilla/5.0 (X11; Ubuntu; Linux x86_64; rv:39.0) Gecko/20100101 Firefox/39.0','/kcfw/a/act/process','GET','',''),('0fec7d0ec23144318bef1bd4d3cd54c3','1','系统登录','12','2016-11-18 17:43:54','127.0.0.1','Mozilla/5.0 (X11; Ubuntu; Linux x86_64; rv:39.0) Gecko/20100101 Firefox/39.0','/kcfw/a','GET','login=',''),('105588d02ba248f0ada04c36f1111062','1','系统设置-系统设置-菜单管理','1','2016-11-18 16:47:29','127.0.0.1','Mozilla/5.0 (X11; Ubuntu; Linux x86_64; rv:39.0) Gecko/20100101 Firefox/39.0','/kcfw/a/sys/menu/','GET','',''),('10ae286a9d484b2b9190e71c1e9b2672','1','系统设置-系统设置-角色管理-查看','1','2016-11-22 10:47:29','192.168.7.1','Mozilla/5.0 (Windows NT 6.1; WOW64) AppleWebKit/537.36 (KHTML, like Gecko) Chrome/54.0.2840.99 Safari/537.36','/kcfw/a/sys/role/form','GET','',''),('10c5349c503c437b83f9707acc69adf2','1','系统设置-机构用户-用户管理-查看','1','2016-11-18 17:31:08','127.0.0.1','Mozilla/5.0 (X11; Ubuntu; Linux x86_64; rv:39.0) Gecko/20100101 Firefox/39.0','/kcfw/a/sys/user/list','GET','office.id=8&office.name=公司领导',''),('10d0a1b8745e465197165005494e4ac8','1','在线办公-个人办公-我的任务','12','2016-11-18 17:44:41','127.0.0.1','Mozilla/5.0 (X11; Ubuntu; Linux x86_64; rv:39.0) Gecko/20100101 Firefox/39.0','/kcfw/a/act/task/todo/','GET','',''),('115e3541dc824e2282f5154e919f23cb','1','系统登录','1','2016-11-18 16:08:12','127.0.0.1','Mozilla/5.0 (X11; Ubuntu; Linux x86_64; rv:39.0) Gecko/20100101 Firefox/39.0','/kcfw/a/sys/user/list','GET','office.id=3&office.name=ç»¼åé¨',''),('119da0b557674388ad15f31f19c380a0','1','我的面板-个人信息-个人信息','1','2016-11-22 11:32:34','192.168.7.1','Mozilla/5.0 (Windows NT 6.1; WOW64) AppleWebKit/537.36 (KHTML, like Gecko) Chrome/54.0.2840.99 Safari/537.36','/kcfw/a/sys/user/info','GET','',''),('119f5d99ea104104b9045eeddd5f39d7','1','系统设置-机构用户-用户管理-查看','1','2016-11-18 15:42:09','127.0.0.1','Mozilla/5.0 (X11; Ubuntu; Linux x86_64; rv:39.0) Gecko/20100101 Firefox/39.0','/kcfw/a/sys/user/list','GET','',''),('11c4ae937e57432fb4f4f98ad28dccfc','1','系统登录','1','2016-11-20 18:19:39','127.0.0.1','Mozilla/5.0 (X11; Ubuntu; Linux x86_64; rv:39.0) Gecko/20100101 Firefox/39.0','/kcfw/a/sch/patent/schPatentUnder/','GET','',''),('11d3456b0747412faf8f533c3cd831ec','1','系统设置-系统设置-菜单管理-查看','1','2016-11-20 17:40:03','127.0.0.1','Mozilla/5.0 (X11; Ubuntu; Linux x86_64; rv:39.0) Gecko/20100101 Firefox/39.0','/kcfw/a/sys/menu/form','GET','id=74',''),('11e072fc326a4e77a45e2c0452d3f5b6','1','系统设置-机构用户-用户管理-修改','1','2016-11-22 15:39:34','192.168.7.1','Mozilla/5.0 (Windows NT 6.1; WOW64) AppleWebKit/537.36 (KHTML, like Gecko) Chrome/54.0.2840.99 Safari/537.36','/kcfw/a/sys/user/save','POST','id=3&photo=&company.id=1&company.name=厦门理工学院&office.id=3&office.name=研究生学院&no=0003&name=sd_zhb&oldLoginName=sd_zhb&loginName=sd_zhb&newPassword=&confirmNewPassword=&email=&phone=&mobile=&loginFlag=1&userType=&roleIdList=2&_roleIdList=on&remarks=',''),('128cd7c260d9444082facea4b842582b','1','系统设置-系统设置-字典管理-查看','1','2016-11-20 00:09:59','127.0.0.1','Mozilla/5.0 (X11; Ubuntu; Linux x86_64; rv:39.0) Gecko/20100101 Firefox/39.0','/kcfw/a/sys/dict/form','GET','description=发明&type=PATENT_TYPE&sort=20',''),('12b4cb9d28df4952ac3016ae9e627a26','1','系统设置-机构用户-用户管理-修改','1','2016-11-22 11:36:21','192.168.7.1','Mozilla/5.0 (Windows NT 6.1; WOW64) AppleWebKit/537.36 (KHTML, like Gecko) Chrome/54.0.2840.99 Safari/537.36','/kcfw/a/sys/user/checkLoginName','GET','oldLoginName=testp2&loginName=testp2',''),('12d4b661599445c68567de8739761b73','1','在线办公-流程管理-流程管理','1','2016-11-18 17:45:28','127.0.0.1','Mozilla/5.0 (X11; Ubuntu; Linux x86_64; rv:39.0) Gecko/20100101 Firefox/39.0','/kcfw/a/act/process','GET','',''),('1356a59c81e349d3b9cecf5b792cec48','1','系统设置-系统设置-字典管理-修改','1','2016-11-20 17:13:36','127.0.0.1','Mozilla/5.0 (X11; Ubuntu; Linux x86_64; rv:39.0) Gecko/20100101 Firefox/39.0','/kcfw/a/sys/dict/save','POST','id=&value=2&label=学生&type=INVENTOR_TYPE&description=发明人类型&sort=20&remarks=',''),('13b81057a464444cb84aae6647f53120','1','系统设置-机构用户-用户管理-查看','1','2016-11-18 17:43:25','127.0.0.1','Mozilla/5.0 (X11; Ubuntu; Linux x86_64; rv:39.0) Gecko/20100101 Firefox/39.0','/kcfw/a/sys/user/list','GET','',''),('140f2ab9dcbf4ff8876e5a304e4994cf','1','知识产权-专利申报-专利机构信息','1','2016-11-22 22:58:41','192.168.7.1','Mozilla/5.0 (Windows NT 6.1; WOW64) AppleWebKit/537.36 (KHTML, like Gecko) Chrome/54.0.2840.99 Safari/537.36','/kcfw/a/sch/patent/schPatentAgency','GET','',''),('14363c14afb9458a9f1e05a8001d2509','1','我的面板-个人信息-个人信息','1','2016-11-22 22:56:35','192.168.7.1','Mozilla/5.0 (Windows NT 6.1; WOW64) AppleWebKit/537.36 (KHTML, like Gecko) Chrome/54.0.2840.99 Safari/537.36','/kcfw/a/sys/user/info','GET','',''),('1454f1315eac41c994e16d3bbe3ea5d7','1','系统设置-机构用户-用户管理-查看','1','2016-11-18 15:42:43','127.0.0.1','Mozilla/5.0 (X11; Ubuntu; Linux x86_64; rv:39.0) Gecko/20100101 Firefox/39.0','/kcfw/a/sys/user/list','GET','repage=',''),('14adffdc49f1442d88f61b3c800daee2','1','系统设置-机构用户-区域管理-查看','1','2016-11-22 10:45:59','192.168.7.1','Mozilla/5.0 (Windows NT 6.1; WOW64) AppleWebKit/537.36 (KHTML, like Gecko) Chrome/54.0.2840.99 Safari/537.36','/kcfw/a/sys/area/form','GET','id=4',''),('155273b309ef49de99a7c9f03c050307','1','系统设置-机构用户-用户管理-查看','1','2016-11-18 17:31:03','127.0.0.1','Mozilla/5.0 (X11; Ubuntu; Linux x86_64; rv:39.0) Gecko/20100101 Firefox/39.0','/kcfw/a/sys/user/list','GET','',''),('158a72d7e4ad43c5a84bc96e568e055e','1','系统登录','1','2016-11-18 16:43:53','127.0.0.1','Mozilla/5.0 (X11; Ubuntu; Linux x86_64; rv:39.0) Gecko/20100101 Firefox/39.0','/kcfw/a','GET','login=',''),('15a4e80ac6c1418a9fa18984294de833','1','系统设置-系统设置-菜单管理','1','2016-11-22 14:46:14','192.168.7.1','Mozilla/5.0 (Windows NT 6.1; WOW64) AppleWebKit/537.36 (KHTML, like Gecko) Chrome/54.0.2840.99 Safari/537.36','/kcfw/a/sys/menu/','GET','',''),('15f52f556e0a483c9a7baeec4193029e','1','内容管理-内容管理-内容发布','1','2016-11-20 17:53:35','127.0.0.1','Mozilla/5.0 (X11; Ubuntu; Linux x86_64; rv:39.0) Gecko/20100101 Firefox/39.0','/kcfw/a/cms/','GET','',''),('167e62c2fcb448c4add2c965f33a4433','1','知识产权-专利申报-专利机构信息','1','2016-11-22 14:46:17','192.168.7.1','Mozilla/5.0 (Windows NT 6.1; WOW64) AppleWebKit/537.36 (KHTML, like Gecko) Chrome/54.0.2840.99 Safari/537.36','/kcfw/a/sch/patent/schPatentAgency','GET','',''),('16e46c60891f454b8e71c32c73853815','1','系统设置-系统设置-字典管理-修改','1','2016-11-22 15:13:18','192.168.7.1','Mozilla/5.0 (Windows NT 6.1; WOW64) AppleWebKit/537.36 (KHTML, like Gecko) Chrome/54.0.2840.99 Safari/537.36','/kcfw/a/sys/dict/save','POST','id=&value=1&label=新增&type=PATENT_STATUS&description=专利申请状态&sort=10&remarks=',''),('16e6405f2c0b44d0b66984fd568c1044','1','系统设置-系统设置-角色管理-修改','1','2016-11-20 17:42:59','127.0.0.1','Mozilla/5.0 (X11; Ubuntu; Linux x86_64; rv:39.0) Gecko/20100101 Firefox/39.0','/kcfw/a/sys/role/save','POST','id=1&office.id=2&office.name=公司领导&oldName=系统管理员&name=系统管理员&oldEnname=dept&enname=dept&roleType=assignment&sysData=1&useable=1&dataScope=1&menuIds=1,27,28,29,30,71,56,57,58,59,62,88,89,90,63,73,74,64,65,66,69,70,72,31,40,41,42,43,44,45,46,47,48...&officeIds=&remarks=',''),('175b04db408a412a8aa9e6ed8ffa7f78','1','系统设置-机构用户-用户管理','1','2016-11-18 17:43:23','127.0.0.1','Mozilla/5.0 (X11; Ubuntu; Linux x86_64; rv:39.0) Gecko/20100101 Firefox/39.0','/kcfw/a/sys/user/index','GET','',''),('175cea659bdc4edd808d23545ba51708','1','我的面板-个人信息-个人信息','1','2016-11-20 18:12:05','192.168.7.1','Mozilla/5.0 (Windows NT 6.1; WOW64) AppleWebKit/537.36 (KHTML, like Gecko) Chrome/54.0.2840.99 Safari/537.36','/kcfw/a/sys/user/info','GET','',''),('1782ed1f71404a08ab6bbcaff9496c7a','1','系统设置-系统设置-字典管理-查看','1','2016-11-22 15:13:39','192.168.7.1','Mozilla/5.0 (Windows NT 6.1; WOW64) AppleWebKit/537.36 (KHTML, like Gecko) Chrome/54.0.2840.99 Safari/537.36','/kcfw/a/sys/dict/form','GET','description=专利申请状态&type=PATENT_STATUS&sort=40',''),('178ad0fff8e34d1caadd5c3b919d9d37','1','系统设置-机构用户-用户管理-查看','1','2016-11-21 16:27:11','192.168.7.1','Mozilla/5.0 (Windows NT 6.1; WOW64) AppleWebKit/537.36 (KHTML, like Gecko) Chrome/54.0.2840.99 Safari/537.36','/kcfw/a/sys/user/list','GET','',''),('17925c4d84134e14a1cc731332d7330c','1','系统登录','1','2016-11-21 16:21:11','192.168.7.1','Mozilla/5.0 (Windows NT 6.1; WOW64) AppleWebKit/537.36 (KHTML, like Gecko) Chrome/54.0.2840.99 Safari/537.36','/kcfw/a/gen/genScheme','GET','',''),('17b244c7d96d434f8d870423b42bda59','1','系统登录','1','2016-11-22 16:08:18','192.168.7.1','Mozilla/5.0 (Windows NT 6.1; WOW64) AppleWebKit/537.36 (KHTML, like Gecko) Chrome/54.0.2840.99 Safari/537.36','/kcfw/a/sch/patent/schPatentUnder/','GET','',''),('17d9f03fee904724af0c4d8ba4824d18','1','内容管理-内容管理','1','2016-11-18 15:36:09','127.0.0.1','Mozilla/5.0 (X11; Ubuntu; Linux x86_64; rv:39.0) Gecko/20100101 Firefox/39.0','/kcfw/a/cms/none','GET','',''),('18a829d138124772823f5cb4f4f7e4bd','1','代码生成-代码生成-业务表配置','1','2016-11-20 00:06:56','127.0.0.1','Mozilla/5.0 (X11; Ubuntu; Linux x86_64; rv:39.0) Gecko/20100101 Firefox/39.0','/kcfw/a/gen/genTable','GET','',''),('18cacdf408b54bebba80681a3395f573','1','系统设置-机构用户-用户管理-修改','1','2016-11-18 15:42:43','127.0.0.1','Mozilla/5.0 (X11; Ubuntu; Linux x86_64; rv:39.0) Gecko/20100101 Firefox/39.0','/kcfw/a/sys/user/save','POST','id=36ba3cc834ad4fa9a00cea224296b154&photo=&company.id=1&company.name=山东省总公司&office.id=2&office.name=公司领导&no=thinkgem&name=thinkgem&oldLoginName=thinkgem&loginName=thinkgem&newPassword=&confirmNewPassword=&email=&phone=&mobile=&loginFlag=1&userType=&roleIdList=2&_roleIdList=on&remarks=',''),('1942b8b1255147c0a84bb762ddae9fc8','1','知识产权-专利申报-专利机构信息','1','2016-11-22 15:15:45','192.168.7.1','Mozilla/5.0 (Windows NT 6.1; WOW64) AppleWebKit/537.36 (KHTML, like Gecko) Chrome/54.0.2840.99 Safari/537.36','/kcfw/a/sch/patent/schPatentAgency','GET','',''),('196af039cbe3456da717a98f040217e8','1','知识产权-专利申报-专利申报（本科生）','1','2016-11-20 17:51:20','127.0.0.1','Mozilla/5.0 (X11; Ubuntu; Linux x86_64; rv:39.0) Gecko/20100101 Firefox/39.0','/kcfw/a/sch/patent/schPatentUnder','GET','',''),('19b14f884c56498e848457e652208e55','1','系统设置-机构用户-用户管理','1','2016-11-22 15:36:07','192.168.7.1','Mozilla/5.0 (Windows NT 6.1; WOW64) AppleWebKit/537.36 (KHTML, like Gecko) Chrome/54.0.2840.99 Safari/537.36','/kcfw/a/sys/user/index','GET','',''),('19c4cd4430be4031b72f8fafdee59753','1','知识产权-专利申报-专利机构信息','1','2016-11-22 13:01:10','192.168.7.1','Mozilla/5.0 (Windows NT 6.1; WOW64) AppleWebKit/537.36 (KHTML, like Gecko) Chrome/54.0.2840.99 Safari/537.36','/kcfw/a/sch/patent/schPatentAgency','GET','',''),('1a2e89adc3d2471facb889cac5b9cada','1','系统登录','a4503bc102414accb576d9eeb3383358','2016-11-22 11:26:56','192.168.7.1','Mozilla/5.0 (Windows NT 6.1; WOW64) AppleWebKit/537.36 (KHTML, like Gecko) Chrome/54.0.2840.99 Safari/537.36','/kcfw/a','GET','login=',''),('1afb2bfea04148de95678d30db6a70ef','1','我的面板-个人信息-个人信息','1','2016-11-22 14:46:17','192.168.7.1','Mozilla/5.0 (Windows NT 6.1; WOW64) AppleWebKit/537.36 (KHTML, like Gecko) Chrome/54.0.2840.99 Safari/537.36','/kcfw/a/sys/user/info','GET','',''),('1b510af5bb2142a0ba5b4e603393b947','1','系统登录','7','2016-11-18 17:39:22','127.0.0.1','Mozilla/5.0 (X11; Ubuntu; Linux x86_64; rv:39.0) Gecko/20100101 Firefox/39.0','/kcfw/a/act/model','GET','',''),('1c2455d599f74a6997043648d2901c00','1','系统设置-机构用户-机构管理-修改','1','2016-11-22 15:37:51','192.168.7.1','Mozilla/5.0 (Windows NT 6.1; WOW64) AppleWebKit/537.36 (KHTML, like Gecko) Chrome/54.0.2840.99 Safari/537.36','/kcfw/a/sys/office/save','POST','id=6&parent.id=1&parent.name=厦门理工学院&area.id=2&area.name=福建省&name=商学院&code=100005&type=2&grade=1&useable=1&primaryPerson.id=&office.primaryPerson.name=&deputyPerson.id=&office.deputyPerson.name=&address=&zipCode=&master=&phone=&fax=&email=&remarks=',''),('1c2be441b66248de852153eadd06dcb9','1','知识产权-专利申报-专利机构信息','5d0d8cb981504fc09195a8c28dd19cc8','2016-11-22 11:37:19','192.168.7.1','Mozilla/5.0 (Windows NT 6.1; WOW64) AppleWebKit/537.36 (KHTML, like Gecko) Chrome/54.0.2840.99 Safari/537.36','/kcfw/a/sch/patent/schPatentAgency','GET','',''),('1c6a0d2d46204af7abd3dcc7a1a4b444','1','系统设置-系统设置-角色管理','1','2016-11-22 10:47:19','192.168.7.1','Mozilla/5.0 (Windows NT 6.1; WOW64) AppleWebKit/537.36 (KHTML, like Gecko) Chrome/54.0.2840.99 Safari/537.36','/kcfw/a/sys/role/','GET','',''),('1cbf981de8564a4ab9dbf94f68a5a06d','1','我的面板-个人信息-个人信息','1','2016-11-22 23:21:31','192.168.7.1','Mozilla/5.0 (Windows NT 6.1; WOW64) AppleWebKit/537.36 (KHTML, like Gecko) Chrome/54.0.2840.99 Safari/537.36','/kcfw/a/sys/user/info','GET','',''),('1d23b423430f46e78865a2cfd881a835','1','在线办公-个人办公-我的任务','36ba3cc834ad4fa9a00cea224296b154','2016-11-18 15:43:40','127.0.0.1','Mozilla/5.0 (X11; Ubuntu; Linux x86_64; rv:39.0) Gecko/20100101 Firefox/39.0','/kcfw/a/act/task/todo/','GET','',''),('1d48575ed72a4b82a5f14d0a9e7e7a0d','1','系统登录','1','2016-11-20 00:00:09','127.0.0.1','Mozilla/5.0 (X11; Ubuntu; Linux x86_64; rv:39.0) Gecko/20100101 Firefox/39.0','/kcfw/a/gen/genTable','GET','',''),('1d4f9845eeeb42988a30fa96cf8ae604','1','在线办公-流程管理-模型管理','1','2016-11-18 17:45:04','127.0.0.1','Mozilla/5.0 (X11; Ubuntu; Linux x86_64; rv:39.0) Gecko/20100101 Firefox/39.0','/kcfw/a/act/model','GET','',''),('1d734f8b0f594403b2d70d041d7a2af1','1','系统设置-系统设置-菜单管理','1','2016-11-20 17:43:31','127.0.0.1','Mozilla/5.0 (X11; Ubuntu; Linux x86_64; rv:39.0) Gecko/20100101 Firefox/39.0','/kcfw/a/sys/menu/','GET','',''),('1d7f167cbf5d4d519fbb7a420214d153','1','在线办公-个人办公-审批测试','7','2016-11-18 17:31:40','127.0.0.1','Mozilla/5.0 (X11; Ubuntu; Linux x86_64; rv:39.0) Gecko/20100101 Firefox/39.0','/kcfw/a/oa/testAudit','GET','',''),('1ddf934061af4ca9a4f43b7212d73a31','1','系统设置-系统设置-角色管理-查看','1','2016-11-20 17:42:48','127.0.0.1','Mozilla/5.0 (X11; Ubuntu; Linux x86_64; rv:39.0) Gecko/20100101 Firefox/39.0','/kcfw/a/sys/role/form','GET','id=1',''),('1df928faff8e4a75845bf1dfa4119699','1','在线办公-个人办公-我的任务','1','2016-11-18 17:27:44','127.0.0.1','Mozilla/5.0 (X11; Ubuntu; Linux x86_64; rv:39.0) Gecko/20100101 Firefox/39.0','/kcfw/a/act/task/todo/','GET','',''),('1e2447e231334fe6978d605e3b349db5','1','在线办公-个人办公-审批测试','1','2016-11-18 15:39:13','127.0.0.1','Mozilla/5.0 (X11; Ubuntu; Linux x86_64; rv:39.0) Gecko/20100101 Firefox/39.0','/kcfw/a/oa/testAudit','GET','',''),('1e2b339755bd49b8855b851697de087b','1','系统设置-系统设置-菜单管理','1','2016-11-21 16:28:14','192.168.7.1','Mozilla/5.0 (Windows NT 6.1; WOW64) AppleWebKit/537.36 (KHTML, like Gecko) Chrome/54.0.2840.99 Safari/537.36','/kcfw/a/sys/menu/','GET','',''),('1e300d3db44c4a60b596370ba3acb074','1','系统登录','1','2016-11-20 00:06:55','127.0.0.1','Mozilla/5.0 (X11; Ubuntu; Linux x86_64; rv:39.0) Gecko/20100101 Firefox/39.0','/kcfw/a/gen/genTable','GET','',''),('1e5c4bab74dc46d8a8117709251d659a','1','系统设置-系统设置-菜单管理','1','2016-11-21 16:27:13','192.168.7.1','Mozilla/5.0 (Windows NT 6.1; WOW64) AppleWebKit/537.36 (KHTML, like Gecko) Chrome/54.0.2840.99 Safari/537.36','/kcfw/a/sys/menu/','GET','',''),('1e6c4b5d836948cea5dbf6d313200ba6','1','我的面板-个人信息-个人信息','1','2016-11-18 15:21:41','127.0.0.1','Mozilla/5.0 (X11; Ubuntu; Linux x86_64; rv:39.0) Gecko/20100101 Firefox/39.0','/kcfw/a/sys/user/info','GET','',''),('1e96828fea8c49d78a600b48666d42bd','1','在线办公-个人办公-审批测试','1','2016-11-18 17:27:29','127.0.0.1','Mozilla/5.0 (X11; Ubuntu; Linux x86_64; rv:39.0) Gecko/20100101 Firefox/39.0','/kcfw/a/oa/testAudit','GET','',''),('1f43a169544340fcb5adcdeba32f06d7','1','系统设置-机构用户-用户管理-修改','1','2016-11-22 15:39:42','192.168.7.1','Mozilla/5.0 (Windows NT 6.1; WOW64) AppleWebKit/537.36 (KHTML, like Gecko) Chrome/54.0.2840.99 Safari/537.36','/kcfw/a/sys/user/save','POST','id=3&photo=&company.id=1&company.name=厦门理工学院&office.id=3&office.name=研究生学院&no=0003&name=yjs&oldLoginName=sd_zhb&loginName=sd_zhb&newPassword=&confirmNewPassword=&email=&phone=&mobile=&loginFlag=1&userType=&roleIdList=2&_roleIdList=on&remarks=',''),('1f967b8f15924e59a426c8efce61f4c2','1','系统设置-机构用户-用户管理-查看','1','2016-11-22 15:39:56','192.168.7.1','Mozilla/5.0 (Windows NT 6.1; WOW64) AppleWebKit/537.36 (KHTML, like Gecko) Chrome/54.0.2840.99 Safari/537.36','/kcfw/a/sys/user/form','GET','id=5',''),('1f9db8769f2b4ae3bebd71384f021c0f','1','系统登录','1','2016-11-22 16:02:13','192.168.7.1','Mozilla/5.0 (Windows NT 6.1; WOW64) AppleWebKit/537.36 (KHTML, like Gecko) Chrome/54.0.2840.99 Safari/537.36','/kcfw/a/sch/patent/schPatentUnder/form','GET','',''),('1f9f3f10af1049d698a28373da07ba00','1','系统登录','1','2016-11-22 14:55:23','192.168.7.1','Mozilla/5.0 (Windows NT 6.1; WOW64) AppleWebKit/537.36 (KHTML, like Gecko) Chrome/54.0.2840.99 Safari/537.36','/kcfw/a/sch/patent/schPatentUnder','GET','',''),('202b1d64d6744d94a78352835cb012ca','1','在线办公-个人办公-审批测试','1','2016-11-18 17:28:32','127.0.0.1','Mozilla/5.0 (X11; Ubuntu; Linux x86_64; rv:39.0) Gecko/20100101 Firefox/39.0','/kcfw/a/oa/testAudit','GET','',''),('204dc35456874b89a64282e37e8ee96f','1','知识产权-专利申报-专利机构信息','1','2016-11-21 23:03:48','192.168.7.1','Mozilla/5.0 (Windows NT 6.1; WOW64) AppleWebKit/537.36 (KHTML, like Gecko) Chrome/54.0.2840.99 Safari/537.36','/kcfw/a/sch/patent/schPatentAgency','GET','',''),('212f552f8e4642ec903e79120005bb02','1','系统设置-机构用户-用户管理-查看','1','2016-11-18 17:02:55','127.0.0.1','Mozilla/5.0 (X11; Ubuntu; Linux x86_64; rv:39.0) Gecko/20100101 Firefox/39.0','/kcfw/a/sys/user/list','GET','',''),('219ef12d6c9c4e8caded12f613e8eaa2','1','系统设置-机构用户-用户管理-查看','1','2016-11-22 11:24:21','192.168.7.1','Mozilla/5.0 (Windows NT 6.1; WOW64) AppleWebKit/537.36 (KHTML, like Gecko) Chrome/54.0.2840.99 Safari/537.36','/kcfw/a/sys/user/list','GET','',''),('21d559294fe443a1a7aed86a51e36a87','1','我的面板-个人信息-个人信息','1','2016-11-21 16:28:39','192.168.7.1','Mozilla/5.0 (Windows NT 6.1; WOW64) AppleWebKit/537.36 (KHTML, like Gecko) Chrome/54.0.2840.99 Safari/537.36','/kcfw/a/sys/user/info','GET','',''),('21f003782cd5430387e4ad47c02c4218','1','知识产权-专利申报-专利申报管理','1','2016-11-22 16:20:41','192.168.7.1','Mozilla/5.0 (Windows NT 6.1; WOW64) AppleWebKit/537.36 (KHTML, like Gecko) Chrome/54.0.2840.99 Safari/537.36','/kcfw/a/sch/patent/schPatentUnder','GET','',''),('220f681c97434435af29bca68898efb7','1','知识产权-专利申报-专利机构信息','1','2016-11-21 22:40:30','192.168.7.1','Mozilla/5.0 (Windows NT 6.1; WOW64) AppleWebKit/537.36 (KHTML, like Gecko) Chrome/54.0.2840.99 Safari/537.36','/kcfw/a/sch/patent/schPatentAgency','GET','',''),('2241d5d390b14961a7c724c8741cfeb7','1','系统设置-系统设置-字典管理','1','2016-11-22 15:13:44','192.168.7.1','Mozilla/5.0 (Windows NT 6.1; WOW64) AppleWebKit/537.36 (KHTML, like Gecko) Chrome/54.0.2840.99 Safari/537.36','/kcfw/a/sys/dict/','GET','repage=&type=PATENT_STATUS',''),('23829dcf481c48b9a5110e42a10f7343','1','在线办公-个人办公-我的任务','36ba3cc834ad4fa9a00cea224296b154','2016-11-18 15:43:32','127.0.0.1','Mozilla/5.0 (X11; Ubuntu; Linux x86_64; rv:39.0) Gecko/20100101 Firefox/39.0','/kcfw/a/act/task/todo/','GET','',''),('23ab3de2c57c49d787c0ddd7ec1dcc4f','1','系统设置-机构用户-机构管理','1','2016-11-19 23:45:11','127.0.0.1','Mozilla/5.0 (X11; Ubuntu; Linux x86_64; rv:39.0) Gecko/20100101 Firefox/39.0','/kcfw/a/sys/office/','GET','',''),('23c1074740c6476eb74cefaaa4c7fb4c','1','系统设置-系统设置-字典管理-修改','1','2016-11-22 15:13:36','192.168.7.1','Mozilla/5.0 (Windows NT 6.1; WOW64) AppleWebKit/537.36 (KHTML, like Gecko) Chrome/54.0.2840.99 Safari/537.36','/kcfw/a/sys/dict/save','POST','id=&value=3&label=审核通过&type=PATENT_STATUS&description=专利申请状态&sort=30&remarks=',''),('23fdcc6b3d3346e0b869f4787dbc883b','1','系统设置-机构用户-机构管理-查看','1','2016-11-19 23:45:13','127.0.0.1','Mozilla/5.0 (X11; Ubuntu; Linux x86_64; rv:39.0) Gecko/20100101 Firefox/39.0','/kcfw/a/sys/office/list','GET','id=&parentIds=',''),('244ca158a8a043558a2359a7a2099235','1','系统设置-机构用户-用户管理','1','2016-11-18 16:57:33','127.0.0.1','Mozilla/5.0 (X11; Ubuntu; Linux x86_64; rv:39.0) Gecko/20100101 Firefox/39.0','/kcfw/a/sys/user/index','GET','',''),('24b1ba3b84f1447dad84ac85d3aa2ad9','1','系统设置-机构用户-机构管理','1','2016-11-21 16:24:10','192.168.7.1','Mozilla/5.0 (Windows NT 6.1; WOW64) AppleWebKit/537.36 (KHTML, like Gecko) Chrome/54.0.2840.99 Safari/537.36','/kcfw/a/sys/office/','GET','',''),('255168b1dbdf4e3383b686b23592418b','1','代码生成-代码生成-业务表配置','1','2016-11-21 16:15:05','192.168.7.1','Mozilla/5.0 (Windows NT 6.1; WOW64) AppleWebKit/537.36 (KHTML, like Gecko) Chrome/54.0.2840.99 Safari/537.36','/kcfw/a/gen/genTable','GET','',''),('25c2f308b2ea477fbe19f172a2254cf4','1','我的面板-个人信息-个人信息','1','2016-11-18 17:44:04','127.0.0.1','Mozilla/5.0 (X11; Ubuntu; Linux x86_64; rv:39.0) Gecko/20100101 Firefox/39.0','/kcfw/a/sys/user/info','GET','',''),('25ddeb0378484482beffc2505555c077','1','知识产权-专利申报-专利机构信息','1','2016-11-21 23:56:57','192.168.7.1','Mozilla/5.0 (Windows NT 6.1; WOW64) AppleWebKit/537.36 (KHTML, like Gecko) Chrome/54.0.2840.99 Safari/537.36','/kcfw/a/sch/patent/schPatentAgency','GET','',''),('25f0266f49714f0ab8fec805d73a098d','1','系统设置-机构用户-机构管理','1','2016-11-22 10:46:26','192.168.7.1','Mozilla/5.0 (Windows NT 6.1; WOW64) AppleWebKit/537.36 (KHTML, like Gecko) Chrome/54.0.2840.99 Safari/537.36','/kcfw/a/sys/office/','GET','',''),('2604f34fb7a84d2096f763286dc575ba','1','系统设置-机构用户-用户管理-查看','1','2016-11-18 16:19:13','127.0.0.1','Mozilla/5.0 (X11; Ubuntu; Linux x86_64; rv:39.0) Gecko/20100101 Firefox/39.0','/kcfw/a/sys/user/list','GET','',''),('26911d9f1bf244988bb671b9192293a8','1','系统设置-机构用户-用户管理-修改','1','2016-11-18 15:42:29','127.0.0.1','Mozilla/5.0 (X11; Ubuntu; Linux x86_64; rv:39.0) Gecko/20100101 Firefox/39.0','/kcfw/a/sys/user/save','POST','id=&photo=&company.id=1&company.name=山东省总公司&office.id=2&office.name=公司领导&no=thinkgem&name=thinkgem&oldLoginName=&loginName=thinkgem&newPassword=&confirmNewPassword=&email=&phone=&mobile=&loginFlag=1&userType=&roleIdList=2&_roleIdList=on&remarks=',''),('26c050abae174cf1a30918e0b658e38d','1','在线办公-流程管理-模型管理','1','2016-11-18 16:51:00','127.0.0.1','Mozilla/5.0 (X11; Ubuntu; Linux x86_64; rv:39.0) Gecko/20100101 Firefox/39.0','/kcfw/a/act/model','GET','',''),('26d8a4f2f4904855866c3bc526aee8be','1','系统登录','5d0d8cb981504fc09195a8c28dd19cc8','2016-11-22 23:21:24','192.168.7.1','Mozilla/5.0 (Windows NT 6.1; WOW64) AppleWebKit/537.36 (KHTML, like Gecko) Chrome/54.0.2840.99 Safari/537.36','/kcfw/a','GET','login=',''),('2706b0b509de43148a06eae812e22d22','1','系统设置-机构用户-用户管理','1','2016-11-18 16:58:23','127.0.0.1','Mozilla/5.0 (X11; Ubuntu; Linux x86_64; rv:39.0) Gecko/20100101 Firefox/39.0','/kcfw/a/sys/user/index','GET','',''),('27352e57fcb0459a85d82f9460370707','1','知识产权-专利申报-专利机构信息','1','2016-11-22 15:51:48','192.168.7.1','Mozilla/5.0 (Windows NT 6.1; WOW64) AppleWebKit/537.36 (KHTML, like Gecko) Chrome/54.0.2840.99 Safari/537.36','/kcfw/a/sch/patent/schPatentAgency','GET','',''),('2737e792f2a1416496c52c4c55954ee1','1','代码生成-代码生成-生成方案配置','1','2016-11-20 17:25:41','127.0.0.1','Mozilla/5.0 (X11; Ubuntu; Linux x86_64; rv:39.0) Gecko/20100101 Firefox/39.0','/kcfw/a/gen/genScheme','GET','',''),('27656be7677247028f1297a5a1af452a','1','系统登录','1','2016-11-22 15:23:58','192.168.7.1','Mozilla/5.0 (Windows NT 6.1; WOW64) AppleWebKit/537.36 (KHTML, like Gecko) Chrome/54.0.2840.99 Safari/537.36','/kcfw/a/tag/treeselect','POST','url=/sys/office/treeData?type=3&module=&checked=&extId=&isAll=&___t0.572579197634645=&selectIds=',''),('282a9052d7b640d6a110631b176d616e','1','系统登录','3950253782ae438d9c402bbd3abfe1e2','2016-11-22 11:33:03','192.168.7.1','Mozilla/5.0 (Windows NT 6.1; WOW64) AppleWebKit/537.36 (KHTML, like Gecko) Chrome/54.0.2840.99 Safari/537.36','/kcfw/a','GET','login=',''),('2852ae34d9e34175b315560ea64e0d20','2','知识产权-专利申报-专利申报（本科生）','1','2016-11-20 23:18:31','192.168.7.1','Mozilla/5.0 (Windows NT 6.1; WOW64) AppleWebKit/537.36 (KHTML, like Gecko) Chrome/54.0.2840.99 Safari/537.36','/kcfw/a/sch/patent/schPatentUnder','GET','','org.apache.jasper.JasperException: javax.el.PropertyNotFoundException: Property \'schAdvisTeacherId\' not found on type com.krazy.kcfw.modules.sch.entity.patent.SchPatentUnder\n	at org.apache.jasper.servlet.JspServletWrapper.handleJspException(JspServletWrapper.java:556)\n	at org.apache.jasper.servlet.JspServletWrapper.service(JspServletWrapper.java:477)\n	at org.apache.jasper.servlet.JspServlet.serviceJspFile(JspServlet.java:395)\n	at org.apache.jasper.servlet.JspServlet.service(JspServlet.java:339)\n	at javax.servlet.http.HttpServlet.service(HttpServlet.java:731)\n	at org.apache.catalina.core.ApplicationFilterChain.internalDoFilter(ApplicationFilterChain.java:303)\n	at org.apache.catalina.core.ApplicationFilterChain.doFilter(ApplicationFilterChain.java:208)\n	at org.apache.tomcat.websocket.server.WsFilter.doFilter(WsFilter.java:52)\n	at org.apache.catalina.core.ApplicationFilterChain.internalDoFilter(ApplicationFilterChain.java:241)\n	at org.apache.catalina.core.ApplicationFilterChain.doFilter(ApplicationFilterChain.java:208)\n	at org.apache.catalina.core.ApplicationDispatcher.invoke(ApplicationDispatcher.java:747)\n	at org.apache.catalina.core.ApplicationDispatcher.processRequest(ApplicationDispatcher.java:485)\n	at org.apache.catalina.core.ApplicationDispatcher.doForward(ApplicationDispatcher.java:410)\n	at org.apache.catalina.core.ApplicationDispatcher.forward(ApplicationDispatcher.java:337)\n	at org.springframework.web.servlet.view.InternalResourceView.renderMergedOutputModel(InternalResourceView.java:168)\n	at org.springframework.web.servlet.view.AbstractView.render(AbstractView.java:303)\n	at org.springframework.web.servlet.DispatcherServlet.render(DispatcherServlet.java:1243)\n	at org.springframework.web.servlet.DispatcherServlet.processDispatchResult(DispatcherServlet.java:1027)\n	at org.springframework.web.servlet.DispatcherServlet.doDispatch(DispatcherServlet.java:971)\n	at org.springframework.web.servlet.DispatcherServlet.doService(DispatcherServlet.java:893)\n	at org.springframework.web.servlet.FrameworkServlet.processRequest(FrameworkServlet.java:965)\n	at org.springframework.web.servlet.FrameworkServlet.doGet(FrameworkServlet.java:856)\n	at javax.servlet.http.HttpServlet.service(HttpServlet.java:624)\n	at org.springframework.web.servlet.FrameworkServlet.service(FrameworkServlet.java:841)\n	at javax.servlet.http.HttpServlet.service(HttpServlet.java:731)\n	at org.apache.catalina.core.ApplicationFilterChain.internalDoFilter(ApplicationFilterChain.java:303)\n	at org.apache.catalina.core.ApplicationFilterChain.doFilter(ApplicationFilterChain.java:208)\n	at org.apache.tomcat.websocket.server.WsFilter.doFilter(WsFilter.java:52)\n	at org.apache.catalina.core.ApplicationFilterChain.internalDoFilter(ApplicationFilterChain.java:241)\n	at org.apache.catalina.core.ApplicationFilterChain.doFilter(ApplicationFilterChain.java:208)\n	at com.opensymphony.sitemesh.webapp.SiteMeshFilter.obtainContent(SiteMeshFilter.java:129)\n	at com.opensymphony.sitemesh.webapp.SiteMeshFilter.doFilter(SiteMeshFilter.java:77)\n	at org.apache.catalina.core.ApplicationFilterChain.internalDoFilter(ApplicationFilterChain.java:241)\n	at org.apache.catalina.core.ApplicationFilterChain.doFilter(ApplicationFilterChain.java:208)\n	at org.apache.shiro.web.servlet.ProxiedFilterChain.doFilter(ProxiedFilterChain.java:61)\n	at org.apache.shiro.web.servlet.AdviceFilter.executeChain(AdviceFilter.java:108)\n	at org.apache.shiro.web.servlet.AdviceFilter.doFilterInternal(AdviceFilter.java:137)\n	at org.apache.shiro.web.servlet.OncePerRequestFilter.doFilter(OncePerRequestFilter.java:125)\n	at org.apache.shiro.web.servlet.ProxiedFilterChain.doFilter(ProxiedFilterChain.java:66)\n	at org.apache.shiro.web.servlet.AbstractShiroFilter.executeChain(AbstractShiroFilter.java:449)\n	at org.apache.shiro.web.servlet.AbstractShiroFilter$1.call(AbstractShiroFilter.java:365)\n	at org.apache.shiro.subject.support.SubjectCallable.doCall(SubjectCallable.java:90)\n	at org.apache.shiro.subject.support.SubjectCallable.call(SubjectCallable.java:83)\n	at org.apache.shiro.subject.support.DelegatingSubject.execute(DelegatingSubject.java:383)\n	at org.apache.shiro.web.servlet.AbstractShiroFilter.doFilterInternal(AbstractShiroFilter.java:362)\n	at org.apache.shiro.web.servlet.OncePerRequestFilter.doFilter(OncePerRequestFilter.java:125)\n	at org.springframework.web.filter.DelegatingFilterProxy.invokeDelegate(DelegatingFilterProxy.java:344)\n	at org.springframework.web.filter.DelegatingFilterProxy.doFilter(DelegatingFilterProxy.java:261)\n	at org.apache.catalina.core.ApplicationFilterChain.internalDoFilter(ApplicationFilterChain.java:241)\n	at org.apache.catalina.core.ApplicationFilterChain.doFilter(ApplicationFilterChain.java:208)\n	at org.springframework.web.filter.CharacterEncodingFilter.doFilterInternal(CharacterEncodingFilter.java:85)\n	at org.springframework.web.filter.OncePerRequestFilter.doFilter(OncePerRequestFilter.java:107)\n	at org.apache.catalina.core.ApplicationFilterChain.internalDoFilter(ApplicationFilterChain.java:241)\n	at org.apache.catalina.core.ApplicationFilterChain.doFilter(ApplicationFilterChain.java:208)\n	at org.apache.catalina.core.StandardWrapperValve.invoke(StandardWrapperValve.java:218)\n	at org.apache.catalina.core.StandardContextValve.invoke(StandardContextValve.java:122)\n	at org.apache.catalina.authenticator.AuthenticatorBase.invoke(AuthenticatorBase.java:505)\n	at org.apache.catalina.core.StandardHostValve.invoke(StandardHostValve.java:169)\n	at org.apache.catalina.valves.ErrorReportValve.invoke(ErrorReportValve.java:103)\n	at org.apache.catalina.valves.AccessLogValve.invoke(AccessLogValve.java:956)\n	at org.apache.catalina.core.StandardEngineValve.invoke(StandardEngineValve.java:116)\n	at org.apache.catalina.connector.CoyoteAdapter.service(CoyoteAdapter.java:442)\n	at org.apache.coyote.http11.AbstractHttp11Processor.process(AbstractHttp11Processor.java:1082)\n	at org.apache.coyote.AbstractProtocol$AbstractConnectionHandler.process(AbstractProtocol.java:623)\n	at org.apache.tomcat.util.net.JIoEndpoint$SocketProcessor.run(JIoEndpoint.java:318)\n	at java.util.concurrent.ThreadPoolExecutor.runWorker(ThreadPoolExecutor.java:1142)\n	at java.util.concurrent.ThreadPoolExecutor$Worker.run(ThreadPoolExecutor.java:617)\n	at org.apache.tomcat.util.threads.TaskThread$WrappingRunnable.run(TaskThread.java:61)\n	at java.lang.Thread.run(Thread.java:745)\nCaused by: javax.el.PropertyNotFoundException: Property \'schAdvisTeacherId\' not found on type com.krazy.kcfw.modules.sch.entity.patent.SchPatentUnder\n	at javax.el.BeanELResolver$BeanProperties.get(BeanELResolver.java:290)\n	at javax.el.BeanELResolver$BeanProperties.access$300(BeanELResolver.java:243)\n	at javax.el.BeanELResolver.property(BeanELResolver.java:377)\n	at javax.el.BeanELResolver.getValue(BeanELResolver.java:97)\n	at org.apache.jasper.el.JasperELResolver.getValue(JasperELResolver.java:104)\n	at org.apache.el.parser.AstValue.getValue(AstValue.java:184)\n	at org.apache.el.ValueExpressionImpl.getValue(ValueExpressionImpl.java:184)\n	at org.apache.jasper.runtime.PageContextImpl.proprietaryEvaluate(PageContextImpl.java:950)\n	at org.apache.jsp.WEB_002dINF.views.modules.sch.patent.schPatentUnderList_jsp._jspx_meth_sys_005ftreeselect_005f0(schPatentUnderList_jsp.java:548)\n	at org.apache.jsp.WEB_002dINF.views.modules.sch.patent.schPatentUnderList_jsp._jspService(schPatentUnderList_jsp.java:278)\n	at org.apache.jasper.runtime.HttpJspBase.service(HttpJspBase.java:70)\n	at javax.servlet.http.HttpServlet.service(HttpServlet.java:731)\n	at org.apache.jasper.servlet.JspServletWrapper.service(JspServletWrapper.java:439)\n	... 67 more\n'),('2916926b4dae49cfb144c85265977a76','1','知识产权-专利申报-专利机构信息','1','2016-11-22 23:15:26','192.168.7.1','Mozilla/5.0 (Windows NT 6.1; WOW64) AppleWebKit/537.36 (KHTML, like Gecko) Chrome/54.0.2840.99 Safari/537.36','/kcfw/a/sch/patent/schPatentAgency','GET','',''),('29a76c0189be47d18062f61390912e2a','1','系统设置-机构用户-用户管理-查看','1','2016-11-18 16:21:53','127.0.0.1','Mozilla/5.0 (X11; Ubuntu; Linux x86_64; rv:39.0) Gecko/20100101 Firefox/39.0','/kcfw/a/sys/user/list','GET','office.id=4&office.name=å¸åºé¨',''),('29b2c0df863c4242814dd6a9afb2116e','1','知识产权-专利申报-专利机构信息','1','2016-11-21 22:56:23','192.168.7.1','Mozilla/5.0 (Windows NT 6.1; WOW64) AppleWebKit/537.36 (KHTML, like Gecko) Chrome/54.0.2840.99 Safari/537.36','/kcfw/a/sch/patent/schPatentAgency','GET','',''),('29bbb0dcce634d64a3a60f231dcb42e4','1','我的面板-个人信息-个人信息','1','2016-11-21 22:05:31','192.168.7.1','Mozilla/5.0 (Windows NT 6.1; WOW64) AppleWebKit/537.36 (KHTML, like Gecko) Chrome/54.0.2840.99 Safari/537.36','/kcfw/a/sys/user/info','GET','',''),('29ee7567b9204fb7aabb0758d3859cea','1','在线办公-个人办公-审批测试','1','2016-11-19 23:57:11','127.0.0.1','Mozilla/5.0 (X11; Ubuntu; Linux x86_64; rv:39.0) Gecko/20100101 Firefox/39.0','/kcfw/a/oa/testAudit','GET','',''),('2a08659c16654774a67ecc847a65f184','1','系统设置-系统设置-角色管理-查看','1','2016-11-18 17:44:22','127.0.0.1','Mozilla/5.0 (X11; Ubuntu; Linux x86_64; rv:39.0) Gecko/20100101 Firefox/39.0','/kcfw/a/sys/role/form','GET','id=4',''),('2a2c7b51b51347008270e7f413f2e0d9','1','系统设置-机构用户-机构管理-查看','1','2016-11-22 10:45:31','192.168.7.1','Mozilla/5.0 (Windows NT 6.1; WOW64) AppleWebKit/537.36 (KHTML, like Gecko) Chrome/54.0.2840.99 Safari/537.36','/kcfw/a/sys/office/list','GET','id=&parentIds=',''),('2a71b9b87e3a47b9964aaa2b218f8992','1','在线办公-个人办公-审批测试','1','2016-11-18 17:28:00','127.0.0.1','Mozilla/5.0 (X11; Ubuntu; Linux x86_64; rv:39.0) Gecko/20100101 Firefox/39.0','/kcfw/a/oa/testAudit','GET','',''),('2ace3a8239134ab59beb79fc6a7279a2','1','系统设置-系统设置-角色管理-查看','1','2016-11-18 17:30:57','127.0.0.1','Mozilla/5.0 (X11; Ubuntu; Linux x86_64; rv:39.0) Gecko/20100101 Firefox/39.0','/kcfw/a/sys/role/form','GET','id=7',''),('2b10720409394fe88c1bcae7cc3d7faf','1','我的面板-个人信息-个人信息','1','2016-11-21 23:03:47','192.168.7.1','Mozilla/5.0 (Windows NT 6.1; WOW64) AppleWebKit/537.36 (KHTML, like Gecko) Chrome/54.0.2840.99 Safari/537.36','/kcfw/a/sys/user/info','GET','',''),('2b1f98c1fab74b94a52bbf9555b75a94','1','我的面板-个人信息-个人信息','1','2016-11-20 17:43:55','127.0.0.1','Mozilla/5.0 (X11; Ubuntu; Linux x86_64; rv:39.0) Gecko/20100101 Firefox/39.0','/kcfw/a/sys/user/info','GET','',''),('2b343b4b154c4b659fb4b914c9fe44bd','1','系统设置-机构用户-机构管理-查看','1','2016-11-22 10:47:12','192.168.7.1','Mozilla/5.0 (Windows NT 6.1; WOW64) AppleWebKit/537.36 (KHTML, like Gecko) Chrome/54.0.2840.99 Safari/537.36','/kcfw/a/sys/office/form','GET','id=8065fbd5cce349af9b4d345bcb954d34',''),('2bf5f45f92014e209ab0fb6209df006a','1','系统设置-系统设置-字典管理-查看','1','2016-11-20 00:10:50','127.0.0.1','Mozilla/5.0 (X11; Ubuntu; Linux x86_64; rv:39.0) Gecko/20100101 Firefox/39.0','/kcfw/a/sys/dict/form','GET','description=专利类型&type=PATENT_TYPE&sort=40',''),('2c273ffa2a9240e89d359827069eab92','1','在线办公-流程管理-模型管理','1','2016-11-18 17:26:19','127.0.0.1','Mozilla/5.0 (X11; Ubuntu; Linux x86_64; rv:39.0) Gecko/20100101 Firefox/39.0','/kcfw/a/act/model','GET','',''),('2c35318ebe81469d805bdcbdc5f926ab','1','系统设置-机构用户-用户管理','1','2016-11-22 15:40:24','192.168.7.1','Mozilla/5.0 (Windows NT 6.1; WOW64) AppleWebKit/537.36 (KHTML, like Gecko) Chrome/54.0.2840.99 Safari/537.36','/kcfw/a/sys/user/index','GET','',''),('2c4d01537b254aa48a629b117b74f19a','1','在线办公-个人办公-审批测试','1','2016-11-18 15:36:34','127.0.0.1','Mozilla/5.0 (X11; Ubuntu; Linux x86_64; rv:39.0) Gecko/20100101 Firefox/39.0','/kcfw/a/oa/testAudit','GET','',''),('2c4ef7e9799348518719f43118f587d6','1','系统设置-机构用户-用户管理-查看','1','2016-11-18 17:24:56','127.0.0.1','Mozilla/5.0 (X11; Ubuntu; Linux x86_64; rv:39.0) Gecko/20100101 Firefox/39.0','/kcfw/a/sys/user/list','GET','',''),('2c7d78ae8c0a4a17bd5770356a2a3a5b','1','系统登录','1','2016-11-22 15:50:57','192.168.7.1','Mozilla/5.0 (Windows NT 6.1; WOW64) AppleWebKit/537.36 (KHTML, like Gecko) Chrome/54.0.2840.99 Safari/537.36','/kcfw/a/sch/patent/schPatentUnder','GET','',''),('2cbb3983f52844af9cd1ef17b09bfa31','1','系统设置-机构用户-用户管理','1','2016-11-22 15:38:44','192.168.7.1','Mozilla/5.0 (Windows NT 6.1; WOW64) AppleWebKit/537.36 (KHTML, like Gecko) Chrome/54.0.2840.99 Safari/537.36','/kcfw/a/sys/user/index','GET','',''),('2d61a8d5aee24b7b9e2a5b387773c753','1','系统设置-机构用户-用户管理','1','2016-11-22 11:24:46','192.168.7.1','Mozilla/5.0 (Windows NT 6.1; WOW64) AppleWebKit/537.36 (KHTML, like Gecko) Chrome/54.0.2840.99 Safari/537.36','/kcfw/a/sys/user/index','GET','',''),('2d666a12a8e84dc1b2ee16398999daab','1','系统设置-机构用户-区域管理','1','2016-11-22 10:46:24','192.168.7.1','Mozilla/5.0 (Windows NT 6.1; WOW64) AppleWebKit/537.36 (KHTML, like Gecko) Chrome/54.0.2840.99 Safari/537.36','/kcfw/a/sys/area/','GET','',''),('2e4dd6c5c2aa4fad9806474c697aa1bf','1','代码生成-代码生成-业务表配置','1','2016-11-20 17:14:02','127.0.0.1','Mozilla/5.0 (X11; Ubuntu; Linux x86_64; rv:39.0) Gecko/20100101 Firefox/39.0','/kcfw/a/gen/genTable','GET','',''),('2e602eb35ec34e5f932a63edf0f666f6','1','我的面板-个人信息-个人信息','1','2016-11-21 23:00:28','192.168.7.1','Mozilla/5.0 (Windows NT 6.1; WOW64) AppleWebKit/537.36 (KHTML, like Gecko) Chrome/54.0.2840.99 Safari/537.36','/kcfw/a/sys/user/info','GET','',''),('2ea2ab60ae434e13b0b49f3f86969c9d','1','知识产权-专利申报-专利机构信息','1','2016-11-21 16:42:33','192.168.7.1','Mozilla/5.0 (Windows NT 6.1; WOW64) AppleWebKit/537.36 (KHTML, like Gecko) Chrome/54.0.2840.99 Safari/537.36','/kcfw/a/sch/patent/schPatentAgency','GET','',''),('2ef8c434833a4280b3610fbd9f4aaca1','1','系统设置-机构用户-用户管理','1','2016-11-20 17:42:08','127.0.0.1','Mozilla/5.0 (X11; Ubuntu; Linux x86_64; rv:39.0) Gecko/20100101 Firefox/39.0','/kcfw/a/sys/user/index','GET','',''),('2f2880c3bed94f0981344bd3e21d7a02','1','系统设置-系统设置-字典管理-查看','1','2016-11-20 00:10:37','127.0.0.1','Mozilla/5.0 (X11; Ubuntu; Linux x86_64; rv:39.0) Gecko/20100101 Firefox/39.0','/kcfw/a/sys/dict/form','GET','description=专利类型&type=PATENT_TYPE&sort=30',''),('2f40ac763a804eef80ca25861407d97a','1','系统设置-机构用户-用户管理-查看','1','2016-11-22 11:37:27','192.168.7.1','Mozilla/5.0 (Windows NT 6.1; WOW64) AppleWebKit/537.36 (KHTML, like Gecko) Chrome/54.0.2840.99 Safari/537.36','/kcfw/a/sys/user/list','GET','',''),('2f45864298384e0f8b8a97b99c559d53','1','系统设置-机构用户-用户管理','1','2016-11-21 22:12:12','192.168.7.1','Mozilla/5.0 (Windows NT 6.1; WOW64) AppleWebKit/537.36 (KHTML, like Gecko) Chrome/54.0.2840.99 Safari/537.36','/kcfw/a/sys/user/index','GET','',''),('2fa70606fda5443c8ead8762b8b48669','1','我的面板-个人信息-个人信息','1','2016-11-18 15:23:41','127.0.0.1','Mozilla/5.0 (X11; Ubuntu; Linux x86_64; rv:39.0) Gecko/20100101 Firefox/39.0','/kcfw/a/sys/user/info','GET','',''),('3114e0e0a6664eb8a4e6dd3fbc61a5f5','1','系统设置-系统设置-字典管理','1','2016-11-22 15:13:29','192.168.7.1','Mozilla/5.0 (Windows NT 6.1; WOW64) AppleWebKit/537.36 (KHTML, like Gecko) Chrome/54.0.2840.99 Safari/537.36','/kcfw/a/sys/dict/','GET','repage=&type=PATENT_STATUS',''),('321338e200cb4128a915f65a6671d2fe','1','在线办公-个人办公-我的任务','1','2016-11-18 17:27:53','127.0.0.1','Mozilla/5.0 (X11; Ubuntu; Linux x86_64; rv:39.0) Gecko/20100101 Firefox/39.0','/kcfw/a/act/task/todo/','GET','',''),('3249604a74f94d37ae839d17b1452fa1','1','系统设置-系统设置-菜单管理-查看','1','2016-11-18 16:46:31','127.0.0.1','Mozilla/5.0 (X11; Ubuntu; Linux x86_64; rv:39.0) Gecko/20100101 Firefox/39.0','/kcfw/a/sys/menu/form','GET','id=29',''),('32732162f50c471fbc5693a3a3e2224c','1','系统设置-机构用户-用户管理','1','2016-11-22 11:37:26','192.168.7.1','Mozilla/5.0 (Windows NT 6.1; WOW64) AppleWebKit/537.36 (KHTML, like Gecko) Chrome/54.0.2840.99 Safari/537.36','/kcfw/a/sys/user/index','GET','',''),('329ec2a7431146bca36d96ab941a3f4b','1','系统登录','68a88e19b43d431a9112a5179eb0111c','2016-11-22 11:36:33','192.168.7.1','Mozilla/5.0 (Windows NT 6.1; WOW64) AppleWebKit/537.36 (KHTML, like Gecko) Chrome/54.0.2840.99 Safari/537.36','/kcfw/a','GET','login=',''),('32c7d8fb2da3433ead0a845f81f3f31b','1','系统设置-机构用户-用户管理-修改','1','2016-11-22 15:39:12','192.168.7.1','Mozilla/5.0 (Windows NT 6.1; WOW64) AppleWebKit/537.36 (KHTML, like Gecko) Chrome/54.0.2840.99 Safari/537.36','/kcfw/a/sys/user/save','POST','id=4&photo=&company.id=1&company.name=厦门理工学院&office.id=4&office.name=产学融合发展处&no=0004&name=市场部&oldLoginName=sd_scb&loginName=sd_scb&newPassword=&confirmNewPassword=&email=&phone=&mobile=&loginFlag=1&userType=&roleIdList=3&_roleIdList=on&remarks=',''),('3309c82855cd454dbcd489e5d38845a4','1','知识产权-专利申报-专利申报管理','1','2016-11-22 15:40:34','192.168.7.1','Mozilla/5.0 (Windows NT 6.1; WOW64) AppleWebKit/537.36 (KHTML, like Gecko) Chrome/54.0.2840.99 Safari/537.36','/kcfw/a/sch/patent/schPatentUnder','GET','',''),('333dd1d801fe4aa08e13007d8e2b43c1','1','在线办公-个人办公-我的任务','12','2016-11-18 17:44:45','127.0.0.1','Mozilla/5.0 (X11; Ubuntu; Linux x86_64; rv:39.0) Gecko/20100101 Firefox/39.0','/kcfw/a/act/task/todo/','GET','',''),('3358a46b78a947c6b9c70bd5bcd08676','1','系统设置-机构用户-用户管理-修改','1','2016-11-22 15:40:06','192.168.7.1','Mozilla/5.0 (Windows NT 6.1; WOW64) AppleWebKit/537.36 (KHTML, like Gecko) Chrome/54.0.2840.99 Safari/537.36','/kcfw/a/sys/user/checkLoginName','GET','oldLoginName=sd_yfb&loginName=sd_yfb',''),('340b9777cd98446699d4c2a2e7b86210','1','系统设置-机构用户-机构管理-修改','1','2016-11-22 15:36:56','192.168.7.1','Mozilla/5.0 (Windows NT 6.1; WOW64) AppleWebKit/537.36 (KHTML, like Gecko) Chrome/54.0.2840.99 Safari/537.36','/kcfw/a/sys/office/save','POST','id=2&parent.id=1&parent.name=厦门理工学院&area.id=2&area.name=福建省&name=经济与管理学院&code=100001&type=2&grade=1&useable=1&primaryPerson.id=&office.primaryPerson.name=&deputyPerson.id=&office.deputyPerson.name=&address=&zipCode=&master=&phone=&fax=&email=&remarks=',''),('349914d322dc4f62b659a8707389c966','1','在线办公-个人办公-审批测试','1','2016-11-18 15:42:03','127.0.0.1','Mozilla/5.0 (X11; Ubuntu; Linux x86_64; rv:39.0) Gecko/20100101 Firefox/39.0','/kcfw/a/oa/testAudit','GET','',''),('35548490856f43d7868a21989883ddd5','1','系统设置-机构用户-用户管理-查看','1','2016-11-18 16:44:09','127.0.0.1','Mozilla/5.0 (X11; Ubuntu; Linux x86_64; rv:39.0) Gecko/20100101 Firefox/39.0','/kcfw/a/sys/user/list','GET','office.id=4&office.name=市场部',''),('35781bc95d264e1ebeb4ee2e593551ea','1','系统设置-机构用户-机构管理-查看','1','2016-11-21 16:24:13','192.168.7.1','Mozilla/5.0 (Windows NT 6.1; WOW64) AppleWebKit/537.36 (KHTML, like Gecko) Chrome/54.0.2840.99 Safari/537.36','/kcfw/a/sys/office/form','GET','parent.id=',''),('361cccfd627c455b824e18cff7beda8f','1','系统设置-系统设置-菜单管理-查看','1','2016-11-20 17:37:28','127.0.0.1','Mozilla/5.0 (X11; Ubuntu; Linux x86_64; rv:39.0) Gecko/20100101 Firefox/39.0','/kcfw/a/sys/menu/form','GET','',''),('368124df26e5434e8ef9eceecfd28d01','1','我的面板-个人信息-个人信息','7','2016-11-18 17:31:37','127.0.0.1','Mozilla/5.0 (X11; Ubuntu; Linux x86_64; rv:39.0) Gecko/20100101 Firefox/39.0','/kcfw/a/sys/user/info','GET','',''),('36a5267b58674d2ca2469592fcb85228','1','系统设置-系统设置-菜单管理','1','2016-11-20 17:41:23','127.0.0.1','Mozilla/5.0 (X11; Ubuntu; Linux x86_64; rv:39.0) Gecko/20100101 Firefox/39.0','/kcfw/a/sys/menu/','GET','',''),('36d0592675924854a880ef432299b1d5','1','知识产权-专利申报-专利申报（本科生）','1','2016-11-20 18:03:59','127.0.0.1','Mozilla/5.0 (X11; Ubuntu; Linux x86_64; rv:39.0) Gecko/20100101 Firefox/39.0','/kcfw/a/sch/patent/schPatentUnder','GET','',''),('37718f80bfef4dca9e6f3c7a2b028e7d','1','系统设置-系统设置-菜单管理','1','2016-11-18 17:44:17','127.0.0.1','Mozilla/5.0 (X11; Ubuntu; Linux x86_64; rv:39.0) Gecko/20100101 Firefox/39.0','/kcfw/a/sys/menu/','GET','',''),('38aa8a38ef4247eab0f46c53c95d0b8d','1','系统设置-系统设置-字典管理-查看','1','2016-11-20 00:10:07','127.0.0.1','Mozilla/5.0 (X11; Ubuntu; Linux x86_64; rv:39.0) Gecko/20100101 Firefox/39.0','/kcfw/a/sys/dict/form','GET','id=a20ee2d8ac724e1fa7958ca92b78bcdc',''),('39a1bbf678464b4aa98016827a3c6292','1','系统设置-机构用户-机构管理-修改','1','2016-11-22 15:36:42','192.168.7.1','Mozilla/5.0 (Windows NT 6.1; WOW64) AppleWebKit/537.36 (KHTML, like Gecko) Chrome/54.0.2840.99 Safari/537.36','/kcfw/a/sys/office/save','POST','id=1&parent.id=&parent.name=&area.id=2&area.name=福建省&name=厦门理工学院&code=100000&type=1&grade=1&useable=1&primaryPerson.id=&office.primaryPerson.name=&deputyPerson.id=&office.deputyPerson.name=&address=&zipCode=&master=&phone=&fax=&email=&remarks=',''),('39bbc9af758544e5a2124a4abbcce08a','1','知识产权-专利申报-专利机构信息','1','2016-11-21 16:28:27','192.168.7.1','Mozilla/5.0 (Windows NT 6.1; WOW64) AppleWebKit/537.36 (KHTML, like Gecko) Chrome/54.0.2840.99 Safari/537.36','/kcfw/a/sch/patent/schPatentAgency','GET','',''),('39c6f415efc948a2be881118a676d044','1','系统设置-机构用户-用户管理-查看','1','2016-11-18 15:20:18','127.0.0.1','Mozilla/5.0 (X11; Ubuntu; Linux x86_64; rv:39.0) Gecko/20100101 Firefox/39.0','/kcfw/a/sys/user/list','GET','',''),('3a017c65226d43d2a11d9aaa9ac8d9e9','1','系统设置-系统设置-字典管理-查看','1','2016-11-22 15:12:33','192.168.7.1','Mozilla/5.0 (Windows NT 6.1; WOW64) AppleWebKit/537.36 (KHTML, like Gecko) Chrome/54.0.2840.99 Safari/537.36','/kcfw/a/sys/dict/form','GET','sort=10',''),('3a9b58aaa4864d6489dde4e3b8092aa9','1','知识产权-专利申报-专利申报（本科生）','1','2016-11-20 18:00:34','127.0.0.1','Mozilla/5.0 (X11; Ubuntu; Linux x86_64; rv:39.0) Gecko/20100101 Firefox/39.0','/kcfw/a/sch/patent/schPatentUnder','GET','',''),('3ac873d8fa674f9e8442a81ecda5f39f','1','系统设置-系统设置-角色管理','1','2016-11-18 17:44:33','127.0.0.1','Mozilla/5.0 (X11; Ubuntu; Linux x86_64; rv:39.0) Gecko/20100101 Firefox/39.0','/kcfw/a/sys/role/','GET','repage=',''),('3adf4735bef745279b2aef02625b1707','1','系统登录','1','2016-11-21 22:08:53','192.168.7.1','Mozilla/5.0 (Windows NT 6.1; WOW64) AppleWebKit/537.36 (KHTML, like Gecko) Chrome/54.0.2840.99 Safari/537.36','/kcfw/a','GET','login=',''),('3b6f756247dd4beba03c054426e3562f','1','在线办公-个人办公-我的任务','1','2016-11-18 17:48:42','127.0.0.1','Mozilla/5.0 (X11; Ubuntu; Linux x86_64; rv:39.0) Gecko/20100101 Firefox/39.0','/kcfw/a/act/task/todo/','GET','',''),('3c2935a59f694ad98894fcb9b9b85357','2','','1','2016-11-20 17:50:24','127.0.0.1','Mozilla/5.0 (X11; Ubuntu; Linux x86_64; rv:39.0) Gecko/20100101 Firefox/39.0','/kcfw/a/sch/patent/schPatentUnder/form','GET','','org.apache.jasper.JasperException: /WEB-INF/views/modules/sch/patent/schPatentUnderForm.jsp (line: 125, column: 4) \"${schPatentUnder.}\" contains invalid expression(s): javax.el.ELException: Failed to parse the expression [${schPatentUnder.}]\n	at org.apache.jasper.compiler.DefaultErrorHandler.jspError(DefaultErrorHandler.java:42)\n	at org.apache.jasper.compiler.ErrorDispatcher.dispatch(ErrorDispatcher.java:443)\n	at org.apache.jasper.compiler.ErrorDispatcher.jspError(ErrorDispatcher.java:199)\n	at org.apache.jasper.compiler.Validator$ValidateVisitor.getJspAttribute(Validator.java:1424)\n	at org.apache.jasper.compiler.Validator$ValidateVisitor.checkXmlAttributes(Validator.java:1231)\n	at org.apache.jasper.compiler.Validator$ValidateVisitor.visit(Validator.java:876)\n	at org.apache.jasper.compiler.Node$CustomTag.accept(Node.java:1553)\n	at org.apache.jasper.compiler.Node$Nodes.visit(Node.java:2392)\n	at org.apache.jasper.compiler.Node$Visitor.visitBody(Node.java:2444)\n	at org.apache.jasper.compiler.Validator$ValidateVisitor.visit(Validator.java:895)\n	at org.apache.jasper.compiler.Node$CustomTag.accept(Node.java:1553)\n	at org.apache.jasper.compiler.Node$Nodes.visit(Node.java:2392)\n	at org.apache.jasper.compiler.Node$Visitor.visitBody(Node.java:2444)\n	at org.apache.jasper.compiler.Node$Visitor.visit(Node.java:2450)\n	at org.apache.jasper.compiler.Node$Root.accept(Node.java:474)\n	at org.apache.jasper.compiler.Node$Nodes.visit(Node.java:2392)\n	at org.apache.jasper.compiler.Validator.validateExDirectives(Validator.java:1845)\n	at org.apache.jasper.compiler.Compiler.generateJava(Compiler.java:218)\n	at org.apache.jasper.compiler.Compiler.compile(Compiler.java:374)\n	at org.apache.jasper.compiler.Compiler.compile(Compiler.java:354)\n	at org.apache.jasper.compiler.Compiler.compile(Compiler.java:341)\n	at org.apache.jasper.JspCompilationContext.compile(JspCompilationContext.java:662)\n	at org.apache.jasper.servlet.JspServletWrapper.service(JspServletWrapper.java:364)\n	at org.apache.jasper.servlet.JspServlet.serviceJspFile(JspServlet.java:395)\n	at org.apache.jasper.servlet.JspServlet.service(JspServlet.java:339)\n	at javax.servlet.http.HttpServlet.service(HttpServlet.java:731)\n	at org.apache.catalina.core.ApplicationFilterChain.internalDoFilter(ApplicationFilterChain.java:303)\n	at org.apache.catalina.core.ApplicationFilterChain.doFilter(ApplicationFilterChain.java:208)\n	at org.apache.tomcat.websocket.server.WsFilter.doFilter(WsFilter.java:52)\n	at org.apache.catalina.core.ApplicationFilterChain.internalDoFilter(ApplicationFilterChain.java:241)\n	at org.apache.catalina.core.ApplicationFilterChain.doFilter(ApplicationFilterChain.java:208)\n	at org.apache.catalina.core.ApplicationDispatcher.invoke(ApplicationDispatcher.java:747)\n	at org.apache.catalina.core.ApplicationDispatcher.processRequest(ApplicationDispatcher.java:485)\n	at org.apache.catalina.core.ApplicationDispatcher.doForward(ApplicationDispatcher.java:410)\n	at org.apache.catalina.core.ApplicationDispatcher.forward(ApplicationDispatcher.java:337)\n	at org.springframework.web.servlet.view.InternalResourceView.renderMergedOutputModel(InternalResourceView.java:168)\n	at org.springframework.web.servlet.view.AbstractView.render(AbstractView.java:303)\n	at org.springframework.web.servlet.DispatcherServlet.render(DispatcherServlet.java:1243)\n	at org.springframework.web.servlet.DispatcherServlet.processDispatchResult(DispatcherServlet.java:1027)\n	at org.springframework.web.servlet.DispatcherServlet.doDispatch(DispatcherServlet.java:971)\n	at org.springframework.web.servlet.DispatcherServlet.doService(DispatcherServlet.java:893)\n	at org.springframework.web.servlet.FrameworkServlet.processRequest(FrameworkServlet.java:965)\n	at org.springframework.web.servlet.FrameworkServlet.doGet(FrameworkServlet.java:856)\n	at javax.servlet.http.HttpServlet.service(HttpServlet.java:624)\n	at org.springframework.web.servlet.FrameworkServlet.service(FrameworkServlet.java:841)\n	at javax.servlet.http.HttpServlet.service(HttpServlet.java:731)\n	at org.apache.catalina.core.ApplicationFilterChain.internalDoFilter(ApplicationFilterChain.java:303)\n	at org.apache.catalina.core.ApplicationFilterChain.doFilter(ApplicationFilterChain.java:208)\n	at org.apache.tomcat.websocket.server.WsFilter.doFilter(WsFilter.java:52)\n	at org.apache.catalina.core.ApplicationFilterChain.internalDoFilter(ApplicationFilterChain.java:241)\n	at org.apache.catalina.core.ApplicationFilterChain.doFilter(ApplicationFilterChain.java:208)\n	at com.opensymphony.sitemesh.webapp.SiteMeshFilter.obtainContent(SiteMeshFilter.java:129)\n	at com.opensymphony.sitemesh.webapp.SiteMeshFilter.doFilter(SiteMeshFilter.java:77)\n	at org.apache.catalina.core.ApplicationFilterChain.internalDoFilter(ApplicationFilterChain.java:241)\n	at org.apache.catalina.core.ApplicationFilterChain.doFilter(ApplicationFilterChain.java:208)\n	at org.apache.shiro.web.servlet.ProxiedFilterChain.doFilter(ProxiedFilterChain.java:61)\n	at org.apache.shiro.web.servlet.AdviceFilter.executeChain(AdviceFilter.java:108)\n	at org.apache.shiro.web.servlet.AdviceFilter.doFilterInternal(AdviceFilter.java:137)\n	at org.apache.shiro.web.servlet.OncePerRequestFilter.doFilter(OncePerRequestFilter.java:125)\n	at org.apache.shiro.web.servlet.ProxiedFilterChain.doFilter(ProxiedFilterChain.java:66)\n	at org.apache.shiro.web.servlet.AbstractShiroFilter.executeChain(AbstractShiroFilter.java:449)\n	at org.apache.shiro.web.servlet.AbstractShiroFilter$1.call(AbstractShiroFilter.java:365)\n	at org.apache.shiro.subject.support.SubjectCallable.doCall(SubjectCallable.java:90)\n	at org.apache.shiro.subject.support.SubjectCallable.call(SubjectCallable.java:83)\n	at org.apache.shiro.subject.support.DelegatingSubject.execute(DelegatingSubject.java:383)\n	at org.apache.shiro.web.servlet.AbstractShiroFilter.doFilterInternal(AbstractShiroFilter.java:362)\n	at org.apache.shiro.web.servlet.OncePerRequestFilter.doFilter(OncePerRequestFilter.java:125)\n	at org.springframework.web.filter.DelegatingFilterProxy.invokeDelegate(DelegatingFilterProxy.java:344)\n	at org.springframework.web.filter.DelegatingFilterProxy.doFilter(DelegatingFilterProxy.java:261)\n	at org.apache.catalina.core.ApplicationFilterChain.internalDoFilter(ApplicationFilterChain.java:241)\n	at org.apache.catalina.core.ApplicationFilterChain.doFilter(ApplicationFilterChain.java:208)\n	at org.springframework.web.filter.CharacterEncodingFilter.doFilterInternal(CharacterEncodingFilter.java:85)\n	at org.springframework.web.filter.OncePerRequestFilter.doFilter(OncePerRequestFilter.java:107)\n	at org.apache.catalina.core.ApplicationFilterChain.internalDoFilter(ApplicationFilterChain.java:241)\n	at org.apache.catalina.core.ApplicationFilterChain.doFilter(ApplicationFilterChain.java:208)\n	at org.apache.catalina.core.StandardWrapperValve.invoke(StandardWrapperValve.java:218)\n	at org.apache.catalina.core.StandardContextValve.invoke(StandardContextValve.java:122)\n	at org.apache.catalina.authenticator.AuthenticatorBase.invoke(AuthenticatorBase.java:505)\n	at org.apache.catalina.core.StandardHostValve.invoke(StandardHostValve.java:169)\n	at org.apache.catalina.valves.ErrorReportValve.invoke(ErrorReportValve.java:103)\n	at org.apache.catalina.valves.AccessLogValve.invoke(AccessLogValve.java:956)\n	at org.apache.catalina.core.StandardEngineValve.invoke(StandardEngineValve.java:116)\n	at org.apache.catalina.connector.CoyoteAdapter.service(CoyoteAdapter.java:442)\n	at org.apache.coyote.http11.AbstractHttp11Processor.process(AbstractHttp11Processor.java:1082)\n	at org.apache.coyote.AbstractProtocol$AbstractConnectionHandler.process(AbstractProtocol.java:623)\n	at org.apache.tomcat.util.net.JIoEndpoint$SocketProcessor.run(JIoEndpoint.java:318)\n	at java.util.concurrent.ThreadPoolExecutor.runWorker(ThreadPoolExecutor.java:1142)\n	at java.util.concurrent.ThreadPoolExecutor$Worker.run(ThreadPoolExecutor.java:617)\n	at org.apache.tomcat.util.threads.TaskThread$WrappingRunnable.run(TaskThread.java:61)\n	at java.lang.Thread.run(Thread.java:745)\n'),('3c4ae23d9e4c416ca53d6ae7bad85d3e','1','我的面板-个人信息-个人信息','1','2016-11-22 11:25:23','192.168.7.1','Mozilla/5.0 (Windows NT 6.1; WOW64) AppleWebKit/537.36 (KHTML, like Gecko) Chrome/54.0.2840.99 Safari/537.36','/kcfw/a/sys/user/info','GET','',''),('3c5d5a2143564eeb8714752328666bcd','2','','1','2016-11-22 14:50:13','192.168.7.1','Mozilla/5.0 (Windows NT 6.1; WOW64) AppleWebKit/537.36 (KHTML, like Gecko) Chrome/54.0.2840.99 Safari/537.36','/kcfw/a/sch/patent/schPatentUnder/form','GET','','org.apache.jasper.JasperException: An exception occurred processing JSP page /WEB-INF/views/modules/sch/patent/schPatentUnderForm.jsp at line 103\n\n100: 					title=\"部门\" url=\"/sys/office/treeData?type=2\" cssClass=\"required\" cssStyle=\"width:150px\"  allowClear=\"true\" notAllowSelectParent=\"true\"/>\n101: 					</td><td class=\"tit\"><span class=\"help-inline\"><font color=\"red\">*</font> </span>专利代理机构：</td><td>\n102: 						<form:select path=\"spuProxyId\" class=\"input-large required\">\n103: 							<form:options items=\"${schPatentAgencyLiss}\" itemLabel=\"spuProxyName\" itemValue=\"spuProxyId\" htmlEscape=\"false\"/>\n104: 						</form:select>\n105: 					</td>\n106: 				</tr>\n\n\nStacktrace:\n	at org.apache.jasper.servlet.JspServletWrapper.handleJspException(JspServletWrapper.java:575)\n	at org.apache.jasper.servlet.JspServletWrapper.service(JspServletWrapper.java:477)\n	at org.apache.jasper.servlet.JspServlet.serviceJspFile(JspServlet.java:395)\n	at org.apache.jasper.servlet.JspServlet.service(JspServlet.java:339)\n	at javax.servlet.http.HttpServlet.service(HttpServlet.java:731)\n	at org.apache.catalina.core.ApplicationFilterChain.internalDoFilter(ApplicationFilterChain.java:303)\n	at org.apache.catalina.core.ApplicationFilterChain.doFilter(ApplicationFilterChain.java:208)\n	at org.apache.tomcat.websocket.server.WsFilter.doFilter(WsFilter.java:52)\n	at org.apache.catalina.core.ApplicationFilterChain.internalDoFilter(ApplicationFilterChain.java:241)\n	at org.apache.catalina.core.ApplicationFilterChain.doFilter(ApplicationFilterChain.java:208)\n	at org.apache.catalina.core.ApplicationDispatcher.invoke(ApplicationDispatcher.java:747)\n	at org.apache.catalina.core.ApplicationDispatcher.processRequest(ApplicationDispatcher.java:485)\n	at org.apache.catalina.core.ApplicationDispatcher.doForward(ApplicationDispatcher.java:410)\n	at org.apache.catalina.core.ApplicationDispatcher.forward(ApplicationDispatcher.java:337)\n	at org.springframework.web.servlet.view.InternalResourceView.renderMergedOutputModel(InternalResourceView.java:168)\n	at org.springframework.web.servlet.view.AbstractView.render(AbstractView.java:303)\n	at org.springframework.web.servlet.DispatcherServlet.render(DispatcherServlet.java:1243)\n	at org.springframework.web.servlet.DispatcherServlet.processDispatchResult(DispatcherServlet.java:1027)\n	at org.springframework.web.servlet.DispatcherServlet.doDispatch(DispatcherServlet.java:971)\n	at org.springframework.web.servlet.DispatcherServlet.doService(DispatcherServlet.java:893)\n	at org.springframework.web.servlet.FrameworkServlet.processRequest(FrameworkServlet.java:965)\n	at org.springframework.web.servlet.FrameworkServlet.doGet(FrameworkServlet.java:856)\n	at javax.servlet.http.HttpServlet.service(HttpServlet.java:624)\n	at org.springframework.web.servlet.FrameworkServlet.service(FrameworkServlet.java:841)\n	at javax.servlet.http.HttpServlet.service(HttpServlet.java:731)\n	at org.apache.catalina.core.ApplicationFilterChain.internalDoFilter(ApplicationFilterChain.java:303)\n	at org.apache.catalina.core.ApplicationFilterChain.doFilter(ApplicationFilterChain.java:208)\n	at org.apache.tomcat.websocket.server.WsFilter.doFilter(WsFilter.java:52)\n	at org.apache.catalina.core.ApplicationFilterChain.internalDoFilter(ApplicationFilterChain.java:241)\n	at org.apache.catalina.core.ApplicationFilterChain.doFilter(ApplicationFilterChain.java:208)\n	at com.opensymphony.sitemesh.webapp.SiteMeshFilter.obtainContent(SiteMeshFilter.java:129)\n	at com.opensymphony.sitemesh.webapp.SiteMeshFilter.doFilter(SiteMeshFilter.java:77)\n	at org.apache.catalina.core.ApplicationFilterChain.internalDoFilter(ApplicationFilterChain.java:241)\n	at org.apache.catalina.core.ApplicationFilterChain.doFilter(ApplicationFilterChain.java:208)\n	at org.apache.shiro.web.servlet.ProxiedFilterChain.doFilter(ProxiedFilterChain.java:61)\n	at org.apache.shiro.web.servlet.AdviceFilter.executeChain(AdviceFilter.java:108)\n	at org.apache.shiro.web.servlet.AdviceFilter.doFilterInternal(AdviceFilter.java:137)\n	at org.apache.shiro.web.servlet.OncePerRequestFilter.doFilter(OncePerRequestFilter.java:125)\n	at org.apache.shiro.web.servlet.ProxiedFilterChain.doFilter(ProxiedFilterChain.java:66)\n	at org.apache.shiro.web.servlet.AbstractShiroFilter.executeChain(AbstractShiroFilter.java:449)\n	at org.apache.shiro.web.servlet.AbstractShiroFilter$1.call(AbstractShiroFilter.java:365)\n	at org.apache.shiro.subject.support.SubjectCallable.doCall(SubjectCallable.java:90)\n	at org.apache.shiro.subject.support.SubjectCallable.call(SubjectCallable.java:83)\n	at org.apache.shiro.subject.support.DelegatingSubject.execute(DelegatingSubject.java:383)\n	at org.apache.shiro.web.servlet.AbstractShiroFilter.doFilterInternal(AbstractShiroFilter.java:362)\n	at org.apache.shiro.web.servlet.OncePerRequestFilter.doFilter(OncePerRequestFilter.java:125)\n	at org.springframework.web.filter.DelegatingFilterProxy.invokeDelegate(DelegatingFilterProxy.java:344)\n	at org.springframework.web.filter.DelegatingFilterProxy.doFilter(DelegatingFilterProxy.java:261)\n	at org.apache.catalina.core.ApplicationFilterChain.internalDoFilter(ApplicationFilterChain.java:241)\n	at org.apache.catalina.core.ApplicationFilterChain.doFilter(ApplicationFilterChain.java:208)\n	at org.springframework.web.filter.CharacterEncodingFilter.doFilterInternal(CharacterEncodingFilter.java:85)\n	at org.springframework.web.filter.OncePerRequestFilter.doFilter(OncePerRequestFilter.java:107)\n	at org.apache.catalina.core.ApplicationFilterChain.internalDoFilter(ApplicationFilterChain.java:241)\n	at org.apache.catalina.core.ApplicationFilterChain.doFilter(ApplicationFilterChain.java:208)\n	at org.apache.catalina.core.StandardWrapperValve.invoke(StandardWrapperValve.java:218)\n	at org.apache.catalina.core.StandardContextValve.invoke(StandardContextValve.java:122)\n	at org.apache.catalina.authenticator.AuthenticatorBase.invoke(AuthenticatorBase.java:505)\n	at org.apache.catalina.core.StandardHostValve.invoke(StandardHostValve.java:169)\n	at org.apache.catalina.valves.ErrorReportValve.invoke(ErrorReportValve.java:103)\n	at org.apache.catalina.valves.AccessLogValve.invoke(AccessLogValve.java:956)\n	at org.apache.catalina.core.StandardEngineValve.invoke(StandardEngineValve.java:116)\n	at org.apache.catalina.connector.CoyoteAdapter.service(CoyoteAdapter.java:442)\n	at org.apache.coyote.http11.AbstractHttp11Processor.process(AbstractHttp11Processor.java:1082)\n	at org.apache.coyote.AbstractProtocol$AbstractConnectionHandler.process(AbstractProtocol.java:623)\n	at org.apache.tomcat.util.net.JIoEndpoint$SocketProcessor.run(JIoEndpoint.java:318)\n	at java.util.concurrent.ThreadPoolExecutor.runWorker(ThreadPoolExecutor.java:1142)\n	at java.util.concurrent.ThreadPoolExecutor$Worker.run(ThreadPoolExecutor.java:617)\n	at org.apache.tomcat.util.threads.TaskThread$WrappingRunnable.run(TaskThread.java:61)\n	at java.lang.Thread.run(Thread.java:745)\nCaused by: org.springframework.beans.NotReadablePropertyException: Invalid property \'spuProxyId\' of bean class [java.lang.String]: Bean property \'spuProxyId\' is not readable or has an invalid getter method: Does the return type of the getter match the parameter type of the setter?\n	at org.springframework.beans.BeanWrapperImpl.getPropertyValue(BeanWrapperImpl.java:731)\n	at org.springframework.beans.BeanWrapperImpl.getPropertyValue(BeanWrapperImpl.java:722)\n	at org.springframework.web.servlet.tags.form.OptionWriter.renderFromMap(OptionWriter.java:166)\n	at org.springframework.web.servlet.tags.form.OptionWriter.writeOptions(OptionWriter.java:136)\n	at org.springframework.web.servlet.tags.form.OptionsTag.writeTagContent(OptionsTag.java:157)\n	at org.springframework.web.servlet.tags.form.AbstractFormTag.doStartTagInternal(AbstractFormTag.java:84)\n	at org.springframework.web.servlet.tags.RequestContextAwareTag.doStartTag(RequestContextAwareTag.java:80)\n	at org.apache.jsp.WEB_002dINF.views.modules.sch.patent.schPatentUnderForm_jsp._jspx_meth_form_005foptions_005f1(schPatentUnderForm_jsp.java:984)\n	at org.apache.jsp.WEB_002dINF.views.modules.sch.patent.schPatentUnderForm_jsp._jspx_meth_form_005fselect_005f1(schPatentUnderForm_jsp.java:943)\n	at org.apache.jsp.WEB_002dINF.views.modules.sch.patent.schPatentUnderForm_jsp._jspService(schPatentUnderForm_jsp.java:366)\n	at org.apache.jasper.runtime.HttpJspBase.service(HttpJspBase.java:70)\n	at javax.servlet.http.HttpServlet.service(HttpServlet.java:731)\n	at org.apache.jasper.servlet.JspServletWrapper.service(JspServletWrapper.java:439)\n	... 67 more\n'),('3cb44109f0f1434bb741f5cbdfb4fa81','1','系统设置-机构用户-用户管理','1','2016-11-18 16:31:38','127.0.0.1','Mozilla/5.0 (X11; Ubuntu; Linux x86_64; rv:39.0) Gecko/20100101 Firefox/39.0','/kcfw/a/sys/user/index','GET','',''),('3ddff3c1896842069581ce632c3a5878','1','在线办公-个人办公-审批测试','1','2016-11-18 17:27:55','127.0.0.1','Mozilla/5.0 (X11; Ubuntu; Linux x86_64; rv:39.0) Gecko/20100101 Firefox/39.0','/kcfw/a/oa/testAudit','GET','',''),('3de28fd63c8842e189871181ea24ad18','1','系统设置-机构用户-机构管理-查看','1','2016-11-22 15:37:51','192.168.7.1','Mozilla/5.0 (Windows NT 6.1; WOW64) AppleWebKit/537.36 (KHTML, like Gecko) Chrome/54.0.2840.99 Safari/537.36','/kcfw/a/sys/office/list','GET','id=1&parentIds=0,1,',''),('3e0136ce4f3b4b00ba13026494f3a640','1','我的面板-个人信息-个人信息','1','2016-11-20 23:23:19','192.168.7.1','Mozilla/5.0 (Windows NT 6.1; WOW64) AppleWebKit/537.36 (KHTML, like Gecko) Chrome/54.0.2840.99 Safari/537.36','/kcfw/a/sys/user/info','GET','',''),('3ebfe15eeec74643899f786740794058','1','系统设置-系统设置-菜单管理-查看','1','2016-11-20 17:39:44','127.0.0.1','Mozilla/5.0 (X11; Ubuntu; Linux x86_64; rv:39.0) Gecko/20100101 Firefox/39.0','/kcfw/a/sys/menu/form','GET','id=d5d9045b5a9b488bb1304e18cb5ba5fd',''),('3f6fda09c5334a82be5401169ca18e06','1','系统设置-机构用户-用户管理','1','2016-11-22 11:25:24','192.168.7.1','Mozilla/5.0 (Windows NT 6.1; WOW64) AppleWebKit/537.36 (KHTML, like Gecko) Chrome/54.0.2840.99 Safari/537.36','/kcfw/a/sys/user/index','GET','',''),('3fb204e34c5a4b3cb19aacc2fbe5ad5f','1','系统设置-系统设置-字典管理-查看','1','2016-11-20 17:13:25','127.0.0.1','Mozilla/5.0 (X11; Ubuntu; Linux x86_64; rv:39.0) Gecko/20100101 Firefox/39.0','/kcfw/a/sys/dict/form','GET','description=发明人类型&type=INVENTOR_TYPE&sort=20',''),('3ff0ab8189ec42ae92c2e8330e2fe3cd','1','知识产权-专利申报-专利机构信息','1','2016-11-22 23:08:29','192.168.7.1','Mozilla/5.0 (Windows NT 6.1; WOW64) AppleWebKit/537.36 (KHTML, like Gecko) Chrome/54.0.2840.99 Safari/537.36','/kcfw/a/sch/patent/schPatentAgency','GET','',''),('4011c3fa4e9f40a28e71b01be5c6bae6','1','代码生成-生成示例-主子表-查看','1','2016-11-19 23:46:02','127.0.0.1','Mozilla/5.0 (X11; Ubuntu; Linux x86_64; rv:39.0) Gecko/20100101 Firefox/39.0','/kcfw/a/test/testDataMain/form','GET','',''),('41c7228db93747ebb4652a44e0e12f9c','1','在线办公-个人办公-审批测试','1','2016-11-18 17:45:45','127.0.0.1','Mozilla/5.0 (X11; Ubuntu; Linux x86_64; rv:39.0) Gecko/20100101 Firefox/39.0','/kcfw/a/oa/testAudit','GET','',''),('41fbb4efb78545608603d1ee5207025f','1','在线办公-个人办公-我的任务','1','2016-11-18 15:39:41','127.0.0.1','Mozilla/5.0 (X11; Ubuntu; Linux x86_64; rv:39.0) Gecko/20100101 Firefox/39.0','/kcfw/a/act/task/todo/','GET','',''),('4235106ba91d4eb7aedddaf7bf7f5b34','1','系统设置-机构用户-用户管理','1','2016-11-20 17:10:55','127.0.0.1','Mozilla/5.0 (X11; Ubuntu; Linux x86_64; rv:39.0) Gecko/20100101 Firefox/39.0','/kcfw/a/sys/user/index','GET','',''),('4250303270f54b52a5eabcc2efdc731c','1','知识产权-专利申报-专利申报（本科生）','1','2016-11-20 23:21:04','192.168.7.1','Mozilla/5.0 (Windows NT 6.1; WOW64) AppleWebKit/537.36 (KHTML, like Gecko) Chrome/54.0.2840.99 Safari/537.36','/kcfw/a/sch/patent/schPatentUnder','GET','',''),('42ae6db42c6a44f08f3a5353a20f267f','1','系统设置-系统设置-角色管理-修改','1','2016-11-20 17:42:31','127.0.0.1','Mozilla/5.0 (X11; Ubuntu; Linux x86_64; rv:39.0) Gecko/20100101 Firefox/39.0','/kcfw/a/sys/role/assign','GET','id=1',''),('42b253d63c1b4d6dbebc361486e9fb03','1','系统设置-系统设置-菜单管理','1','2016-11-21 16:28:20','192.168.7.1','Mozilla/5.0 (Windows NT 6.1; WOW64) AppleWebKit/537.36 (KHTML, like Gecko) Chrome/54.0.2840.99 Safari/537.36','/kcfw/a/sys/menu/','GET','',''),('431a19f246764e3cb2d0bd9e517c1683','1','系统设置-机构用户-用户管理','1','2016-11-20 17:45:58','127.0.0.1','Mozilla/5.0 (X11; Ubuntu; Linux x86_64; rv:39.0) Gecko/20100101 Firefox/39.0','/kcfw/a/sys/user/index','GET','',''),('43a97be86ded4aab9217fddd8d7b2acd','1','系统设置-机构用户-用户管理','1','2016-11-20 17:37:21','127.0.0.1','Mozilla/5.0 (X11; Ubuntu; Linux x86_64; rv:39.0) Gecko/20100101 Firefox/39.0','/kcfw/a/sys/user/index','GET','',''),('43e48165f5914068b518f1c2d2e09a2a','1','系统设置-机构用户-用户管理-查看','1','2016-11-22 10:48:26','192.168.7.1','Mozilla/5.0 (Windows NT 6.1; WOW64) AppleWebKit/537.36 (KHTML, like Gecko) Chrome/54.0.2840.99 Safari/537.36','/kcfw/a/sys/user/list','GET','',''),('43f7a19c8b58494fa8292266e00afa89','1','在线办公-流程管理-模型管理','1','2016-11-18 15:53:22','127.0.0.1','Mozilla/5.0 (X11; Ubuntu; Linux x86_64; rv:39.0) Gecko/20100101 Firefox/39.0','/kcfw/a/act/model','GET','',''),('441572efd1b54f4fa711b9282cab2810','1','系统设置-机构用户-机构管理-查看','1','2016-11-22 15:37:48','192.168.7.1','Mozilla/5.0 (Windows NT 6.1; WOW64) AppleWebKit/537.36 (KHTML, like Gecko) Chrome/54.0.2840.99 Safari/537.36','/kcfw/a/sys/office/form','GET','id=6',''),('444ff286adcd4eb7a3d6a117bd59f8aa','1','我的面板-个人信息-个人信息','1','2016-11-19 23:45:06','127.0.0.1','Mozilla/5.0 (X11; Ubuntu; Linux x86_64; rv:39.0) Gecko/20100101 Firefox/39.0','/kcfw/a/sys/user/info','GET','',''),('44b61e663bdd4b4c8a0105a05d796fb9','1','系统设置-系统设置-角色管理','1','2016-11-20 17:43:00','127.0.0.1','Mozilla/5.0 (X11; Ubuntu; Linux x86_64; rv:39.0) Gecko/20100101 Firefox/39.0','/kcfw/a/sys/role/','GET','repage=',''),('44dc93be1a3b4ceabac2cef2149f70f0','1','系统设置-系统设置-角色管理-修改','1','2016-11-22 11:37:52','192.168.7.1','Mozilla/5.0 (Windows NT 6.1; WOW64) AppleWebKit/537.36 (KHTML, like Gecko) Chrome/54.0.2840.99 Safari/537.36','/kcfw/a/sys/role/save','POST','id=70adf5534cc040d0abfdf2a6d5c0f8d1&office.id=2&office.name=公司领导&oldName=专利机构角色&name=专利机构角色&oldEnname=patentProxyRole&enname=patentProxyRole&roleType=user&sysData=1&useable=1&dataScope=8&menuIds=1,c0671c3c569e49c283ad38c02fbe062e,d5d9045b5a9b488bb1304e18cb5ba5fd,87b299fd957841e7ade7b220183dc...&officeIds=&remarks=',''),('452a46da65fb4cef861c35d29bbad76b','1','系统设置-机构用户-用户管理','1','2016-11-21 16:28:04','192.168.7.1','Mozilla/5.0 (Windows NT 6.1; WOW64) AppleWebKit/537.36 (KHTML, like Gecko) Chrome/54.0.2840.99 Safari/537.36','/kcfw/a/sys/user/index','GET','',''),('457a0d40937b4b30884564784e23a2eb','1','系统设置-机构用户-用户管理-查看','1','2016-11-22 15:39:08','192.168.7.1','Mozilla/5.0 (Windows NT 6.1; WOW64) AppleWebKit/537.36 (KHTML, like Gecko) Chrome/54.0.2840.99 Safari/537.36','/kcfw/a/sys/user/form','GET','id=4',''),('4612d6ce0e5e47e1b98e45627bb3065b','1','在线办公-流程管理-流程管理','1','2016-11-18 16:50:56','127.0.0.1','Mozilla/5.0 (X11; Ubuntu; Linux x86_64; rv:39.0) Gecko/20100101 Firefox/39.0','/kcfw/a/act/process','GET','',''),('46170d9e072a4d13b5a96af1aacf1f0b','1','系统设置-机构用户-机构管理-修改','1','2016-11-22 10:47:16','192.168.7.1','Mozilla/5.0 (Windows NT 6.1; WOW64) AppleWebKit/537.36 (KHTML, like Gecko) Chrome/54.0.2840.99 Safari/537.36','/kcfw/a/sys/office/save','POST','id=8065fbd5cce349af9b4d345bcb954d34&parent.id=&parent.name=&area.id=2&area.name=福建省&name=专利机构&code=20000&type=1&grade=1&useable=1&primaryPerson.id=&office.primaryPerson.name=&deputyPerson.id=&office.deputyPerson.name=&address=&zipCode=&master=&phone=&fax=&email=&remarks=',''),('46b662ccfc1c4563a064e9fc665fbda6','1','系统设置-机构用户-用户管理-查看','1','2016-11-18 16:58:29','127.0.0.1','Mozilla/5.0 (X11; Ubuntu; Linux x86_64; rv:39.0) Gecko/20100101 Firefox/39.0','/kcfw/a/sys/user/list','GET','office.id=14&office.name=综合部',''),('46d6ec32215d4466983ff45b821b2cea','1','系统登录','1','2016-11-22 23:14:52','192.168.7.1','Mozilla/5.0 (Windows NT 6.1; WOW64) AppleWebKit/537.36 (KHTML, like Gecko) Chrome/54.0.2840.99 Safari/537.36','/kcfw/a','GET','login=',''),('4707a19cb3574ce5b2339f08c95f3448','1','系统登录','1','2016-11-22 22:56:32','192.168.7.1','Mozilla/5.0 (Windows NT 6.1; WOW64) AppleWebKit/537.36 (KHTML, like Gecko) Chrome/54.0.2840.99 Safari/537.36','/kcfw/a','GET','login=',''),('471c8fe870964bebb73566195a2ddba6','1','系统设置-机构用户-用户管理-查看','1','2016-11-18 16:08:58','127.0.0.1','Mozilla/5.0 (X11; Ubuntu; Linux x86_64; rv:39.0) Gecko/20100101 Firefox/39.0','/kcfw/a/sys/user/list','GET','office.id=6&office.name=ç åé¨',''),('47674ecb49334e43a5895ccdcd2fc168','1','系统设置-系统设置-字典管理-查看','1','2016-11-22 15:13:31','192.168.7.1','Mozilla/5.0 (Windows NT 6.1; WOW64) AppleWebKit/537.36 (KHTML, like Gecko) Chrome/54.0.2840.99 Safari/537.36','/kcfw/a/sys/dict/form','GET','description=专利申请状态&type=PATENT_STATUS&sort=30',''),('4790c29c6e314353a92f711388a08141','1','系统设置-机构用户-用户管理-查看','1','2016-11-18 15:58:51','127.0.0.1','Mozilla/5.0 (X11; Ubuntu; Linux x86_64; rv:39.0) Gecko/20100101 Firefox/39.0','/kcfw/a/sys/user/list','GET','office.id=3&office.name=ç»¼åé¨',''),('47bf396126404434a2252ecf1c28bb2d','1','系统设置-机构用户-区域管理-查看','1','2016-11-22 10:45:52','192.168.7.1','Mozilla/5.0 (Windows NT 6.1; WOW64) AppleWebKit/537.36 (KHTML, like Gecko) Chrome/54.0.2840.99 Safari/537.36','/kcfw/a/sys/area/form','GET','id=3',''),('47c742f2da04478ca055629c09143e6a','1','系统设置-机构用户-用户管理-查看','1','2016-11-18 16:44:07','127.0.0.1','Mozilla/5.0 (X11; Ubuntu; Linux x86_64; rv:39.0) Gecko/20100101 Firefox/39.0','/kcfw/a/sys/user/list','GET','',''),('47d32dc09de546acb2028785c68e8a1e','1','知识产权-专利申报-专利申报（本科生）','1','2016-11-20 18:00:51','127.0.0.1','Mozilla/5.0 (X11; Ubuntu; Linux x86_64; rv:39.0) Gecko/20100101 Firefox/39.0','/kcfw/a/sch/patent/schPatentUnder','GET','',''),('47def130975b41b68b5ecc0738b4568c','1','系统设置-机构用户-用户管理-修改','1','2016-11-22 15:39:59','192.168.7.1','Mozilla/5.0 (Windows NT 6.1; WOW64) AppleWebKit/537.36 (KHTML, like Gecko) Chrome/54.0.2840.99 Safari/537.36','/kcfw/a/sys/user/save','POST','id=5&photo=&company.id=1&company.name=厦门理工学院&office.id=5&office.name=校领导&no=0005&name=xld&oldLoginName=sd_jsb&loginName=sd_jsb&newPassword=&confirmNewPassword=&email=&phone=&mobile=&loginFlag=1&userType=&roleIdList=4&_roleIdList=on&remarks=',''),('481d64c627f54fa5bf97f40909eb0cc4','1','系统设置-机构用户-用户管理-查看','1','2016-11-22 11:32:48','192.168.7.1','Mozilla/5.0 (Windows NT 6.1; WOW64) AppleWebKit/537.36 (KHTML, like Gecko) Chrome/54.0.2840.99 Safari/537.36','/kcfw/a/sys/user/list','GET','repage=',''),('4836ced830a745b4af433b43bde289b4','1','内容管理-内容管理-评论管理-查看','1','2016-11-21 22:09:09','192.168.7.1','Mozilla/5.0 (Windows NT 6.1; WOW64) AppleWebKit/537.36 (KHTML, like Gecko) Chrome/54.0.2840.99 Safari/537.36','/kcfw/a/cms/comment/','GET','status=2',''),('48387ed299dd4baa84ee20ba488598dd','1','在线办公-个人办公-审批测试','7','2016-11-18 17:31:53','127.0.0.1','Mozilla/5.0 (X11; Ubuntu; Linux x86_64; rv:39.0) Gecko/20100101 Firefox/39.0','/kcfw/a/oa/testAudit','GET','',''),('484498c44d0b4ed3b15d536ea6e6642c','1','系统设置-系统设置-角色管理','1','2016-11-22 10:48:21','192.168.7.1','Mozilla/5.0 (Windows NT 6.1; WOW64) AppleWebKit/537.36 (KHTML, like Gecko) Chrome/54.0.2840.99 Safari/537.36','/kcfw/a/sys/role/','GET','repage=',''),('4854aac593bf4bf18bcbb20007ee6d22','1','我的面板-个人信息-个人信息','1','2016-11-22 13:01:09','192.168.7.1','Mozilla/5.0 (Windows NT 6.1; WOW64) AppleWebKit/537.36 (KHTML, like Gecko) Chrome/54.0.2840.99 Safari/537.36','/kcfw/a/sys/user/info','GET','',''),('4868b4ea0c3d43cc88b5d2655bae1374','1','系统设置-系统设置-角色管理','1','2016-11-20 17:42:11','127.0.0.1','Mozilla/5.0 (X11; Ubuntu; Linux x86_64; rv:39.0) Gecko/20100101 Firefox/39.0','/kcfw/a/sys/role/','GET','',''),('48b81cc77bce40cbb072b5279e494798','1','系统设置-系统设置-菜单管理-修改','1','2016-11-21 16:27:56','192.168.7.1','Mozilla/5.0 (Windows NT 6.1; WOW64) AppleWebKit/537.36 (KHTML, like Gecko) Chrome/54.0.2840.99 Safari/537.36','/kcfw/a/sys/menu/save','POST','id=&parent.id=d5d9045b5a9b488bb1304e18cb5ba5fd&parent.name=专利申报&name=专利机构信息&href=/sch/patent/schPatentAgency&target=&icon=&sort=60&isShow=1&permission=sch:patent:schPatentAgency:view,sch:patent:schPatentAgency:edit&remarks=',''),('48eaa9f865a745af962b322012b96bf6','1','系统设置-机构用户-用户管理','1','2016-11-18 15:23:33','127.0.0.1','Mozilla/5.0 (X11; Ubuntu; Linux x86_64; rv:39.0) Gecko/20100101 Firefox/39.0','/kcfw/a/sys/user/index','GET','',''),('496b119629334aafb04ad1e6cdaca141','1','系统设置-系统设置-角色管理','1','2016-11-22 16:43:52','192.168.7.1','Mozilla/5.0 (Windows NT 6.1; WOW64) AppleWebKit/537.36 (KHTML, like Gecko) Chrome/54.0.2840.99 Safari/537.36','/kcfw/a/sys/role/','GET','',''),('49caaccea5a84745a3e34bbd90973cdc','1','系统登录','1','2016-11-18 17:44:59','127.0.0.1','Mozilla/5.0 (X11; Ubuntu; Linux x86_64; rv:39.0) Gecko/20100101 Firefox/39.0','/kcfw/a','GET','login=',''),('4a320dc3360d4e389013039a9fb8ee18','1','在线办公-流程管理-模型管理','1','2016-11-18 15:40:33','127.0.0.1','Mozilla/5.0 (X11; Ubuntu; Linux x86_64; rv:39.0) Gecko/20100101 Firefox/39.0','/kcfw/a/act/model','GET','',''),('4a5fb69ad00642658ca922be844e5de3','1','系统登录','1','2016-11-21 22:05:29','192.168.7.1','Mozilla/5.0 (Windows NT 6.1; WOW64) AppleWebKit/537.36 (KHTML, like Gecko) Chrome/54.0.2840.99 Safari/537.36','/kcfw/a','GET','login=',''),('4a9d87e42ca6492e90fc9d87e01c4a97','1','系统登录','1','2016-11-22 23:07:27','192.168.7.1','Mozilla/5.0 (Windows NT 6.1; WOW64) AppleWebKit/537.36 (KHTML, like Gecko) Chrome/54.0.2840.99 Safari/537.36','/kcfw/a/sch/patent/schPatentAgency/form','GET','',''),('4aba75c5d59848168164010f1eb1ad2c','1','知识产权-专利申报-专利申报（本科生）','1','2016-11-21 22:15:15','192.168.7.1','Mozilla/5.0 (Windows NT 6.1; WOW64) AppleWebKit/537.36 (KHTML, like Gecko) Chrome/54.0.2840.99 Safari/537.36','/kcfw/a/sch/patent/schPatentUnder','GET','',''),('4ac719c0c52b4d12a81182db1f76fe32','1','系统设置-机构用户-用户管理','1','2016-11-21 16:23:58','192.168.7.1','Mozilla/5.0 (Windows NT 6.1; WOW64) AppleWebKit/537.36 (KHTML, like Gecko) Chrome/54.0.2840.99 Safari/537.36','/kcfw/a/sys/user/index','GET','',''),('4af9e3be1e82487193e2505e02a70ad6','1','系统设置-机构用户-用户管理-查看','1','2016-11-22 15:39:59','192.168.7.1','Mozilla/5.0 (Windows NT 6.1; WOW64) AppleWebKit/537.36 (KHTML, like Gecko) Chrome/54.0.2840.99 Safari/537.36','/kcfw/a/sys/user/list','GET','repage=',''),('4b011c5bf19f42ea945e7bcc8e369e60','1','系统设置-机构用户-机构管理-查看','1','2016-11-22 15:36:14','192.168.7.1','Mozilla/5.0 (Windows NT 6.1; WOW64) AppleWebKit/537.36 (KHTML, like Gecko) Chrome/54.0.2840.99 Safari/537.36','/kcfw/a/sys/office/list','GET','id=&parentIds=',''),('4bf4c5204b7243f89f5245abd0c5bbf7','1','系统设置-机构用户-用户管理-查看','1','2016-11-22 11:26:07','192.168.7.1','Mozilla/5.0 (Windows NT 6.1; WOW64) AppleWebKit/537.36 (KHTML, like Gecko) Chrome/54.0.2840.99 Safari/537.36','/kcfw/a/sys/user/list','GET','office.id=8065fbd5cce349af9b4d345bcb954d34&office.name=专利机构',''),('4c0c42f1a7ea4befa2e8cc54a2e7abcb','1','系统登录','3950253782ae438d9c402bbd3abfe1e2','2016-11-22 11:32:53','192.168.7.1','Mozilla/5.0 (Windows NT 6.1; WOW64) AppleWebKit/537.36 (KHTML, like Gecko) Chrome/54.0.2840.99 Safari/537.36','/kcfw/a','GET','login=',''),('4c3abfaf2c3d46b6ba72557011fb278d','1','知识产权-专利申报-专利机构信息','1','2016-11-21 22:58:44','192.168.7.1','Mozilla/5.0 (Windows NT 6.1; WOW64) AppleWebKit/537.36 (KHTML, like Gecko) Chrome/54.0.2840.99 Safari/537.36','/kcfw/a/sch/patent/schPatentAgency','GET','',''),('4c47f16df5e4489b9fac4526980159f6','1','系统登录','1','2016-11-22 23:17:31','192.168.7.1','Mozilla/5.0 (Windows NT 6.1; WOW64) AppleWebKit/537.36 (KHTML, like Gecko) Chrome/54.0.2840.99 Safari/537.36','/kcfw/a','GET','login=',''),('4c4edc486c054b5ab2f9188daf522721','1','知识产权-专利申报-专利申报（本科生）','1','2016-11-20 17:59:08','127.0.0.1','Mozilla/5.0 (X11; Ubuntu; Linux x86_64; rv:39.0) Gecko/20100101 Firefox/39.0','/kcfw/a/sch/patent/schPatentUnder','GET','',''),('4c6f34f0cbf048cc95f8e2362d7a22e6','1','知识产权-专利申报-专利申报（本科生）','1','2016-11-21 22:53:02','192.168.7.1','Mozilla/5.0 (Windows NT 6.1; WOW64) AppleWebKit/537.36 (KHTML, like Gecko) Chrome/54.0.2840.99 Safari/537.36','/kcfw/a/sch/patent/schPatentUnder','GET','',''),('4cd623bd7d294d9dbabf05d926004810','1','内容管理-内容管理-内容发布','1','2016-11-21 22:26:58','192.168.7.1','Mozilla/5.0 (Windows NT 6.1; WOW64) AppleWebKit/537.36 (KHTML, like Gecko) Chrome/54.0.2840.99 Safari/537.36','/kcfw/a/cms/','GET','',''),('4e9853991ab04ffbabc503f47b4f1754','1','系统设置-机构用户-用户管理-查看','1','2016-11-22 15:39:27','192.168.7.1','Mozilla/5.0 (Windows NT 6.1; WOW64) AppleWebKit/537.36 (KHTML, like Gecko) Chrome/54.0.2840.99 Safari/537.36','/kcfw/a/sys/user/list','GET','repage=',''),('4e9c1625c1324356994860b6a59bba79','1','系统设置-机构用户-机构管理-查看','1','2016-11-22 15:36:23','192.168.7.1','Mozilla/5.0 (Windows NT 6.1; WOW64) AppleWebKit/537.36 (KHTML, like Gecko) Chrome/54.0.2840.99 Safari/537.36','/kcfw/a/sys/office/list','GET','id=1&parentIds=0,1,',''),('4e9dae675c0444328e4592d791b77e75','1','在线办公-个人办公-我的任务','36ba3cc834ad4fa9a00cea224296b154','2016-11-18 17:29:18','127.0.0.1','Mozilla/5.0 (X11; Ubuntu; Linux x86_64; rv:39.0) Gecko/20100101 Firefox/39.0','/kcfw/a/act/task/todo/','GET','',''),('4ee2f76e1be94e4da738b0c9cde36550','1','在线办公-流程管理-流程管理','7','2016-11-18 17:40:17','127.0.0.1','Mozilla/5.0 (X11; Ubuntu; Linux x86_64; rv:39.0) Gecko/20100101 Firefox/39.0','/kcfw/a/act/process','GET','',''),('4fabd27ea46c45d8b9a532f4bc058626','1','系统设置-机构用户-区域管理-修改','1','2016-11-22 10:45:56','192.168.7.1','Mozilla/5.0 (Windows NT 6.1; WOW64) AppleWebKit/537.36 (KHTML, like Gecko) Chrome/54.0.2840.99 Safari/537.36','/kcfw/a/sys/area/save','POST','id=3&parent.id=2&parent.name=福建省&name=厦门市&code=110101&type=3&remarks=',''),('4fc161147c3243868f36192dfa82c9d2','1','我的面板-个人信息-个人信息','1','2016-11-19 23:57:05','127.0.0.1','Mozilla/5.0 (X11; Ubuntu; Linux x86_64; rv:39.0) Gecko/20100101 Firefox/39.0','/kcfw/a/sys/user/info','GET','',''),('4fcca52550f84af1b336211b176b982b','1','系统设置-机构用户-机构管理-查看','1','2016-11-22 15:36:56','192.168.7.1','Mozilla/5.0 (Windows NT 6.1; WOW64) AppleWebKit/537.36 (KHTML, like Gecko) Chrome/54.0.2840.99 Safari/537.36','/kcfw/a/sys/office/list','GET','id=1&parentIds=0,1,',''),('4ff214967c254045935b6f8d69a9ba5a','1','在线办公-个人办公-我的任务','1','2016-11-18 17:41:31','127.0.0.1','Mozilla/5.0 (X11; Ubuntu; Linux x86_64; rv:39.0) Gecko/20100101 Firefox/39.0','/kcfw/a/act/task/todo/','GET','',''),('50612b2bf02b46eb80113ca40c82a58d','1','知识产权-专利申报-专利申报管理','1','2016-11-22 14:59:46','192.168.7.1','Mozilla/5.0 (Windows NT 6.1; WOW64) AppleWebKit/537.36 (KHTML, like Gecko) Chrome/54.0.2840.99 Safari/537.36','/kcfw/a/sch/patent/schPatentUnder','GET','',''),('508b8fd422d84e1ea729a7afeeca40f3','1','知识产权-专利申报-专利申报（本科生）','1','2016-11-20 18:12:06','192.168.7.1','Mozilla/5.0 (Windows NT 6.1; WOW64) AppleWebKit/537.36 (KHTML, like Gecko) Chrome/54.0.2840.99 Safari/537.36','/kcfw/a/sch/patent/schPatentUnder','GET','',''),('50b05c943be947388440055c0af454ec','1','系统设置-机构用户-用户管理-查看','1','2016-11-18 17:02:59','127.0.0.1','Mozilla/5.0 (X11; Ubuntu; Linux x86_64; rv:39.0) Gecko/20100101 Firefox/39.0','/kcfw/a/sys/user/list','GET','office.id=3&office.name=综合部',''),('50d5087cf9754e61ae95ebc6d8fce338','1','系统设置-机构用户-用户管理','1','2016-11-21 16:27:10','192.168.7.1','Mozilla/5.0 (Windows NT 6.1; WOW64) AppleWebKit/537.36 (KHTML, like Gecko) Chrome/54.0.2840.99 Safari/537.36','/kcfw/a/sys/user/index','GET','',''),('5137508571c644b9ad944df1f1b9e2ad','1','系统设置-系统设置-菜单管理-查看','1','2016-11-20 17:41:31','127.0.0.1','Mozilla/5.0 (X11; Ubuntu; Linux x86_64; rv:39.0) Gecko/20100101 Firefox/39.0','/kcfw/a/sys/menu/form','GET','parent.id=d5d9045b5a9b488bb1304e18cb5ba5fd',''),('513e419e195145a887a703e690ef987e','1','系统设置-机构用户-用户管理-查看','1','2016-11-18 17:31:09','127.0.0.1','Mozilla/5.0 (X11; Ubuntu; Linux x86_64; rv:39.0) Gecko/20100101 Firefox/39.0','/kcfw/a/sys/user/list','GET','office.id=10&office.name=市场部',''),('514a080fde06479292f480c609faf933','2','','1','2016-11-22 14:49:14','192.168.7.1','Mozilla/5.0 (Windows NT 6.1; WOW64) AppleWebKit/537.36 (KHTML, like Gecko) Chrome/54.0.2840.99 Safari/537.36','/kcfw/a/sch/patent/schPatentUnder/form','GET','','org.apache.jasper.JasperException: An exception occurred processing JSP page /WEB-INF/views/modules/sch/patent/schPatentUnderForm.jsp at line 103\n\n100: 					title=\"部门\" url=\"/sys/office/treeData?type=2\" cssClass=\"required\" cssStyle=\"width:150px\"  allowClear=\"true\" notAllowSelectParent=\"true\"/>\n101: 					</td><td class=\"tit\"><span class=\"help-inline\"><font color=\"red\">*</font> </span>专利代理机构：</td><td>\n102: 						<form:select path=\"spuProxyId\" class=\"input-large required\">\n103: 							<form:options items=\"${schPatentAgencyLiss}\" itemLabel=\"value\" itemValue=\"key\" htmlEscape=\"false\"/>\n104: 						</form:select>\n105: 					</td>\n106: 				</tr>\n\n\nStacktrace:\n	at org.apache.jasper.servlet.JspServletWrapper.handleJspException(JspServletWrapper.java:575)\n	at org.apache.jasper.servlet.JspServletWrapper.service(JspServletWrapper.java:477)\n	at org.apache.jasper.servlet.JspServlet.serviceJspFile(JspServlet.java:395)\n	at org.apache.jasper.servlet.JspServlet.service(JspServlet.java:339)\n	at javax.servlet.http.HttpServlet.service(HttpServlet.java:731)\n	at org.apache.catalina.core.ApplicationFilterChain.internalDoFilter(ApplicationFilterChain.java:303)\n	at org.apache.catalina.core.ApplicationFilterChain.doFilter(ApplicationFilterChain.java:208)\n	at org.apache.tomcat.websocket.server.WsFilter.doFilter(WsFilter.java:52)\n	at org.apache.catalina.core.ApplicationFilterChain.internalDoFilter(ApplicationFilterChain.java:241)\n	at org.apache.catalina.core.ApplicationFilterChain.doFilter(ApplicationFilterChain.java:208)\n	at org.apache.catalina.core.ApplicationDispatcher.invoke(ApplicationDispatcher.java:747)\n	at org.apache.catalina.core.ApplicationDispatcher.processRequest(ApplicationDispatcher.java:485)\n	at org.apache.catalina.core.ApplicationDispatcher.doForward(ApplicationDispatcher.java:410)\n	at org.apache.catalina.core.ApplicationDispatcher.forward(ApplicationDispatcher.java:337)\n	at org.springframework.web.servlet.view.InternalResourceView.renderMergedOutputModel(InternalResourceView.java:168)\n	at org.springframework.web.servlet.view.AbstractView.render(AbstractView.java:303)\n	at org.springframework.web.servlet.DispatcherServlet.render(DispatcherServlet.java:1243)\n	at org.springframework.web.servlet.DispatcherServlet.processDispatchResult(DispatcherServlet.java:1027)\n	at org.springframework.web.servlet.DispatcherServlet.doDispatch(DispatcherServlet.java:971)\n	at org.springframework.web.servlet.DispatcherServlet.doService(DispatcherServlet.java:893)\n	at org.springframework.web.servlet.FrameworkServlet.processRequest(FrameworkServlet.java:965)\n	at org.springframework.web.servlet.FrameworkServlet.doGet(FrameworkServlet.java:856)\n	at javax.servlet.http.HttpServlet.service(HttpServlet.java:624)\n	at org.springframework.web.servlet.FrameworkServlet.service(FrameworkServlet.java:841)\n	at javax.servlet.http.HttpServlet.service(HttpServlet.java:731)\n	at org.apache.catalina.core.ApplicationFilterChain.internalDoFilter(ApplicationFilterChain.java:303)\n	at org.apache.catalina.core.ApplicationFilterChain.doFilter(ApplicationFilterChain.java:208)\n	at org.apache.tomcat.websocket.server.WsFilter.doFilter(WsFilter.java:52)\n	at org.apache.catalina.core.ApplicationFilterChain.internalDoFilter(ApplicationFilterChain.java:241)\n	at org.apache.catalina.core.ApplicationFilterChain.doFilter(ApplicationFilterChain.java:208)\n	at com.opensymphony.sitemesh.webapp.SiteMeshFilter.obtainContent(SiteMeshFilter.java:129)\n	at com.opensymphony.sitemesh.webapp.SiteMeshFilter.doFilter(SiteMeshFilter.java:77)\n	at org.apache.catalina.core.ApplicationFilterChain.internalDoFilter(ApplicationFilterChain.java:241)\n	at org.apache.catalina.core.ApplicationFilterChain.doFilter(ApplicationFilterChain.java:208)\n	at org.apache.shiro.web.servlet.ProxiedFilterChain.doFilter(ProxiedFilterChain.java:61)\n	at org.apache.shiro.web.servlet.AdviceFilter.executeChain(AdviceFilter.java:108)\n	at org.apache.shiro.web.servlet.AdviceFilter.doFilterInternal(AdviceFilter.java:137)\n	at org.apache.shiro.web.servlet.OncePerRequestFilter.doFilter(OncePerRequestFilter.java:125)\n	at org.apache.shiro.web.servlet.ProxiedFilterChain.doFilter(ProxiedFilterChain.java:66)\n	at org.apache.shiro.web.servlet.AbstractShiroFilter.executeChain(AbstractShiroFilter.java:449)\n	at org.apache.shiro.web.servlet.AbstractShiroFilter$1.call(AbstractShiroFilter.java:365)\n	at org.apache.shiro.subject.support.SubjectCallable.doCall(SubjectCallable.java:90)\n	at org.apache.shiro.subject.support.SubjectCallable.call(SubjectCallable.java:83)\n	at org.apache.shiro.subject.support.DelegatingSubject.execute(DelegatingSubject.java:383)\n	at org.apache.shiro.web.servlet.AbstractShiroFilter.doFilterInternal(AbstractShiroFilter.java:362)\n	at org.apache.shiro.web.servlet.OncePerRequestFilter.doFilter(OncePerRequestFilter.java:125)\n	at org.springframework.web.filter.DelegatingFilterProxy.invokeDelegate(DelegatingFilterProxy.java:344)\n	at org.springframework.web.filter.DelegatingFilterProxy.doFilter(DelegatingFilterProxy.java:261)\n	at org.apache.catalina.core.ApplicationFilterChain.internalDoFilter(ApplicationFilterChain.java:241)\n	at org.apache.catalina.core.ApplicationFilterChain.doFilter(ApplicationFilterChain.java:208)\n	at org.springframework.web.filter.CharacterEncodingFilter.doFilterInternal(CharacterEncodingFilter.java:85)\n	at org.springframework.web.filter.OncePerRequestFilter.doFilter(OncePerRequestFilter.java:107)\n	at org.apache.catalina.core.ApplicationFilterChain.internalDoFilter(ApplicationFilterChain.java:241)\n	at org.apache.catalina.core.ApplicationFilterChain.doFilter(ApplicationFilterChain.java:208)\n	at org.apache.catalina.core.StandardWrapperValve.invoke(StandardWrapperValve.java:218)\n	at org.apache.catalina.core.StandardContextValve.invoke(StandardContextValve.java:122)\n	at org.apache.catalina.authenticator.AuthenticatorBase.invoke(AuthenticatorBase.java:505)\n	at org.apache.catalina.core.StandardHostValve.invoke(StandardHostValve.java:169)\n	at org.apache.catalina.valves.ErrorReportValve.invoke(ErrorReportValve.java:103)\n	at org.apache.catalina.valves.AccessLogValve.invoke(AccessLogValve.java:956)\n	at org.apache.catalina.core.StandardEngineValve.invoke(StandardEngineValve.java:116)\n	at org.apache.catalina.connector.CoyoteAdapter.service(CoyoteAdapter.java:442)\n	at org.apache.coyote.http11.AbstractHttp11Processor.process(AbstractHttp11Processor.java:1082)\n	at org.apache.coyote.AbstractProtocol$AbstractConnectionHandler.process(AbstractProtocol.java:623)\n	at org.apache.tomcat.util.net.JIoEndpoint$SocketProcessor.run(JIoEndpoint.java:316)\n	at java.util.concurrent.ThreadPoolExecutor.runWorker(ThreadPoolExecutor.java:1142)\n	at java.util.concurrent.ThreadPoolExecutor$Worker.run(ThreadPoolExecutor.java:617)\n	at org.apache.tomcat.util.threads.TaskThread$WrappingRunnable.run(TaskThread.java:61)\n	at java.lang.Thread.run(Thread.java:745)\nCaused by: org.springframework.beans.NotReadablePropertyException: Invalid property \'key\' of bean class [java.lang.String]: Bean property \'key\' is not readable or has an invalid getter method: Does the return type of the getter match the parameter type of the setter?\n	at org.springframework.beans.BeanWrapperImpl.getPropertyValue(BeanWrapperImpl.java:731)\n	at org.springframework.beans.BeanWrapperImpl.getPropertyValue(BeanWrapperImpl.java:722)\n	at org.springframework.web.servlet.tags.form.OptionWriter.renderFromMap(OptionWriter.java:166)\n	at org.springframework.web.servlet.tags.form.OptionWriter.writeOptions(OptionWriter.java:136)\n	at org.springframework.web.servlet.tags.form.OptionsTag.writeTagContent(OptionsTag.java:157)\n	at org.springframework.web.servlet.tags.form.AbstractFormTag.doStartTagInternal(AbstractFormTag.java:84)\n	at org.springframework.web.servlet.tags.RequestContextAwareTag.doStartTag(RequestContextAwareTag.java:80)\n	at org.apache.jsp.WEB_002dINF.views.modules.sch.patent.schPatentUnderForm_jsp._jspx_meth_form_005foptions_005f1(schPatentUnderForm_jsp.java:984)\n	at org.apache.jsp.WEB_002dINF.views.modules.sch.patent.schPatentUnderForm_jsp._jspx_meth_form_005fselect_005f1(schPatentUnderForm_jsp.java:943)\n	at org.apache.jsp.WEB_002dINF.views.modules.sch.patent.schPatentUnderForm_jsp._jspService(schPatentUnderForm_jsp.java:366)\n	at org.apache.jasper.runtime.HttpJspBase.service(HttpJspBase.java:70)\n	at javax.servlet.http.HttpServlet.service(HttpServlet.java:731)\n	at org.apache.jasper.servlet.JspServletWrapper.service(JspServletWrapper.java:439)\n	... 67 more\n'),('515961a044634097a63d9e7001b5f26c','1','知识产权-专利申报-专利机构信息','1','2016-11-21 22:06:21','192.168.7.1','Mozilla/5.0 (Windows NT 6.1; WOW64) AppleWebKit/537.36 (KHTML, like Gecko) Chrome/54.0.2840.99 Safari/537.36','/kcfw/a/sch/patent/schPatentAgency','GET','',''),('51bf819276664469bbd0a280d74f094d','1','系统设置-机构用户-用户管理-查看','1','2016-11-20 00:08:40','127.0.0.1','Mozilla/5.0 (X11; Ubuntu; Linux x86_64; rv:39.0) Gecko/20100101 Firefox/39.0','/kcfw/a/sys/user/list','GET','',''),('51c63a79993c4f43989e5fbfce9515e7','1','系统设置-系统设置-字典管理-修改','1','2016-11-20 00:10:20','127.0.0.1','Mozilla/5.0 (X11; Ubuntu; Linux x86_64; rv:39.0) Gecko/20100101 Firefox/39.0','/kcfw/a/sys/dict/save','POST','id=a20ee2d8ac724e1fa7958ca92b78bcdc&value=1&label=发明&type=PATENT_TYPE&description=专利类型&sort=10&remarks=',''),('51e30a7f71474966b05baabc1aab33bf','1','代码生成-代码生成-业务表配置','1','2016-11-20 17:43:01','127.0.0.1','Mozilla/5.0 (X11; Ubuntu; Linux x86_64; rv:39.0) Gecko/20100101 Firefox/39.0','/kcfw/a/gen/genTable','GET','',''),('5294c6ea0f7c4968b65efd5809cc43c2','1','系统设置-机构用户-机构管理-修改','1','2016-11-22 15:37:14','192.168.7.1','Mozilla/5.0 (Windows NT 6.1; WOW64) AppleWebKit/537.36 (KHTML, like Gecko) Chrome/54.0.2840.99 Safari/537.36','/kcfw/a/sys/office/save','POST','id=4&parent.id=1&parent.name=厦门理工学院&area.id=2&area.name=福建省&name=产学融合发展处&code=100003&type=2&grade=1&useable=1&primaryPerson.id=&office.primaryPerson.name=&deputyPerson.id=&office.deputyPerson.name=&address=&zipCode=&master=&phone=&fax=&email=&remarks=',''),('53331e047bb3410490d3ab058ad6f3a4','1','系统登录','1','2016-11-22 15:33:15','192.168.7.1','Mozilla/5.0 (Windows NT 6.1; WOW64) AppleWebKit/537.36 (KHTML, like Gecko) Chrome/54.0.2840.99 Safari/537.36','/kcfw/a/sch/patent/schPatentUnder','GET','',''),('53cd446c22a04675b4c5c19749da1060','1','系统设置-系统设置-菜单管理','1','2016-11-22 14:46:00','192.168.7.1','Mozilla/5.0 (Windows NT 6.1; WOW64) AppleWebKit/537.36 (KHTML, like Gecko) Chrome/54.0.2840.99 Safari/537.36','/kcfw/a/sys/menu/','GET','',''),('53d081aaa2a14465add51075da576ccf','1','系统设置-系统设置-菜单管理-修改','1','2016-11-20 17:40:31','127.0.0.1','Mozilla/5.0 (X11; Ubuntu; Linux x86_64; rv:39.0) Gecko/20100101 Firefox/39.0','/kcfw/a/sys/menu/save','POST','id=d5d9045b5a9b488bb1304e18cb5ba5fd&parent.id=c0671c3c569e49c283ad38c02fbe062e&parent.name=知识产权&name=专利申报（本科生）&href=/sch/patent/schPatentUnder&target=&icon=&sort=30&isShow=1&permission=sch:patent:schPatentUnder:view;sch:patent:schPatentUnder:edit&remarks=',''),('54e27163c6a440449c048ae859cb0100','1','我的面板-个人信息-个人信息','36ba3cc834ad4fa9a00cea224296b154','2016-11-18 15:42:50','127.0.0.1','Mozilla/5.0 (X11; Ubuntu; Linux x86_64; rv:39.0) Gecko/20100101 Firefox/39.0','/kcfw/a/sys/user/info','GET','',''),('55dbe5687f7c49edb25f4cfc8b022797','1','系统设置-机构用户-用户管理','1','2016-11-22 15:12:28','192.168.7.1','Mozilla/5.0 (Windows NT 6.1; WOW64) AppleWebKit/537.36 (KHTML, like Gecko) Chrome/54.0.2840.99 Safari/537.36','/kcfw/a/sys/user/index','GET','',''),('56035ce6cfe7472ba4ed04c27e39746d','1','系统设置-机构用户-区域管理','1','2016-11-22 10:45:50','192.168.7.1','Mozilla/5.0 (Windows NT 6.1; WOW64) AppleWebKit/537.36 (KHTML, like Gecko) Chrome/54.0.2840.99 Safari/537.36','/kcfw/a/sys/area/','GET','',''),('56192b4ccd8f4e74901ad64d7364abac','1','我的面板-个人信息-个人信息','1','2016-11-21 15:59:57','192.168.7.1','Mozilla/5.0 (Windows NT 6.1; WOW64) AppleWebKit/537.36 (KHTML, like Gecko) Chrome/54.0.2840.99 Safari/537.36','/kcfw/a/sys/user/info','GET','',''),('56adf2ad88d34d529b198f5d7ee76efb','1','在线办公-流程管理-模型管理','1','2016-11-21 22:09:44','192.168.7.1','Mozilla/5.0 (Windows NT 6.1; WOW64) AppleWebKit/537.36 (KHTML, like Gecko) Chrome/54.0.2840.99 Safari/537.36','/kcfw/a/act/model','GET','',''),('56e92b8d4c9f43728024b82cfdbc8854','1','知识产权-专利申报-专利申报（本科生）','1','2016-11-21 22:14:49','192.168.7.1','Mozilla/5.0 (Windows NT 6.1; WOW64) AppleWebKit/537.36 (KHTML, like Gecko) Chrome/54.0.2840.99 Safari/537.36','/kcfw/a/sch/patent/schPatentUnder','GET','',''),('57482e723c4b4799bb023665c05cfb21','1','系统设置-机构用户-用户管理-查看','1','2016-11-22 11:33:45','192.168.7.1','Mozilla/5.0 (Windows NT 6.1; WOW64) AppleWebKit/537.36 (KHTML, like Gecko) Chrome/54.0.2840.99 Safari/537.36','/kcfw/a/sys/user/list','GET','',''),('577d8d552c6142f887e43126e16e74c3','1','在线办公-通知通告-我的通告','1','2016-11-18 16:47:31','127.0.0.1','Mozilla/5.0 (X11; Ubuntu; Linux x86_64; rv:39.0) Gecko/20100101 Firefox/39.0','/kcfw/a/oa/oaNotify/self','GET','',''),('578d9f85f4944469bad6e556caed5dc3','1','系统登录','1','2016-11-20 18:12:05','192.168.7.1','Mozilla/5.0 (Windows NT 6.1; WOW64) AppleWebKit/537.36 (KHTML, like Gecko) Chrome/54.0.2840.99 Safari/537.36','/kcfw/a','GET','login=',''),('579453350d774734ae4897771eeff4a9','1','在线办公-个人办公-我的任务','1','2016-11-18 15:51:28','127.0.0.1','Mozilla/5.0 (X11; Ubuntu; Linux x86_64; rv:39.0) Gecko/20100101 Firefox/39.0','/kcfw/a/act/task/todo/','GET','',''),('57e710ee96a7415ebed7b54df2b00492','1','系统设置-机构用户-用户管理','1','2016-11-18 15:42:09','127.0.0.1','Mozilla/5.0 (X11; Ubuntu; Linux x86_64; rv:39.0) Gecko/20100101 Firefox/39.0','/kcfw/a/sys/user/index','GET','',''),('57e872780a04437ca60a4339ef60936f','1','在线办公-个人办公-审批测试','1','2016-11-20 18:03:13','127.0.0.1','Mozilla/5.0 (X11; Ubuntu; Linux x86_64; rv:39.0) Gecko/20100101 Firefox/39.0','/kcfw/a/oa/testAudit','GET','',''),('58268957784d464fb63b552ab2519389','1','知识产权-专利申报-专利机构信息','1','2016-11-22 23:00:37','192.168.7.1','Mozilla/5.0 (Windows NT 6.1; WOW64) AppleWebKit/537.36 (KHTML, like Gecko) Chrome/54.0.2840.99 Safari/537.36','/kcfw/a/sch/patent/schPatentAgency','GET','',''),('58b2eebd27f14be0924d7c598ae5e496','1','系统设置-机构用户-用户管理','1','2016-11-18 16:46:14','127.0.0.1','Mozilla/5.0 (X11; Ubuntu; Linux x86_64; rv:39.0) Gecko/20100101 Firefox/39.0','/kcfw/a/sys/user/index','GET','',''),('59055421cbb54a139160bbbbf84e22b8','1','代码生成-代码生成-生成方案配置','1','2016-11-20 17:14:04','127.0.0.1','Mozilla/5.0 (X11; Ubuntu; Linux x86_64; rv:39.0) Gecko/20100101 Firefox/39.0','/kcfw/a/gen/genScheme','GET','',''),('599cc5a4de294323a6c8613255afcb06','1','系统登录','1','2016-11-22 13:01:08','192.168.7.1','Mozilla/5.0 (Windows NT 6.1; WOW64) AppleWebKit/537.36 (KHTML, like Gecko) Chrome/54.0.2840.99 Safari/537.36','/kcfw/a;JSESSIONID=f1aeb55c77f54b1d851868ed6746e5da','GET','login=',''),('59a0e43e2b1b4bde9e8cf9a0f188f3eb','1','系统设置-机构用户-用户管理-查看','1','2016-11-21 16:28:04','192.168.7.1','Mozilla/5.0 (Windows NT 6.1; WOW64) AppleWebKit/537.36 (KHTML, like Gecko) Chrome/54.0.2840.99 Safari/537.36','/kcfw/a/sys/user/list','GET','',''),('5a61631d066643c9b63c1a2b2219b9ae','1','知识产权-专利申报-专利申报管理','1','2016-11-22 15:57:21','192.168.7.1','Mozilla/5.0 (Windows NT 6.1; WOW64) AppleWebKit/537.36 (KHTML, like Gecko) Chrome/54.0.2840.99 Safari/537.36','/kcfw/a/sch/patent/schPatentUnder','GET','',''),('5a821c2941324dcb83d278868c4913e5','1','在线办公-流程管理-流程管理','1','2016-11-18 15:41:36','127.0.0.1','Mozilla/5.0 (X11; Ubuntu; Linux x86_64; rv:39.0) Gecko/20100101 Firefox/39.0','/kcfw/a/act/process','GET','',''),('5a8682f966ed4bba8006ab91e5bcfa2c','1','知识产权-专利申报-专利申报（本科生）','1','2016-11-20 17:46:52','127.0.0.1','Mozilla/5.0 (X11; Ubuntu; Linux x86_64; rv:39.0) Gecko/20100101 Firefox/39.0','/kcfw/a/sch/patent/schPatentUnder','GET','',''),('5ac2b3b18d314b4da8b96eca020d4389','1','系统设置-机构用户-用户管理','1','2016-11-22 10:45:28','192.168.7.1','Mozilla/5.0 (Windows NT 6.1; WOW64) AppleWebKit/537.36 (KHTML, like Gecko) Chrome/54.0.2840.99 Safari/537.36','/kcfw/a/sys/user/index','GET','',''),('5ac354873be24ed28f994924b7d06757','1','系统设置-系统设置-角色管理','1','2016-11-18 17:31:15','127.0.0.1','Mozilla/5.0 (X11; Ubuntu; Linux x86_64; rv:39.0) Gecko/20100101 Firefox/39.0','/kcfw/a/sys/role/','GET','',''),('5af7d18f109441538a9d532aea2b1d85','1','系统设置-机构用户-用户管理-查看','1','2016-11-18 15:42:16','127.0.0.1','Mozilla/5.0 (X11; Ubuntu; Linux x86_64; rv:39.0) Gecko/20100101 Firefox/39.0','/kcfw/a/sys/user/form','GET','',''),('5bffb670ddd145bf8529149485868e51','1','系统设置-机构用户-用户管理-查看','1','2016-11-18 15:39:07','127.0.0.1','Mozilla/5.0 (X11; Ubuntu; Linux x86_64; rv:39.0) Gecko/20100101 Firefox/39.0','/kcfw/a/sys/user/list','GET','office.id=5&office.name=ææ¯é¨',''),('5c141fb7fae4485eaa00980db0baa984','1','系统设置-机构用户-用户管理-查看','1','2016-11-22 15:39:03','192.168.7.1','Mozilla/5.0 (Windows NT 6.1; WOW64) AppleWebKit/537.36 (KHTML, like Gecko) Chrome/54.0.2840.99 Safari/537.36','/kcfw/a/sys/user/list','GET','repage=',''),('5c2e550a439147eeba56cdf347e7d4f5','1','知识产权-专利申报-专利机构信息','1','2016-11-22 22:58:03','192.168.7.1','Mozilla/5.0 (Windows NT 6.1; WOW64) AppleWebKit/537.36 (KHTML, like Gecko) Chrome/54.0.2840.99 Safari/537.36','/kcfw/a/sch/patent/schPatentAgency','GET','',''),('5c332e299e9f4f2e89890081a3207c4f','1','系统设置-系统设置-字典管理','1','2016-11-20 17:13:37','127.0.0.1','Mozilla/5.0 (X11; Ubuntu; Linux x86_64; rv:39.0) Gecko/20100101 Firefox/39.0','/kcfw/a/sys/dict/','GET','repage=&type=INVENTOR_TYPE',''),('5c496097659d469183c61550f7c43751','1','知识产权-专利申报-专利机构信息','1','2016-11-22 23:00:19','192.168.7.1','Mozilla/5.0 (Windows NT 6.1; WOW64) AppleWebKit/537.36 (KHTML, like Gecko) Chrome/54.0.2840.99 Safari/537.36','/kcfw/a/sch/patent/schPatentAgency','GET','',''),('5c530481f3cb4e468e264ff2485e492a','1','系统设置-机构用户-机构管理-查看','1','2016-11-22 15:37:44','192.168.7.1','Mozilla/5.0 (Windows NT 6.1; WOW64) AppleWebKit/537.36 (KHTML, like Gecko) Chrome/54.0.2840.99 Safari/537.36','/kcfw/a/sys/office/list','GET','id=1&parentIds=0,1,',''),('5c601affe5214b0cb5085f52489fd760','1','系统设置-机构用户-用户管理','1','2016-11-22 23:15:28','192.168.7.1','Mozilla/5.0 (Windows NT 6.1; WOW64) AppleWebKit/537.36 (KHTML, like Gecko) Chrome/54.0.2840.99 Safari/537.36','/kcfw/a/sys/user/index','GET','',''),('5c65bd748b1747ce998196701ce13116','1','系统设置-系统设置-字典管理-修改','1','2016-11-20 00:10:47','127.0.0.1','Mozilla/5.0 (X11; Ubuntu; Linux x86_64; rv:39.0) Gecko/20100101 Firefox/39.0','/kcfw/a/sys/dict/save','POST','id=&value=3&label=外观设计&type=PATENT_TYPE&description=专利类型&sort=30&remarks=',''),('5c9081db07cf4bde9ca93ab54238d306','1','系统设置-系统设置-字典管理-查看','1','2016-11-22 15:13:21','192.168.7.1','Mozilla/5.0 (Windows NT 6.1; WOW64) AppleWebKit/537.36 (KHTML, like Gecko) Chrome/54.0.2840.99 Safari/537.36','/kcfw/a/sys/dict/form','GET','description=专利申请状态&type=PATENT_STATUS&sort=20',''),('5cfcf0fd4f134c3a8cd999b825054bc2','1','系统登录','1','2016-11-20 17:20:56','127.0.0.1','Mozilla/5.0 (X11; Ubuntu; Linux x86_64; rv:39.0) Gecko/20100101 Firefox/39.0','/kcfw/a/gen/genTable/save','POST','id=251c23b757a349f88153bbcc073b5bf2&name=sch_patent_under&comments=专利申报（本科生）&className=SchPatentUnder&parentTable=&parentTableFk=&remarks=&columnList[0].id=e663219a0d3f451e8ef268ec13208067&columnList[0].delFlag=0&columnList[0].genTable.id=251c23b757a349f88153bbcc073b5bf2&columnList[0].name=spu_id&columnList[0].comments=spu_id&columnList[0].jdbcType=int(11)&columnList[0].javaType=String&columnList[0].javaField=spuId&_columnList[0].isPk=1&columnList[0].isPk=1&columnList[0].isNull=0&columnList[0].isInsert=0&columnList[0].isEdit=0&columnList[0].isList=0&columnList[0].isQuery=0&columnList[0].queryType==&columnList[0].showType=input&columnList[0].dictType=&columnList[0].sort=10&columnList[1].id=31e0174856f445b898aee718906937c4&columnList[1].delFlag=0&columnList[1].genTable.id=251c23b757a349f88153bbcc073b5bf2&columnList[1].name=spu_name&columnList[1].comments=专利名称&columnList[1].jdbcType=varchar(200)&columnList[1].javaType=String&columnList[1].javaField=spuName&columnList[1].isPk=0&columnList[1].isNull=0&_columnList[1].isInsert=1&columnList[1].isInsert=1&_columnList[1].isEdit=1&columnList[1].isEdit=1&_columnList[1].isList=1&columnList[1].isList=1&_columnList[1].isQuery=1&columnList[1].isQuery=1&columnList[1].queryType=like&columnList[1].showType=input&columnList[1].dictType=&columnList[1].sort=20&columnList[2].id=531cade37e044ac9b76ce4ab1753eb83&columnList[2].delFlag=0&columnList[2].genTable.id=251c23b757a349f88153bbcc073b5bf2&columnList[2].name=spu_type_code&columnList[2].comments=专利类型代码&columnList[2].jdbcType=varchar(45)&columnList[2].javaType=String&columnList[2].javaField=spuTypeCode&columnList[2].isPk=0&columnList[2].isNull=0&_columnList[2].isInsert=1&columnList[2].isInsert=1&columnList[2].isEdit=0&columnList[2].isList=0&columnList[2].isQuery=0&columnList[2].queryType==&columnList[2].showType=input&columnList[2].dictType=&columnList[2].sort=30&columnList[3].id=ce528c117279418894884d87aa2c8135&columnList[3].delFlag=0&columnList[3].genTable.id=251c23b757a349f88153bbcc073b5bf2&columnList[3].name=spu_type_name&columnList[3].comments=专利类型名称&columnList[3].jdbcType=varchar(45)&columnList[3].javaType=String&columnList[3].javaField=spuTypeName&columnList[3].isPk=0&columnList[3].isNull=0&_columnList[3].isInsert=1&columnList[3].isInsert=1&_columnList[3].isEdit=1&columnList[3].isEdit=1&_columnList[3].isList=1&columnList[3].isList=1&_columnList[3].isQuery=1&columnList[3].isQuery=1&columnList[3].queryType==&columnList[3].showType=select&columnList[3].dictType=PATENT_TYPE&columnList[3].sort=40&columnList[4].id=f32a6a0beab543b5b90475d7428f9f60&columnList[4].delFlag=0&columnList[4].genTable.id=251c23b757a349f88153bbcc073b5bf2&columnList[4].name=spu_apply_school_name&columnList[4].comments=专利申请人&columnList[4].jdbcType=varchar(100)&columnList[4].javaType=String&columnList[4].javaField=spuApplySchoolName&columnList[4].isPk=0&columnList[4].isNull=0&_columnList[4].isInsert=1&columnList[4].isInsert=1&_columnList[4].isEdit=1&columnList[4].isEdit=1&_columnList[4].isList=1&columnList[4].isList=1&_columnList[4].isQuery=1&columnList[4].isQuery=1&columnList[4].queryType=like&columnList[4].showType=input&columnList[4].dictType=&columnList[4].sort=50&columnList[5].id=9a29f0b24efe4cc2a5ead419e3f6f66f&columnList[5].delFlag=0&columnList[5].genTable.id=251c23b757a349f88153bbcc073b5bf2&columnList[5].name=spu_apply_user_id&columnList[5].comments=联络人&columnList[5].jdbcType=varchar(64)&columnList[5].javaType=String&columnList[5].javaField=spuApplyUserId&columnList[5].isPk=0&columnList[5].isNull=0&_columnList[5].isInsert=1&columnList[5].isInsert=1&_columnList[5].isEdit=1&columnList[5].isEdit=1&_columnList[5].isList=1&columnList[5].isList=1&columnList[5].isQuery=0&columnList[5].queryType==&columnList[5].showType=userselect&columnList[5].dictType=&columnList[5].sort=60&columnList[6].id=b64e459f9d6f41fb9240d33d0c48192d&columnList[6].delFlag=0&columnList[6].genTable.id=251c23b757a349f88153bbcc073b5bf2&columnList[6].name=spu_apply_user_office_id&columnList[6].comments=所属院系&columnList[6].jdbcType=varchar(64)&columnList[6].javaType=String&columnList[6].javaField=spuApplyUserOfficeId&columnList[6].isPk=0&columnList[6].isNull=0&_columnList[6].isInsert=1&columnList[6].isInsert=1&_columnList[6].isEdit=1&columnList[6].isEdit=1&_columnList[6].isList=1&columnList[6].isList=1&columnList[6].isQuery=0&columnList[6].queryType==&columnList[6].showType=officeselect&columnList[6].dictType=&columnList[6].sort=70&columnList[7].id=555ee4f57d74498cbd5fad949e3c9da8&columnList[7].delFlag=0&columnList[7].genTable.id=251c23b757a349f88153bbcc073b5bf2&columnList[7].name=spu_apply_phone&columnList[7].comments=联系电话&columnList[7].jdbcType=varchar(45)&columnList[7].javaType=String&columnList[7].javaField=spuApplyPhone&columnList[7].isPk=0&columnList[7].isNull=0&_columnList[7].isInsert=1&columnList[7].isInsert=1&_columnList[7].isEdit=1&columnList[7].isEdit=1&columnList[7].isList=0&columnList[7].isQuery=0&columnList[7].queryType==&columnList[7].showType=input&columnList[7].dictType=&columnList[7].sort=80&columnList[8].id=78ca0653773e4701b5461640e9d182fd&columnList[8].delFlag=0&columnList[8].genTable.id=251c23b757a349f88153bbcc073b5bf2&columnList[8].name=sch_advis_teacher_id&columnList[8].comments=指导老师&columnList[8].jdbcType=varchar(64)&columnList[8].javaType=String&columnList[8].javaField=schAdvisTeacherId&columnList[8].isPk=0&columnList[8].isNull=0&_columnList[8].isInsert=1&columnList[8].isInsert=1&_columnList[8].isEdit=1&columnList[8].isEdit=1&_columnList[8].isList=1&columnList[8].isList=1&_columnList[8].isQuery=1&columnList[8].isQuery=1&columnList[8].queryType==&columnList[8].showType=userselect&columnList[8].dictType=&columnList[8].sort=90&columnList[9].id=220e3ffb06d3456c89ad3fe583ff0424&columnList[9].delFlag=0&columnList[9].genTable.id=251c23b757a349f88153bbcc073b5bf2&columnList[9].name=sch_advis_teacher_office_id&columnList[9].comments=指导老师所属院系&columnList[9].jdbcType=varchar(64)&columnList[9].javaType=String&columnList[9].javaField=schAdvisTeacherOfficeId&columnList[9].isPk=0&columnList[9].isNull=0&_columnList[9].isInsert=1&columnList[9].isInsert=1&_columnList[9].isEdit=1&columnList[9].isEdit=1&_columnList[9].isList=1&columnList[9].isList=1&columnList[9].isQuery=0&columnList[9].queryType==&columnList[9].showType=officeselect&columnList[9].dictType=&columnList[9].sort=100&columnList[10].id=6b60faa71d864afebde502ffa14ae880&columnList[10].delFlag=0&columnList[10].genTable.id=251c23b757a349f88153bbcc073b5bf2&columnList[10].name=sch_proxy_id&columnList[10].comments=专利代理机构&columnList[10].jdbcType=varchar(45)&columnList[10].javaType=String&columnList[10].javaField=schProxyId&columnList[10].isPk=0&columnList[10].isNull=0&_columnList[10].isInsert=1&columnList[10].isInsert=1&_columnList[10].isEdit=1&columnList[10].isEdit=1&columnList[10].isList=0&columnList[10].isQuery=0&columnList[10].queryType==&columnList[10].showType=input&columnList[10].dictType=&columnList[10].sort=110&columnList[11].id=580068bdfbda457bb0b7ddacbf628f02&columnList[11].delFlag=0&columnList[11].genTable.id=251c23b757a349f88153bbcc073b5bf2&columnList[11].name=sch_remark&columnList[11].comments=专利摘要&columnList[11].jdbcType=varchar(2000)&columnList[11].javaType=String&columnList[11].javaField=schRemark&columnList[11].isPk=0&columnList[11].isNull=0&_columnList[11].isInsert=1&columnList[11].isInsert=1&_columnList[11].isEdit=1&columnList[11].isEdit=1&columnList[11].isList=0&columnList[11].isQuery=0&columnList[11].queryType==&columnList[11].showType=textarea&columnList[11].dictType=&columnList[11].sort=120&columnList[12].id=d55bfe9a08e74784b46e2cf4083da4c6&columnList[12].delFlag=0&columnList[12].genTable.id=251c23b757a349f88153bbcc073b5bf2&columnList[12].name=create_by&columnList[12].comments=创建者&columnList[12].jdbcType=varchar(64)&columnList[12].javaType=com.krazy.kcfw.modules.sys.entity.User&columnList[12].javaField=createBy.id&columnList[12].isPk=0&columnList[12].isNull=0&_columnList[12].isInsert=1&columnList[12].isInsert=1&columnList[12].isEdit=0&columnList[12].isList=0&columnList[12].isQuery=0&columnList[12].queryType==&columnList[12].showType=input&columnList[12].dictType=&columnList[12].sort=130&columnList[13].id=bb018fc815db4c048d4966388892bc1f&columnList[13].delFlag=0&columnList[13].genTable.id=251c23b757a349f88153bbcc073b5bf2&columnList[13].name=create_date&columnList[13].comments=创建时间&columnList[13].jdbcType=datetime&columnList[13].javaType=java.util.Date&columnList[13].javaField=createDate&columnList[13].isPk=0&columnList[13].isNull=0&_columnList[13].isInsert=1&columnList[13].isInsert=1&columnList[13].isEdit=0&_columnList[13].isList=1&columnList[13].isList=1&_columnList[13].isQuery=1&columnList[13].isQuery=1&columnList[13].queryType==&columnList[13].showType=dateselect&columnList[13].dictType=&columnList[13].sort=140&columnList[14].id=b1c479915cc340cf9a3a2b016c2690d0&columnList[14].delFlag=0&columnList[14].genTable.id=251c23b757a349f88153bbcc073b5bf2&columnList[14].name=update_by&columnList[14].comments=更新者&columnList[14].jdbcType=varchar(64)&columnList[14].javaType=com.krazy.kcfw.modules.sys.entity.User&columnList[14].javaField=updateBy.id&columnList[14].isPk=0&columnList[14].isNull=0&_columnList[14].isInsert=1&columnList[14].isInsert=1&columnList[14].isEdit=0&columnList[14].isList=0&columnList[14].isQuery=0&columnList[14].queryType==&columnList[14].showType=input&columnList[14].dictType=&columnList[14].sort=150&columnList[15].id=c29e19804e7b41d280b9d7d91d4dadcf&columnList[15].delFlag=0&columnList[15].genTable.id=251c23b757a349f88153bbcc073b5bf2&columnList[15].name=update_date&columnList[15].comments=更新时间&columnList[15].jdbcType=datetime&columnList[15].javaType=java.util.Date&columnList[15].javaField=updateDate&columnList[15].isPk=0&columnList[15].isNull=0&_columnList[15].isInsert=1&columnList[15].isInsert=1&columnList[15].isEdit=0&_columnList[15].isList=1&columnList[15].isList=1&columnList[15].isQuery=0&columnList[15].queryType==&columnList[15].showType=dateselect&columnList[15].dictType=&columnList[15].sort=160&columnList[16].id=5563d4b6cd39437fa589002b6cb393b7&columnList[16].delFlag=0&columnList[16].genTable.id=251c23b757a349f88153bbcc073b5bf2&columnList[16].name=del_flag&columnList[16].comments=删除标记&columnList[16].jdbcType=varchar(1)&columnList[16].javaType=String&columnList[16].javaField=delFlag&columnList[16].isPk=0&columnList[16].isNull=0&_columnList[16].isInsert=1&columnList[16].isInsert=1&columnList[16].isEdit=0&columnList[16].isList=0&columnList[16].isQuery=0&columnList[16].queryType==&columnList[16].showType=radiobox&columnList[16].dictType=del_flag&columnList[16].sort=170',''),('5d7041ce6e8843259aa201d66da79541','1','系统登录','12','2016-11-18 17:44:39','127.0.0.1','Mozilla/5.0 (X11; Ubuntu; Linux x86_64; rv:39.0) Gecko/20100101 Firefox/39.0','/kcfw/a','GET','login=',''),('5dbdddef829b4f2083acb3fde1d5d7a9','1','系统登录','1','2016-11-18 15:21:37','127.0.0.1','Mozilla/5.0 (X11; Ubuntu; Linux x86_64; rv:39.0) Gecko/20100101 Firefox/39.0','/kcfw/a','GET','login=',''),('5dd5531ea5a64e0980768b63ad0ecf9b','1','系统设置-机构用户-用户管理','1','2016-11-18 15:19:07','127.0.0.1','Mozilla/5.0 (X11; Ubuntu; Linux x86_64; rv:39.0) Gecko/20100101 Firefox/39.0','/kcfw/a/sys/user/index','GET','',''),('5e7cafefc1dd4958b6e72883ac6a0467','1','系统设置-机构用户-用户管理-查看','1','2016-11-22 11:24:49','192.168.7.1','Mozilla/5.0 (Windows NT 6.1; WOW64) AppleWebKit/537.36 (KHTML, like Gecko) Chrome/54.0.2840.99 Safari/537.36','/kcfw/a/sys/user/list','GET','office.id=8065fbd5cce349af9b4d345bcb954d34&office.name=专利机构',''),('5e84b7084f05471e83320c85ac2fbee7','1','知识产权-专利申报-专利机构信息','1','2016-11-21 22:45:29','192.168.7.1','Mozilla/5.0 (Windows NT 6.1; WOW64) AppleWebKit/537.36 (KHTML, like Gecko) Chrome/54.0.2840.99 Safari/537.36','/kcfw/a/sch/patent/schPatentAgency','GET','',''),('5eccd34b8dac40bd90ba9b4226f06ff1','1','系统设置-机构用户-用户管理-查看','1','2016-11-22 11:25:25','192.168.7.1','Mozilla/5.0 (Windows NT 6.1; WOW64) AppleWebKit/537.36 (KHTML, like Gecko) Chrome/54.0.2840.99 Safari/537.36','/kcfw/a/sys/user/list','GET','',''),('5f639c3fcf8e474abfb4c509be538a73','1','系统设置-机构用户-用户管理-查看','1','2016-11-22 15:38:44','192.168.7.1','Mozilla/5.0 (Windows NT 6.1; WOW64) AppleWebKit/537.36 (KHTML, like Gecko) Chrome/54.0.2840.99 Safari/537.36','/kcfw/a/sys/user/list','GET','',''),('5f721ed485ab4989b1e5329510116df7','1','系统登录','5d0d8cb981504fc09195a8c28dd19cc8','2016-11-22 11:37:19','192.168.7.1','Mozilla/5.0 (Windows NT 6.1; WOW64) AppleWebKit/537.36 (KHTML, like Gecko) Chrome/54.0.2840.99 Safari/537.36','/kcfw/a','GET','login=',''),('5f81148564324ead8d6de85aae40f037','1','系统设置-机构用户-用户管理-查看','1','2016-11-22 15:39:12','192.168.7.1','Mozilla/5.0 (Windows NT 6.1; WOW64) AppleWebKit/537.36 (KHTML, like Gecko) Chrome/54.0.2840.99 Safari/537.36','/kcfw/a/sys/user/list','GET','repage=',''),('6011b3f6e91241e4b6048c2f5ad12d2f','1','代码生成-代码生成-业务表配置','1','2016-11-21 16:00:01','192.168.7.1','Mozilla/5.0 (Windows NT 6.1; WOW64) AppleWebKit/537.36 (KHTML, like Gecko) Chrome/54.0.2840.99 Safari/537.36','/kcfw/a/gen/genTable','GET','',''),('60d77a199ec746f6b234a05d6ca26853','1','系统设置-系统设置-角色管理-查看','1','2016-11-20 17:42:42','127.0.0.1','Mozilla/5.0 (X11; Ubuntu; Linux x86_64; rv:39.0) Gecko/20100101 Firefox/39.0','/kcfw/a/sys/role/usertorole','GET','id=1&___t0.728731193123635=',''),('612bb1746fe34f6ab6728c1bbeefa2b5','1','系统设置-机构用户-用户管理-查看','1','2016-11-22 10:45:30','192.168.7.1','Mozilla/5.0 (Windows NT 6.1; WOW64) AppleWebKit/537.36 (KHTML, like Gecko) Chrome/54.0.2840.99 Safari/537.36','/kcfw/a/sys/user/list','GET','',''),('615a210cc1d749829559eadebf2a9a0f','1','系统设置-系统设置-菜单管理-查看','1','2016-11-20 17:41:08','127.0.0.1','Mozilla/5.0 (X11; Ubuntu; Linux x86_64; rv:39.0) Gecko/20100101 Firefox/39.0','/kcfw/a/sys/menu/form','GET','id=d5d9045b5a9b488bb1304e18cb5ba5fd',''),('61fd2ed8d46c49bdbea3f80a211e2117','1','系统设置-日志查询-日志查询','1','2016-11-21 22:10:19','192.168.7.1','Mozilla/5.0 (Windows NT 6.1; WOW64) AppleWebKit/537.36 (KHTML, like Gecko) Chrome/54.0.2840.99 Safari/537.36','/kcfw/a/sys/log','GET','',''),('620904c360f54d2c8a5efc4e7440a465','1','系统设置-系统设置-字典管理-查看','1','2016-11-20 00:10:12','127.0.0.1','Mozilla/5.0 (X11; Ubuntu; Linux x86_64; rv:39.0) Gecko/20100101 Firefox/39.0','/kcfw/a/sys/dict/form','GET','id=a20ee2d8ac724e1fa7958ca92b78bcdc',''),('6328cc5d81584f9a93d0ec81464dbd0d','1','我的面板-个人信息-个人信息','1','2016-11-18 17:29:52','127.0.0.1','Mozilla/5.0 (X11; Ubuntu; Linux x86_64; rv:39.0) Gecko/20100101 Firefox/39.0','/kcfw/a/sys/user/info','GET','',''),('6399a93e0ea24372b091000d2b6e3af2','1','我的面板-个人信息-个人信息','1','2016-11-20 17:43:15','127.0.0.1','Mozilla/5.0 (X11; Ubuntu; Linux x86_64; rv:39.0) Gecko/20100101 Firefox/39.0','/kcfw/a/sys/user/info','GET','',''),('639d4b2327fc4d699c9e6fda2337e2a9','2','知识产权-专利申报-专利申报（本科生）','1','2016-11-20 17:43:57','127.0.0.1','Mozilla/5.0 (X11; Ubuntu; Linux x86_64; rv:39.0) Gecko/20100101 Firefox/39.0','/kcfw/a/sch/patent/schPatentUnder','GET','','org.apache.jasper.JasperException: /WEB-INF/views/modules/sch/patent/schPatentUnderList.jsp (line: 41, column: 4) \"${schPatentUnder.}\" contains invalid expression(s): javax.el.ELException: Failed to parse the expression [${schPatentUnder.}]\n	at org.apache.jasper.compiler.DefaultErrorHandler.jspError(DefaultErrorHandler.java:42)\n	at org.apache.jasper.compiler.ErrorDispatcher.dispatch(ErrorDispatcher.java:443)\n	at org.apache.jasper.compiler.ErrorDispatcher.jspError(ErrorDispatcher.java:199)\n	at org.apache.jasper.compiler.Validator$ValidateVisitor.getJspAttribute(Validator.java:1424)\n	at org.apache.jasper.compiler.Validator$ValidateVisitor.checkXmlAttributes(Validator.java:1231)\n	at org.apache.jasper.compiler.Validator$ValidateVisitor.visit(Validator.java:876)\n	at org.apache.jasper.compiler.Node$CustomTag.accept(Node.java:1553)\n	at org.apache.jasper.compiler.Node$Nodes.visit(Node.java:2392)\n	at org.apache.jasper.compiler.Node$Visitor.visitBody(Node.java:2444)\n	at org.apache.jasper.compiler.Validator$ValidateVisitor.visit(Validator.java:895)\n	at org.apache.jasper.compiler.Node$CustomTag.accept(Node.java:1553)\n	at org.apache.jasper.compiler.Node$Nodes.visit(Node.java:2392)\n	at org.apache.jasper.compiler.Node$Visitor.visitBody(Node.java:2444)\n	at org.apache.jasper.compiler.Node$Visitor.visit(Node.java:2450)\n	at org.apache.jasper.compiler.Node$Root.accept(Node.java:474)\n	at org.apache.jasper.compiler.Node$Nodes.visit(Node.java:2392)\n	at org.apache.jasper.compiler.Validator.validateExDirectives(Validator.java:1845)\n	at org.apache.jasper.compiler.Compiler.generateJava(Compiler.java:218)\n	at org.apache.jasper.compiler.Compiler.compile(Compiler.java:374)\n	at org.apache.jasper.compiler.Compiler.compile(Compiler.java:354)\n	at org.apache.jasper.compiler.Compiler.compile(Compiler.java:341)\n	at org.apache.jasper.JspCompilationContext.compile(JspCompilationContext.java:662)\n	at org.apache.jasper.servlet.JspServletWrapper.service(JspServletWrapper.java:364)\n	at org.apache.jasper.servlet.JspServlet.serviceJspFile(JspServlet.java:395)\n	at org.apache.jasper.servlet.JspServlet.service(JspServlet.java:339)\n	at javax.servlet.http.HttpServlet.service(HttpServlet.java:731)\n	at org.apache.catalina.core.ApplicationFilterChain.internalDoFilter(ApplicationFilterChain.java:303)\n	at org.apache.catalina.core.ApplicationFilterChain.doFilter(ApplicationFilterChain.java:208)\n	at org.apache.tomcat.websocket.server.WsFilter.doFilter(WsFilter.java:52)\n	at org.apache.catalina.core.ApplicationFilterChain.internalDoFilter(ApplicationFilterChain.java:241)\n	at org.apache.catalina.core.ApplicationFilterChain.doFilter(ApplicationFilterChain.java:208)\n	at org.apache.catalina.core.ApplicationDispatcher.invoke(ApplicationDispatcher.java:747)\n	at org.apache.catalina.core.ApplicationDispatcher.processRequest(ApplicationDispatcher.java:485)\n	at org.apache.catalina.core.ApplicationDispatcher.doForward(ApplicationDispatcher.java:410)\n	at org.apache.catalina.core.ApplicationDispatcher.forward(ApplicationDispatcher.java:337)\n	at org.springframework.web.servlet.view.InternalResourceView.renderMergedOutputModel(InternalResourceView.java:168)\n	at org.springframework.web.servlet.view.AbstractView.render(AbstractView.java:303)\n	at org.springframework.web.servlet.DispatcherServlet.render(DispatcherServlet.java:1243)\n	at org.springframework.web.servlet.DispatcherServlet.processDispatchResult(DispatcherServlet.java:1027)\n	at org.springframework.web.servlet.DispatcherServlet.doDispatch(DispatcherServlet.java:971)\n	at org.springframework.web.servlet.DispatcherServlet.doService(DispatcherServlet.java:893)\n	at org.springframework.web.servlet.FrameworkServlet.processRequest(FrameworkServlet.java:965)\n	at org.springframework.web.servlet.FrameworkServlet.doGet(FrameworkServlet.java:856)\n	at javax.servlet.http.HttpServlet.service(HttpServlet.java:624)\n	at org.springframework.web.servlet.FrameworkServlet.service(FrameworkServlet.java:841)\n	at javax.servlet.http.HttpServlet.service(HttpServlet.java:731)\n	at org.apache.catalina.core.ApplicationFilterChain.internalDoFilter(ApplicationFilterChain.java:303)\n	at org.apache.catalina.core.ApplicationFilterChain.doFilter(ApplicationFilterChain.java:208)\n	at org.apache.tomcat.websocket.server.WsFilter.doFilter(WsFilter.java:52)\n	at org.apache.catalina.core.ApplicationFilterChain.internalDoFilter(ApplicationFilterChain.java:241)\n	at org.apache.catalina.core.ApplicationFilterChain.doFilter(ApplicationFilterChain.java:208)\n	at com.opensymphony.sitemesh.webapp.SiteMeshFilter.obtainContent(SiteMeshFilter.java:129)\n	at com.opensymphony.sitemesh.webapp.SiteMeshFilter.doFilter(SiteMeshFilter.java:77)\n	at org.apache.catalina.core.ApplicationFilterChain.internalDoFilter(ApplicationFilterChain.java:241)\n	at org.apache.catalina.core.ApplicationFilterChain.doFilter(ApplicationFilterChain.java:208)\n	at org.apache.shiro.web.servlet.ProxiedFilterChain.doFilter(ProxiedFilterChain.java:61)\n	at org.apache.shiro.web.servlet.AdviceFilter.executeChain(AdviceFilter.java:108)\n	at org.apache.shiro.web.servlet.AdviceFilter.doFilterInternal(AdviceFilter.java:137)\n	at org.apache.shiro.web.servlet.OncePerRequestFilter.doFilter(OncePerRequestFilter.java:125)\n	at org.apache.shiro.web.servlet.ProxiedFilterChain.doFilter(ProxiedFilterChain.java:66)\n	at org.apache.shiro.web.servlet.AbstractShiroFilter.executeChain(AbstractShiroFilter.java:449)\n	at org.apache.shiro.web.servlet.AbstractShiroFilter$1.call(AbstractShiroFilter.java:365)\n	at org.apache.shiro.subject.support.SubjectCallable.doCall(SubjectCallable.java:90)\n	at org.apache.shiro.subject.support.SubjectCallable.call(SubjectCallable.java:83)\n	at org.apache.shiro.subject.support.DelegatingSubject.execute(DelegatingSubject.java:383)\n	at org.apache.shiro.web.servlet.AbstractShiroFilter.doFilterInternal(AbstractShiroFilter.java:362)\n	at org.apache.shiro.web.servlet.OncePerRequestFilter.doFilter(OncePerRequestFilter.java:125)\n	at org.springframework.web.filter.DelegatingFilterProxy.invokeDelegate(DelegatingFilterProxy.java:344)\n	at org.springframework.web.filter.DelegatingFilterProxy.doFilter(DelegatingFilterProxy.java:261)\n	at org.apache.catalina.core.ApplicationFilterChain.internalDoFilter(ApplicationFilterChain.java:241)\n	at org.apache.catalina.core.ApplicationFilterChain.doFilter(ApplicationFilterChain.java:208)\n	at org.springframework.web.filter.CharacterEncodingFilter.doFilterInternal(CharacterEncodingFilter.java:85)\n	at org.springframework.web.filter.OncePerRequestFilter.doFilter(OncePerRequestFilter.java:107)\n	at org.apache.catalina.core.ApplicationFilterChain.internalDoFilter(ApplicationFilterChain.java:241)\n	at org.apache.catalina.core.ApplicationFilterChain.doFilter(ApplicationFilterChain.java:208)\n	at org.apache.catalina.core.StandardWrapperValve.invoke(StandardWrapperValve.java:218)\n	at org.apache.catalina.core.StandardContextValve.invoke(StandardContextValve.java:122)\n	at org.apache.catalina.authenticator.AuthenticatorBase.invoke(AuthenticatorBase.java:505)\n	at org.apache.catalina.core.StandardHostValve.invoke(StandardHostValve.java:169)\n	at org.apache.catalina.valves.ErrorReportValve.invoke(ErrorReportValve.java:103)\n	at org.apache.catalina.valves.AccessLogValve.invoke(AccessLogValve.java:956)\n	at org.apache.catalina.core.StandardEngineValve.invoke(StandardEngineValve.java:116)\n	at org.apache.catalina.connector.CoyoteAdapter.service(CoyoteAdapter.java:442)\n	at org.apache.coyote.http11.AbstractHttp11Processor.process(AbstractHttp11Processor.java:1082)\n	at org.apache.coyote.AbstractProtocol$AbstractConnectionHandler.process(AbstractProtocol.java:623)\n	at org.apache.tomcat.util.net.JIoEndpoint$SocketProcessor.run(JIoEndpoint.java:318)\n	at java.util.concurrent.ThreadPoolExecutor.runWorker(ThreadPoolExecutor.java:1142)\n	at java.util.concurrent.ThreadPoolExecutor$Worker.run(ThreadPoolExecutor.java:617)\n	at org.apache.tomcat.util.threads.TaskThread$WrappingRunnable.run(TaskThread.java:61)\n	at java.lang.Thread.run(Thread.java:745)\n'),('63b8b8c5a5c64b72ab9e774c46a19f78','1','知识产权-专利申报-专利申报（本科生）','1','2016-11-20 17:43:11','127.0.0.1','Mozilla/5.0 (X11; Ubuntu; Linux x86_64; rv:39.0) Gecko/20100101 Firefox/39.0','/kcfw/a/sch/patent/schPatentUnder','GET','',''),('640db8abab1b4214b5ca6b0ca3bc1b90','1','系统登录','1','2016-11-20 23:47:14','192.168.7.1','Mozilla/5.0 (Windows NT 6.1; WOW64) AppleWebKit/537.36 (KHTML, like Gecko) Chrome/54.0.2840.99 Safari/537.36','/kcfw/a/sch/patent/schPatentUnder/','GET','',''),('640f5b62feed4afbb2a2a11707700844','1','系统设置-机构用户-区域管理-查看','1','2016-11-22 10:46:21','192.168.7.1','Mozilla/5.0 (Windows NT 6.1; WOW64) AppleWebKit/537.36 (KHTML, like Gecko) Chrome/54.0.2840.99 Safari/537.36','/kcfw/a/sys/area/form','GET','id=6',''),('647eac6d49df48e29cb301d2c03c8016','1','知识产权-专利申报-专利申报（本科生）','1','2016-11-20 17:50:23','127.0.0.1','Mozilla/5.0 (X11; Ubuntu; Linux x86_64; rv:39.0) Gecko/20100101 Firefox/39.0','/kcfw/a/sch/patent/schPatentUnder','GET','',''),('650ed07cf74d476ca2002d5808c4d000','1','系统设置-机构用户-用户管理-修改','1','2016-11-22 11:36:25','192.168.7.1','Mozilla/5.0 (Windows NT 6.1; WOW64) AppleWebKit/537.36 (KHTML, like Gecko) Chrome/54.0.2840.99 Safari/537.36','/kcfw/a/sys/user/save','POST','id=68a88e19b43d431a9112a5179eb0111c&photo=&company.id=8065fbd5cce349af9b4d345bcb954d34&company.name=专利机构&office.id=8065fbd5cce349af9b4d345bcb954d34&office.name=专利机构&no=testp2&name=testp2&oldLoginName=testp2&loginName=testp2&newPassword=&confirmNewPassword=&email=&phone=13950019129&mobile=&loginFlag=1&userType=&roleIdList=70adf5534cc040d0abfdf2a6d5c0f8d1&_roleIdList=on&remarks=',''),('653c7bd9674c403eaa5ce12da368f36f','1','系统设置-系统设置-菜单管理','1','2016-11-20 17:43:47','127.0.0.1','Mozilla/5.0 (X11; Ubuntu; Linux x86_64; rv:39.0) Gecko/20100101 Firefox/39.0','/kcfw/a/sys/menu/','GET','',''),('654b0a112c764b8d9e0224cbab6d2d14','1','在线办公-流程管理-模型管理','1','2016-11-18 17:45:29','127.0.0.1','Mozilla/5.0 (X11; Ubuntu; Linux x86_64; rv:39.0) Gecko/20100101 Firefox/39.0','/kcfw/a/act/model','GET','',''),('6599020eda78419e8b38c6265a30bd3d','1','知识产权-专利申报-专利机构信息','1','2016-11-22 11:21:00','192.168.7.1','Mozilla/5.0 (Windows NT 6.1; WOW64) AppleWebKit/537.36 (KHTML, like Gecko) Chrome/54.0.2840.99 Safari/537.36','/kcfw/a/sch/patent/schPatentAgency','GET','',''),('668111c50ccd46e88550d56fac39a9b5','1','系统登录','1','2016-11-20 17:43:54','127.0.0.1','Mozilla/5.0 (X11; Ubuntu; Linux x86_64; rv:39.0) Gecko/20100101 Firefox/39.0','/kcfw/a','GET','login=',''),('66c7be0f50bc486995fcf06018682415','1','系统设置-机构用户-用户管理-查看','1','2016-11-22 11:25:31','192.168.7.1','Mozilla/5.0 (Windows NT 6.1; WOW64) AppleWebKit/537.36 (KHTML, like Gecko) Chrome/54.0.2840.99 Safari/537.36','/kcfw/a/sys/user/form','GET','id=3950253782ae438d9c402bbd3abfe1e2',''),('66d7f936f923496e92808dae7d55339e','1','在线办公-流程管理-流程管理','1','2016-11-18 17:27:13','127.0.0.1','Mozilla/5.0 (X11; Ubuntu; Linux x86_64; rv:39.0) Gecko/20100101 Firefox/39.0','/kcfw/a/act/process','GET','',''),('67041c3b22f841d69519e8f16a404fd1','1','系统设置-系统设置-字典管理','1','2016-11-20 00:10:35','127.0.0.1','Mozilla/5.0 (X11; Ubuntu; Linux x86_64; rv:39.0) Gecko/20100101 Firefox/39.0','/kcfw/a/sys/dict/','GET','repage=&type=PATENT_TYPE',''),('676d04987dc848348d6e5a48dbfc9ad6','1','在线办公-个人办公-我的任务','36ba3cc834ad4fa9a00cea224296b154','2016-11-18 15:42:54','127.0.0.1','Mozilla/5.0 (X11; Ubuntu; Linux x86_64; rv:39.0) Gecko/20100101 Firefox/39.0','/kcfw/a/act/task/todo/','GET','',''),('67d3912501bd495b8b2372fc0f5f1799','1','系统设置-机构用户-机构管理-查看','1','2016-11-22 15:37:14','192.168.7.1','Mozilla/5.0 (Windows NT 6.1; WOW64) AppleWebKit/537.36 (KHTML, like Gecko) Chrome/54.0.2840.99 Safari/537.36','/kcfw/a/sys/office/list','GET','id=1&parentIds=0,1,',''),('684d060b0b614d78b3e1c47e9a4a949d','1','在线办公-流程管理-流程管理','1','2016-11-18 15:24:22','127.0.0.1','Mozilla/5.0 (X11; Ubuntu; Linux x86_64; rv:39.0) Gecko/20100101 Firefox/39.0','/kcfw/a/act/process','GET','',''),('6923c7b8a4434dcbbc9b51287f21fb36','1','系统设置-机构用户-机构管理-查看','1','2016-11-22 15:36:48','192.168.7.1','Mozilla/5.0 (Windows NT 6.1; WOW64) AppleWebKit/537.36 (KHTML, like Gecko) Chrome/54.0.2840.99 Safari/537.36','/kcfw/a/sys/office/form','GET','id=2',''),('695cb3df4e974a5e9524adbf22bea24a','1','系统设置-系统设置-菜单管理-查看','1','2016-11-21 16:28:11','192.168.7.1','Mozilla/5.0 (Windows NT 6.1; WOW64) AppleWebKit/537.36 (KHTML, like Gecko) Chrome/54.0.2840.99 Safari/537.36','/kcfw/a/sys/menu/form','GET','id=66d88f0287b741fcb251aef20e68611f',''),('6998db5d2f484b478a4dd91d77e1d3df','1','在线办公-通知通告-我的通告','1','2016-11-18 15:23:42','127.0.0.1','Mozilla/5.0 (X11; Ubuntu; Linux x86_64; rv:39.0) Gecko/20100101 Firefox/39.0','/kcfw/a/oa/oaNotify/self','GET','',''),('69ba77399d0b4e029cb128bb1d7afd48','1','知识产权-专利申报-专利申报（本科生）','1','2016-11-20 17:58:31','127.0.0.1','Mozilla/5.0 (X11; Ubuntu; Linux x86_64; rv:39.0) Gecko/20100101 Firefox/39.0','/kcfw/a/sch/patent/schPatentUnder','GET','',''),('69c55130cb2c4bd78ddd676c1b5898cf','1','在线办公-通知通告-我的通告','7','2016-11-18 17:39:22','127.0.0.1','Mozilla/5.0 (X11; Ubuntu; Linux x86_64; rv:39.0) Gecko/20100101 Firefox/39.0','/kcfw/a/oa/oaNotify/self','GET','',''),('69fc12638e52419e8f3e0f57ddb7b1a2','1','系统登录','7','2016-11-18 17:31:36','127.0.0.1','Mozilla/5.0 (X11; Ubuntu; Linux x86_64; rv:39.0) Gecko/20100101 Firefox/39.0','/kcfw/a','GET','login=',''),('6a6521ac24a943f0acf7d92f9f902fe2','1','系统设置-机构用户-机构管理-查看','1','2016-11-22 10:45:32','192.168.7.1','Mozilla/5.0 (Windows NT 6.1; WOW64) AppleWebKit/537.36 (KHTML, like Gecko) Chrome/54.0.2840.99 Safari/537.36','/kcfw/a/sys/office/form','GET','parent.id=',''),('6a7a09e18f1f4bad9814aca840c6d3e5','1','在线办公-个人办公-请假办理','1','2016-11-18 16:47:42','127.0.0.1','Mozilla/5.0 (X11; Ubuntu; Linux x86_64; rv:39.0) Gecko/20100101 Firefox/39.0','/kcfw/a/oa/leave','GET','',''),('6b361f05507f4569b2811575cc98fc0c','1','系统设置-机构用户-用户管理','7','2016-11-18 17:37:54','127.0.0.1','Mozilla/5.0 (X11; Ubuntu; Linux x86_64; rv:39.0) Gecko/20100101 Firefox/39.0','/kcfw/a/sys/user/index','GET','',''),('6b60f2b94ba34cb2a4a8d5033781f5b1','1','在线办公-通知通告-我的通告','1','2016-11-18 15:44:09','127.0.0.1','Mozilla/5.0 (X11; Ubuntu; Linux x86_64; rv:39.0) Gecko/20100101 Firefox/39.0','/kcfw/a/oa/oaNotify/self','GET','',''),('6bbe1472931c43e89edc197550fd3ae7','1','知识产权-专利申报-专利机构信息','1','2016-11-22 15:40:27','192.168.7.1','Mozilla/5.0 (Windows NT 6.1; WOW64) AppleWebKit/537.36 (KHTML, like Gecko) Chrome/54.0.2840.99 Safari/537.36','/kcfw/a/sch/patent/schPatentAgency','GET','',''),('6bf0a177ee6740ee999a656254ab8ae7','1','系统设置-机构用户-用户管理-查看','1','2016-11-20 17:40:58','127.0.0.1','Mozilla/5.0 (X11; Ubuntu; Linux x86_64; rv:39.0) Gecko/20100101 Firefox/39.0','/kcfw/a/sys/user/list','GET','',''),('6c771f85227643b5a5a244dd7e8362db','1','系统设置-系统设置-角色管理','1','2016-11-18 17:30:52','127.0.0.1','Mozilla/5.0 (X11; Ubuntu; Linux x86_64; rv:39.0) Gecko/20100101 Firefox/39.0','/kcfw/a/sys/role/','GET','',''),('6c7e22a53fac46b3877624214612ea77','1','内容管理-内容管理-内容发布','1','2016-11-18 15:44:07','127.0.0.1','Mozilla/5.0 (X11; Ubuntu; Linux x86_64; rv:39.0) Gecko/20100101 Firefox/39.0','/kcfw/a/cms/','GET','',''),('6cc7f81aebf14a3291b8f61046cb459d','1','我的面板-个人信息-个人信息','1','2016-11-20 17:42:04','127.0.0.1','Mozilla/5.0 (X11; Ubuntu; Linux x86_64; rv:39.0) Gecko/20100101 Firefox/39.0','/kcfw/a/sys/user/info','GET','',''),('6d41e25c9d814f3fa39310571e97d26e','1','知识产权-专利申报-专利机构信息','1','2016-11-21 22:47:25','192.168.7.1','Mozilla/5.0 (Windows NT 6.1; WOW64) AppleWebKit/537.36 (KHTML, like Gecko) Chrome/54.0.2840.99 Safari/537.36','/kcfw/a/sch/patent/schPatentAgency','GET','',''),('6d99ea938c004386907f66531074c694','1','系统登录','1','2016-11-22 14:59:44','192.168.7.1','Mozilla/5.0 (Windows NT 6.1; WOW64) AppleWebKit/537.36 (KHTML, like Gecko) Chrome/54.0.2840.99 Safari/537.36','/kcfw/a/sch/patent/schPatentUnder','GET','',''),('6dc157ecd34a4f0ba2e4495d6e6833ea','1','知识产权-专利申报-专利申报（本科生）','1','2016-11-20 17:43:16','127.0.0.1','Mozilla/5.0 (X11; Ubuntu; Linux x86_64; rv:39.0) Gecko/20100101 Firefox/39.0','/kcfw/a/sch/patent/schPatentUnder','GET','',''),('6e1a1e88b3ba4a839ff0c51d3c08bfc5','1','知识产权-专利申报-专利申报管理','1','2016-11-22 15:34:04','192.168.7.1','Mozilla/5.0 (Windows NT 6.1; WOW64) AppleWebKit/537.36 (KHTML, like Gecko) Chrome/54.0.2840.99 Safari/537.36','/kcfw/a/sch/patent/schPatentUnder','GET','',''),('6e502efea9af4533836459d0edb3e9f4','1','系统设置-系统设置-角色管理','1','2016-11-18 17:44:17','127.0.0.1','Mozilla/5.0 (X11; Ubuntu; Linux x86_64; rv:39.0) Gecko/20100101 Firefox/39.0','/kcfw/a/sys/role/','GET','',''),('6f90b8250ca046358cb83308d9167f78','1','在线办公-个人办公-审批测试','1','2016-11-20 18:03:17','127.0.0.1','Mozilla/5.0 (X11; Ubuntu; Linux x86_64; rv:39.0) Gecko/20100101 Firefox/39.0','/kcfw/a/oa/testAudit','GET','',''),('6fd929083ba948cd93679e4b94d92fca','1','知识产权-专利申报-专利申报（本科生）','1','2016-11-21 22:45:37','192.168.7.1','Mozilla/5.0 (Windows NT 6.1; WOW64) AppleWebKit/537.36 (KHTML, like Gecko) Chrome/54.0.2840.99 Safari/537.36','/kcfw/a/sch/patent/schPatentUnder','GET','',''),('6fe971c5f2ce4a68a2d6cc9576ffcd34','1','在线办公-个人办公-审批测试','1','2016-11-20 17:53:40','127.0.0.1','Mozilla/5.0 (X11; Ubuntu; Linux x86_64; rv:39.0) Gecko/20100101 Firefox/39.0','/kcfw/a/oa/testAudit','GET','',''),('7058d935cf7840168cef61ea66fa77d6','1','系统设置-机构用户-用户管理-查看','1','2016-11-22 14:45:57','192.168.7.1','Mozilla/5.0 (Windows NT 6.1; WOW64) AppleWebKit/537.36 (KHTML, like Gecko) Chrome/54.0.2840.99 Safari/537.36','/kcfw/a/sys/user/list','GET','',''),('70e36f740fd44cc698eab48058202b20','1','系统设置-机构用户-区域管理-修改','1','2016-11-22 10:46:05','192.168.7.1','Mozilla/5.0 (Windows NT 6.1; WOW64) AppleWebKit/537.36 (KHTML, like Gecko) Chrome/54.0.2840.99 Safari/537.36','/kcfw/a/sys/area/save','POST','id=4&parent.id=3&parent.name=厦门市&name=思明区&code=110102&type=4&remarks=',''),('70ea4356d43a485eb83fd125208bffda','1','知识产权-专利申报-专利机构信息','5d0d8cb981504fc09195a8c28dd19cc8','2016-11-22 11:38:05','192.168.7.1','Mozilla/5.0 (Windows NT 6.1; WOW64) AppleWebKit/537.36 (KHTML, like Gecko) Chrome/54.0.2840.99 Safari/537.36','/kcfw/a/sch/patent/schPatentAgency','GET','',''),('711b32ab106147e3b45b0c08ca676dc1','1','系统登录','1','2016-11-18 17:40:58','127.0.0.1','Mozilla/5.0 (X11; Ubuntu; Linux x86_64; rv:39.0) Gecko/20100101 Firefox/39.0','/kcfw/a','GET','login=',''),('711c3484d1a54f15ae97bd75de1bc0b0','1','在线办公-个人办公-我的任务','7','2016-11-18 17:31:49','127.0.0.1','Mozilla/5.0 (X11; Ubuntu; Linux x86_64; rv:39.0) Gecko/20100101 Firefox/39.0','/kcfw/a/act/task/todo/','GET','',''),('71214d498a9e4575b48af145b35de9d2','1','系统设置-系统设置-菜单管理','1','2016-11-20 17:39:11','127.0.0.1','Mozilla/5.0 (X11; Ubuntu; Linux x86_64; rv:39.0) Gecko/20100101 Firefox/39.0','/kcfw/a/sys/menu/','GET','',''),('71546654f6af481fa8547487e0dac994','1','系统登录','36ba3cc834ad4fa9a00cea224296b154','2016-11-18 15:42:49','127.0.0.1','Mozilla/5.0 (X11; Ubuntu; Linux x86_64; rv:39.0) Gecko/20100101 Firefox/39.0','/kcfw/a','GET','login=',''),('72eb6b715b0f43b6ac766c8fa6bf5a1b','1','知识产权-专利申报-专利机构信息','5d0d8cb981504fc09195a8c28dd19cc8','2016-11-22 13:01:19','192.168.7.1','Mozilla/5.0 (Windows NT 6.1; WOW64) AppleWebKit/537.36 (KHTML, like Gecko) Chrome/54.0.2840.99 Safari/537.36','/kcfw/a/sch/patent/schPatentAgency','GET','',''),('730b7972ddbf4d53b2c1f81b9a3a4639','1','知识产权-专利申报-专利机构信息','68a88e19b43d431a9112a5179eb0111c','2016-11-22 11:36:34','192.168.7.1','Mozilla/5.0 (Windows NT 6.1; WOW64) AppleWebKit/537.36 (KHTML, like Gecko) Chrome/54.0.2840.99 Safari/537.36','/kcfw/a/sch/patent/schPatentAgency','GET','',''),('734551437b7b49adbd3505f82a217cb9','1','系统设置-系统设置-角色管理','1','2016-11-22 11:37:53','192.168.7.1','Mozilla/5.0 (Windows NT 6.1; WOW64) AppleWebKit/537.36 (KHTML, like Gecko) Chrome/54.0.2840.99 Safari/537.36','/kcfw/a/sys/role/','GET','repage=',''),('736f6758d8ef4d02809e94af6a976028','1','系统设置-系统设置-菜单管理','1','2016-11-21 22:12:24','192.168.7.1','Mozilla/5.0 (Windows NT 6.1; WOW64) AppleWebKit/537.36 (KHTML, like Gecko) Chrome/54.0.2840.99 Safari/537.36','/kcfw/a/sys/menu/','GET','',''),('73812d3c376042c38fdf16bdf312d9db','1','系统设置-系统设置-字典管理','1','2016-11-22 15:13:37','192.168.7.1','Mozilla/5.0 (Windows NT 6.1; WOW64) AppleWebKit/537.36 (KHTML, like Gecko) Chrome/54.0.2840.99 Safari/537.36','/kcfw/a/sys/dict/','GET','repage=&type=PATENT_STATUS',''),('738307061c9a4a32a838f4b2132391e9','1','我的面板-个人信息-个人信息','1','2016-11-20 23:21:03','192.168.7.1','Mozilla/5.0 (Windows NT 6.1; WOW64) AppleWebKit/537.36 (KHTML, like Gecko) Chrome/54.0.2840.99 Safari/537.36','/kcfw/a/sys/user/info','GET','',''),('73b60c5072644ff19e6d61d8396b0ce5','1','系统登录','1','2016-11-22 11:25:23','192.168.7.1','Mozilla/5.0 (Windows NT 6.1; WOW64) AppleWebKit/537.36 (KHTML, like Gecko) Chrome/54.0.2840.99 Safari/537.36','/kcfw/a','GET','login=',''),('7420031b11154f2fb0f8ead0d751998c','1','在线办公-个人办公-我的任务','1','2016-11-18 17:28:30','127.0.0.1','Mozilla/5.0 (X11; Ubuntu; Linux x86_64; rv:39.0) Gecko/20100101 Firefox/39.0','/kcfw/a/act/task/todo/','GET','',''),('74942c679cd040c4a233a7d8d3716e64','1','知识产权-专利申报-专利申报（本科生）','1','2016-11-20 23:19:44','192.168.7.1','Mozilla/5.0 (Windows NT 6.1; WOW64) AppleWebKit/537.36 (KHTML, like Gecko) Chrome/54.0.2840.99 Safari/537.36','/kcfw/a/sch/patent/schPatentUnder','GET','',''),('749a1892cab643749c6d0013d2046a04','1','在线办公-流程管理-模型管理','1','2016-11-18 15:49:38','127.0.0.1','Mozilla/5.0 (X11; Ubuntu; Linux x86_64; rv:39.0) Gecko/20100101 Firefox/39.0','/kcfw/a/act/model','GET','',''),('74ded6125f3e413986d44861d54f42b6','1','系统设置-机构用户-用户管理-修改','1','2016-11-22 11:25:57','192.168.7.1','Mozilla/5.0 (Windows NT 6.1; WOW64) AppleWebKit/537.36 (KHTML, like Gecko) Chrome/54.0.2840.99 Safari/537.36','/kcfw/a/sys/user/save','POST','id=3950253782ae438d9c402bbd3abfe1e2&photo=&company.id=8065fbd5cce349af9b4d345bcb954d34&company.name=专利机构&office.id=8065fbd5cce349af9b4d345bcb954d34&office.name=专利机构&no=testp1&name=testp1&oldLoginName=testp1&loginName=testp1&newPassword=&confirmNewPassword=&email=&phone=13950019129&mobile=&loginFlag=1&userType=&roleIdList=70adf5534cc040d0abfdf2a6d5c0f8d1&_roleIdList=on&remarks=',''),('753aeb5b700a4f2dbce48107745d27d1','1','知识产权-专利申报-专利机构信息','1','2016-11-21 22:16:49','192.168.7.1','Mozilla/5.0 (Windows NT 6.1; WOW64) AppleWebKit/537.36 (KHTML, like Gecko) Chrome/54.0.2840.99 Safari/537.36','/kcfw/a/sch/patent/schPatentAgency','GET','',''),('755494c587b54ff49c38c91a3ddc0969','1','代码生成-生成示例-主子表','1','2016-11-19 23:45:59','127.0.0.1','Mozilla/5.0 (X11; Ubuntu; Linux x86_64; rv:39.0) Gecko/20100101 Firefox/39.0','/kcfw/a/test/testDataMain','GET','',''),('76167878d19c495cad181bf6ebebe2d3','1','系统设置-机构用户-用户管理-查看','1','2016-11-21 22:12:18','192.168.7.1','Mozilla/5.0 (Windows NT 6.1; WOW64) AppleWebKit/537.36 (KHTML, like Gecko) Chrome/54.0.2840.99 Safari/537.36','/kcfw/a/sys/user/list','GET','office.id=10&office.name=市场部',''),('761af67d36eb414990e85a495b8fc045','1','知识产权-专利申报-专利申报管理','1','2016-11-22 14:50:11','192.168.7.1','Mozilla/5.0 (Windows NT 6.1; WOW64) AppleWebKit/537.36 (KHTML, like Gecko) Chrome/54.0.2840.99 Safari/537.36','/kcfw/a/sch/patent/schPatentUnder','GET','',''),('769233f9ab7145bd976294d42a555c26','1','系统设置-机构用户-机构管理-查看','1','2016-11-22 15:36:18','192.168.7.1','Mozilla/5.0 (Windows NT 6.1; WOW64) AppleWebKit/537.36 (KHTML, like Gecko) Chrome/54.0.2840.99 Safari/537.36','/kcfw/a/sys/office/list','GET','id=&parentIds=0,',''),('76ca525cdbf8400c8d7a08177969bc12','1','系统设置-机构用户-用户管理-查看','1','2016-11-18 15:53:46','127.0.0.1','Mozilla/5.0 (X11; Ubuntu; Linux x86_64; rv:39.0) Gecko/20100101 Firefox/39.0','/kcfw/a/sys/user/list','GET','',''),('76e89fcab6d94009a21950ff7412fc85','1','知识产权-专利申报-专利申报（本科生）','1','2016-11-20 18:18:52','127.0.0.1','Mozilla/5.0 (X11; Ubuntu; Linux x86_64; rv:39.0) Gecko/20100101 Firefox/39.0','/kcfw/a/sch/patent/schPatentUnder','GET','',''),('77ad9a32ad2843149dd59c1b2c58623c','1','系统登录','1','2016-11-20 17:37:19','127.0.0.1','Mozilla/5.0 (X11; Ubuntu; Linux x86_64; rv:39.0) Gecko/20100101 Firefox/39.0','/kcfw/a/sys/user/index','GET','',''),('77e9d0a963ef4fc88f49e90052165bf3','1','在线办公-流程管理-流程管理','36ba3cc834ad4fa9a00cea224296b154','2016-11-18 15:43:48','127.0.0.1','Mozilla/5.0 (X11; Ubuntu; Linux x86_64; rv:39.0) Gecko/20100101 Firefox/39.0','/kcfw/a/act/process','GET','',''),('786cb5d462504b2cb4c322deda9da15f','1','系统设置-机构用户-用户管理-查看','1','2016-11-18 16:58:27','127.0.0.1','Mozilla/5.0 (X11; Ubuntu; Linux x86_64; rv:39.0) Gecko/20100101 Firefox/39.0','/kcfw/a/sys/user/list','GET','office.id=15&office.name=市场部',''),('7897faa210854c6193dbf9a67121d3b2','1','代码生成-代码生成-业务表配置','1','2016-11-21 16:27:09','192.168.7.1','Mozilla/5.0 (Windows NT 6.1; WOW64) AppleWebKit/537.36 (KHTML, like Gecko) Chrome/54.0.2840.99 Safari/537.36','/kcfw/a/gen/genTable','GET','',''),('78a51ff858a749d5aba7ec86c7010aa3','1','系统设置-机构用户-用户管理-查看','1','2016-11-22 15:12:30','192.168.7.1','Mozilla/5.0 (Windows NT 6.1; WOW64) AppleWebKit/537.36 (KHTML, like Gecko) Chrome/54.0.2840.99 Safari/537.36','/kcfw/a/sys/user/list','GET','',''),('78ca975a86784f7bbce4234dd63f859c','1','在线办公-通知通告-我的通告','1','2016-11-18 17:25:26','127.0.0.1','Mozilla/5.0 (X11; Ubuntu; Linux x86_64; rv:39.0) Gecko/20100101 Firefox/39.0','/kcfw/a/oa/oaNotify/self','GET','',''),('78ed6525aa5d4ad3b191c33418d196ce','1','系统设置-机构用户-用户管理-修改','1','2016-11-22 15:39:42','192.168.7.1','Mozilla/5.0 (Windows NT 6.1; WOW64) AppleWebKit/537.36 (KHTML, like Gecko) Chrome/54.0.2840.99 Safari/537.36','/kcfw/a/sys/user/checkLoginName','GET','oldLoginName=sd_zhb&loginName=sd_zhb',''),('79330f191f3b4c9f906bee03e4a4a489','1','知识产权-专利申报-专利机构信息','1','2016-11-22 23:17:34','192.168.7.1','Mozilla/5.0 (Windows NT 6.1; WOW64) AppleWebKit/537.36 (KHTML, like Gecko) Chrome/54.0.2840.99 Safari/537.36','/kcfw/a/sch/patent/schPatentAgency','GET','',''),('793d438558db4b4494e223c5fdc2ccf8','1','知识产权-专利申报-专利申报管理','1','2016-11-22 15:15:47','192.168.7.1','Mozilla/5.0 (Windows NT 6.1; WOW64) AppleWebKit/537.36 (KHTML, like Gecko) Chrome/54.0.2840.99 Safari/537.36','/kcfw/a/sch/patent/schPatentUnder','GET','',''),('7967561aade54f73bbbe12d7dc28ad68','1','系统设置-系统设置-菜单管理-修改','1','2016-11-20 17:37:44','127.0.0.1','Mozilla/5.0 (X11; Ubuntu; Linux x86_64; rv:39.0) Gecko/20100101 Firefox/39.0','/kcfw/a/sys/menu/save','POST','id=&parent.id=1&parent.name=功能菜单&name=知识产权&href=&target=&icon=&sort=5030&isShow=1&permission=&remarks=',''),('79700925c6ab40949a1089ade953a991','1','系统设置-机构用户-用户管理','1','2016-11-19 23:57:50','127.0.0.1','Mozilla/5.0 (X11; Ubuntu; Linux x86_64; rv:39.0) Gecko/20100101 Firefox/39.0','/kcfw/a/sys/user/index','GET','',''),('7984d1769ca344738143fba5f36e2722','1','在线办公-个人办公-审批测试','1','2016-11-18 17:25:32','127.0.0.1','Mozilla/5.0 (X11; Ubuntu; Linux x86_64; rv:39.0) Gecko/20100101 Firefox/39.0','/kcfw/a/oa/testAudit','GET','',''),('79faa548848e466ba1a3ce4c223a94e0','1','在线办公-个人办公-我的任务','1','2016-11-18 15:39:39','127.0.0.1','Mozilla/5.0 (X11; Ubuntu; Linux x86_64; rv:39.0) Gecko/20100101 Firefox/39.0','/kcfw/a/act/task/todo/','GET','',''),('7acb6a67866f4369a40e972a589c8923','1','系统设置-机构用户-用户管理','1','2016-11-18 17:24:54','127.0.0.1','Mozilla/5.0 (X11; Ubuntu; Linux x86_64; rv:39.0) Gecko/20100101 Firefox/39.0','/kcfw/a/sys/user/index','GET','',''),('7b13e041145b42cebac0213046f284cc','1','我的面板-个人信息-个人信息','1','2016-11-18 17:44:59','127.0.0.1','Mozilla/5.0 (X11; Ubuntu; Linux x86_64; rv:39.0) Gecko/20100101 Firefox/39.0','/kcfw/a/sys/user/info','GET','',''),('7b5b71252abc41c48ea016034c3ddfc2','1','代码生成-代码生成-生成方案配置','1','2016-11-20 17:26:03','127.0.0.1','Mozilla/5.0 (X11; Ubuntu; Linux x86_64; rv:39.0) Gecko/20100101 Firefox/39.0','/kcfw/a/gen/genScheme','GET','',''),('7bdc9cb251b34c63a3a82d2148b2fe19','1','系统设置-机构用户-用户管理-查看','1','2016-11-22 11:25:40','192.168.7.1','Mozilla/5.0 (Windows NT 6.1; WOW64) AppleWebKit/537.36 (KHTML, like Gecko) Chrome/54.0.2840.99 Safari/537.36','/kcfw/a/sys/user/list','GET','office.id=11&office.name=技术部',''),('7cab495ded9742a5b94ddeb1bf8bf0f2','1','系统设置-系统设置-角色管理-修改','1','2016-11-18 17:44:32','127.0.0.1','Mozilla/5.0 (X11; Ubuntu; Linux x86_64; rv:39.0) Gecko/20100101 Firefox/39.0','/kcfw/a/sys/role/save','POST','id=4&office.id=2&office.name=公司领导&oldName=部门管理员&name=部门管理员&oldEnname=b&enname=b&roleType=assignment&sysData=1&useable=1&dataScope=4&menuIds=1,62,63,73,74,64,65,66&officeIds=&remarks=',''),('7cd02697c96647ea917cca2f55383cf3','1','在线办公-流程管理-流程管理','1','2016-11-18 17:45:38','127.0.0.1','Mozilla/5.0 (X11; Ubuntu; Linux x86_64; rv:39.0) Gecko/20100101 Firefox/39.0','/kcfw/a/act/process','GET','',''),('7cff3708b2c1453a9c3502025daefccc','1','系统设置-系统设置-字典管理','1','2016-11-20 17:13:20','127.0.0.1','Mozilla/5.0 (X11; Ubuntu; Linux x86_64; rv:39.0) Gecko/20100101 Firefox/39.0','/kcfw/a/sys/dict/','GET','repage=&type=INVENTOR_TYPE',''),('7de0a4ef6ece49c68ef2e57e97ad6741','1','系统设置-机构用户-用户管理-查看','1','2016-11-18 16:15:07','127.0.0.1','Mozilla/5.0 (X11; Ubuntu; Linux x86_64; rv:39.0) Gecko/20100101 Firefox/39.0','/kcfw/a/sys/user/list','GET','office.id=3&office.name=ç»¼åé¨',''),('7df8d325f4664142914db1ddc5a3befb','1','系统设置-系统设置-字典管理','1','2016-11-20 00:10:47','127.0.0.1','Mozilla/5.0 (X11; Ubuntu; Linux x86_64; rv:39.0) Gecko/20100101 Firefox/39.0','/kcfw/a/sys/dict/','GET','repage=&type=PATENT_TYPE',''),('7e29def73466421f8ec1c09942affed9','1','系统设置-系统设置-菜单管理','1','2016-11-20 17:41:03','127.0.0.1','Mozilla/5.0 (X11; Ubuntu; Linux x86_64; rv:39.0) Gecko/20100101 Firefox/39.0','/kcfw/a/sys/menu/','GET','',''),('7e3261db0ddd4f0f86e87f2e421a7716','1','系统设置-机构用户-用户管理-查看','1','2016-11-20 17:45:58','127.0.0.1','Mozilla/5.0 (X11; Ubuntu; Linux x86_64; rv:39.0) Gecko/20100101 Firefox/39.0','/kcfw/a/sys/user/list','GET','',''),('7e39f0e532024d73ae54ccb84cacbc67','1','系统登录','1','2016-11-22 23:15:23','192.168.7.1','Mozilla/5.0 (Windows NT 6.1; WOW64) AppleWebKit/537.36 (KHTML, like Gecko) Chrome/54.0.2840.99 Safari/537.36','/kcfw/a','GET','login=',''),('7ed474156eb84719ba549f42900756c9','1','系统设置-机构用户-区域管理-查看','1','2016-11-22 10:45:43','192.168.7.1','Mozilla/5.0 (Windows NT 6.1; WOW64) AppleWebKit/537.36 (KHTML, like Gecko) Chrome/54.0.2840.99 Safari/537.36','/kcfw/a/sys/area/form','GET','id=2',''),('7f2accc587074959a6554e83d8e9d5a2','1','在线办公-个人办公-我的任务','7','2016-11-18 17:31:47','127.0.0.1','Mozilla/5.0 (X11; Ubuntu; Linux x86_64; rv:39.0) Gecko/20100101 Firefox/39.0','/kcfw/a/act/task/todo/','GET','',''),('7f5479312a024067ba65227b10ae090e','1','系统设置-机构用户-用户管理','1','2016-11-18 15:19:41','127.0.0.1','Mozilla/5.0 (X11; Ubuntu; Linux x86_64; rv:39.0) Gecko/20100101 Firefox/39.0','/kcfw/a/sys/user/index','GET','',''),('7f976259ea5d447688357fa422163cad','1','系统设置-机构用户-用户管理-查看','1','2016-11-18 15:19:42','127.0.0.1','Mozilla/5.0 (X11; Ubuntu; Linux x86_64; rv:39.0) Gecko/20100101 Firefox/39.0','/kcfw/a/sys/user/list','GET','',''),('7f9ed4825333473aab4844310f0ce7dd','1','知识产权-专利申报-专利申报（本科生）','1','2016-11-20 23:24:00','192.168.7.1','Mozilla/5.0 (Windows NT 6.1; WOW64) AppleWebKit/537.36 (KHTML, like Gecko) Chrome/54.0.2840.99 Safari/537.36','/kcfw/a/sch/patent/schPatentUnder','GET','',''),('7ff4ad9d50b349b79197e4c2b903d1b4','1','系统设置-系统设置-角色管理','1','2016-11-18 16:57:35','127.0.0.1','Mozilla/5.0 (X11; Ubuntu; Linux x86_64; rv:39.0) Gecko/20100101 Firefox/39.0','/kcfw/a/sys/role/','GET','',''),('801822999b7648209f35ac637111f925','1','系统设置-机构用户-用户管理-查看','1','2016-11-18 15:39:04','127.0.0.1','Mozilla/5.0 (X11; Ubuntu; Linux x86_64; rv:39.0) Gecko/20100101 Firefox/39.0','/kcfw/a/sys/user/list','GET','',''),('801bcb2adbbd41e0807736bbddc7bddb','1','系统登录','1','2016-11-22 11:09:01','192.168.7.1','Mozilla/5.0 (Windows NT 6.1; WOW64) AppleWebKit/537.36 (KHTML, like Gecko) Chrome/54.0.2840.99 Safari/537.36','/kcfw/a/sys/menu/tree','GET','parentId=c0671c3c569e49c283ad38c02fbe062e',''),('80b44c8c7117445182e4b8b94a3258c8','1','系统登录','7','2016-11-18 17:37:54','127.0.0.1','Mozilla/5.0 (X11; Ubuntu; Linux x86_64; rv:39.0) Gecko/20100101 Firefox/39.0','/kcfw/a/sys/menu/tree','GET','parentId=2',''),('80ea26a7b91d4ada95e4c033b03622fe','1','系统设置-机构用户-用户管理','1','2016-11-20 17:43:28','127.0.0.1','Mozilla/5.0 (X11; Ubuntu; Linux x86_64; rv:39.0) Gecko/20100101 Firefox/39.0','/kcfw/a/sys/user/index','GET','',''),('810ebf382ded45a6afe165542157b782','1','代码生成-代码生成-业务表配置','1','2016-11-20 00:00:10','127.0.0.1','Mozilla/5.0 (X11; Ubuntu; Linux x86_64; rv:39.0) Gecko/20100101 Firefox/39.0','/kcfw/a/gen/genTable','GET','',''),('81233c2257ee4192847a92e1c868299e','1','系统设置-机构用户-用户管理-查看','1','2016-11-22 15:40:07','192.168.7.1','Mozilla/5.0 (Windows NT 6.1; WOW64) AppleWebKit/537.36 (KHTML, like Gecko) Chrome/54.0.2840.99 Safari/537.36','/kcfw/a/sys/user/list','GET','repage=',''),('8137a88c38d34c78b3dadbe25757b099','1','知识产权-专利申报-专利机构信息','1','2016-11-22 15:40:09','192.168.7.1','Mozilla/5.0 (Windows NT 6.1; WOW64) AppleWebKit/537.36 (KHTML, like Gecko) Chrome/54.0.2840.99 Safari/537.36','/kcfw/a/sch/patent/schPatentAgency','GET','',''),('817be19d477b43a09ebaf5f3724f1225','1','我的面板-个人信息-个人信息','1','2016-11-18 15:35:46','127.0.0.1','Mozilla/5.0 (X11; Ubuntu; Linux x86_64; rv:39.0) Gecko/20100101 Firefox/39.0','/kcfw/a/sys/user/info','GET','',''),('81c48186084648cf815242299d536069','1','我的面板-个人信息-个人信息','1','2016-11-22 11:33:43','192.168.7.1','Mozilla/5.0 (Windows NT 6.1; WOW64) AppleWebKit/537.36 (KHTML, like Gecko) Chrome/54.0.2840.99 Safari/537.36','/kcfw/a/sys/user/info','GET','',''),('81f4461b2b8740d19a5102a4e74f66be','1','系统设置-机构用户-机构管理','1','2016-11-22 10:45:30','192.168.7.1','Mozilla/5.0 (Windows NT 6.1; WOW64) AppleWebKit/537.36 (KHTML, like Gecko) Chrome/54.0.2840.99 Safari/537.36','/kcfw/a/sys/office/','GET','',''),('81fc0bb72c18428eb75d433960308237','1','系统设置-机构用户-机构管理','1','2016-11-18 15:53:53','127.0.0.1','Mozilla/5.0 (X11; Ubuntu; Linux x86_64; rv:39.0) Gecko/20100101 Firefox/39.0','/kcfw/a/sys/office/','GET','',''),('82618118a5004b7494014d358638b9b7','1','系统设置-系统设置-字典管理-查看','1','2016-11-20 17:11:27','127.0.0.1','Mozilla/5.0 (X11; Ubuntu; Linux x86_64; rv:39.0) Gecko/20100101 Firefox/39.0','/kcfw/a/sys/dict/form','GET','sort=10',''),('82966404861b4470b8b89d87589a0449','1','在线办公-个人办公-我的任务','36ba3cc834ad4fa9a00cea224296b154','2016-11-18 15:43:14','127.0.0.1','Mozilla/5.0 (X11; Ubuntu; Linux x86_64; rv:39.0) Gecko/20100101 Firefox/39.0','/kcfw/a/act/task/todo/','GET','',''),('8343691865534c3ea777d681d88a5b6e','1','系统设置-机构用户-用户管理-查看','1','2016-11-22 10:48:27','192.168.7.1','Mozilla/5.0 (Windows NT 6.1; WOW64) AppleWebKit/537.36 (KHTML, like Gecko) Chrome/54.0.2840.99 Safari/537.36','/kcfw/a/sys/user/list','GET','office.id=8065fbd5cce349af9b4d345bcb954d34&office.name=专利机构',''),('839397ce3fa94cacab250f80f30f755e','1','我的面板-个人信息-个人信息','1','2016-11-21 23:02:18','192.168.7.1','Mozilla/5.0 (Windows NT 6.1; WOW64) AppleWebKit/537.36 (KHTML, like Gecko) Chrome/54.0.2840.99 Safari/537.36','/kcfw/a/sys/user/info','GET','',''),('83c957ba0e884f63a75072f08a2e0baf','1','系统设置-系统设置-菜单管理','1','2016-11-21 16:28:06','192.168.7.1','Mozilla/5.0 (Windows NT 6.1; WOW64) AppleWebKit/537.36 (KHTML, like Gecko) Chrome/54.0.2840.99 Safari/537.36','/kcfw/a/sys/menu/','GET','',''),('846c051da2bb48a693bb059d02122d87','1','知识产权-专利申报-专利机构信息','1','2016-11-21 23:51:37','192.168.7.1','Mozilla/5.0 (Windows NT 6.1; WOW64) AppleWebKit/537.36 (KHTML, like Gecko) Chrome/54.0.2840.99 Safari/537.36','/kcfw/a/sch/patent/schPatentAgency','GET','',''),('84f78a461a0f4618a6ccd2f0fd4c6418','1','知识产权-专利申报-专利申报管理','1','2016-11-22 15:34:48','192.168.7.1','Mozilla/5.0 (Windows NT 6.1; WOW64) AppleWebKit/537.36 (KHTML, like Gecko) Chrome/54.0.2840.99 Safari/537.36','/kcfw/a/sch/patent/schPatentUnder','GET','',''),('855a14beace44271aa0d33fbc4c15327','1','在线办公-流程管理-模型管理','1','2016-11-18 15:25:27','127.0.0.1','Mozilla/5.0 (X11; Ubuntu; Linux x86_64; rv:39.0) Gecko/20100101 Firefox/39.0','/kcfw/a/act/model','GET','',''),('868da718db3242d8b59bec6e9fd3380c','1','在线办公-通知通告-通告管理','1','2016-11-18 15:23:48','127.0.0.1','Mozilla/5.0 (X11; Ubuntu; Linux x86_64; rv:39.0) Gecko/20100101 Firefox/39.0','/kcfw/a/oa/oaNotify','GET','',''),('869070cb5ad743e5b62338921c164a50','1','在线办公-个人办公-审批测试','1','2016-11-18 17:43:21','127.0.0.1','Mozilla/5.0 (X11; Ubuntu; Linux x86_64; rv:39.0) Gecko/20100101 Firefox/39.0','/kcfw/a/oa/testAudit','GET','',''),('86b0593a2f3d4f8e933330897566ca28','1','系统设置-机构用户-用户管理-查看','1','2016-11-22 15:39:29','192.168.7.1','Mozilla/5.0 (Windows NT 6.1; WOW64) AppleWebKit/537.36 (KHTML, like Gecko) Chrome/54.0.2840.99 Safari/537.36','/kcfw/a/sys/user/form','GET','id=3',''),('86c6a39fdb9b480b9ddee9b45d8f1531','1','系统设置-机构用户-用户管理-查看','1','2016-11-18 16:58:30','127.0.0.1','Mozilla/5.0 (X11; Ubuntu; Linux x86_64; rv:39.0) Gecko/20100101 Firefox/39.0','/kcfw/a/sys/user/list','GET','office.id=10&office.name=市场部',''),('86f86cdaae524485a03c17a8d5bf0c0e','1','系统设置-系统设置-角色管理-查看','1','2016-11-22 11:39:08','192.168.7.1','Mozilla/5.0 (Windows NT 6.1; WOW64) AppleWebKit/537.36 (KHTML, like Gecko) Chrome/54.0.2840.99 Safari/537.36','/kcfw/a/sys/role/form','GET','id=70adf5534cc040d0abfdf2a6d5c0f8d1',''),('872d31e3d4b840fc9208940ace89395d','1','系统设置-机构用户-用户管理-查看','1','2016-11-18 17:44:06','127.0.0.1','Mozilla/5.0 (X11; Ubuntu; Linux x86_64; rv:39.0) Gecko/20100101 Firefox/39.0','/kcfw/a/sys/user/list','GET','',''),('87b17b5666404d3ca8891dedc3195a31','1','系统设置-机构用户-用户管理-查看','1','2016-11-22 11:32:41','192.168.7.1','Mozilla/5.0 (Windows NT 6.1; WOW64) AppleWebKit/537.36 (KHTML, like Gecko) Chrome/54.0.2840.99 Safari/537.36','/kcfw/a/sys/user/form','GET','id=3950253782ae438d9c402bbd3abfe1e2',''),('8809720923d6453eace35ffd006d6e50','1','在线办公-个人办公-审批测试','7','2016-11-18 17:40:40','127.0.0.1','Mozilla/5.0 (X11; Ubuntu; Linux x86_64; rv:39.0) Gecko/20100101 Firefox/39.0','/kcfw/a/oa/testAudit','GET','',''),('8876b9e2c24b4d2d92eb845ed29202c1','1','知识产权-专利申报-专利机构信息','1','2016-11-21 16:53:50','192.168.7.1','Mozilla/5.0 (Windows NT 6.1; WOW64) AppleWebKit/537.36 (KHTML, like Gecko) Chrome/54.0.2840.99 Safari/537.36','/kcfw/a/sch/patent/schPatentAgency','GET','',''),('8941e07623104acc964c18aef8d9bc29','1','知识产权-专利申报-专利机构信息','1','2016-11-21 23:00:19','192.168.7.1','Mozilla/5.0 (Windows NT 6.1; WOW64) AppleWebKit/537.36 (KHTML, like Gecko) Chrome/54.0.2840.99 Safari/537.36','/kcfw/a/sch/patent/schPatentAgency','GET','',''),('89b2c7d18def456badc447b5847d50be','1','在线办公-个人办公-审批测试','1','2016-11-18 17:41:02','127.0.0.1','Mozilla/5.0 (X11; Ubuntu; Linux x86_64; rv:39.0) Gecko/20100101 Firefox/39.0','/kcfw/a/oa/testAudit','GET','',''),('89da6ae9510541128fbb14ca2598f504','1','系统登录','1','2016-11-20 23:43:21','127.0.0.1','Mozilla/5.0 (X11; Ubuntu; Linux x86_64; rv:39.0) Gecko/20100101 Firefox/39.0','/kcfw/a/tag/treeselect','POST','url=/sys/office/treeData?type=3&module=&checked=&extId=&isAll=&___t0.009886401228002328=&selectIds=',''),('8a5a1c41d87c4a8eb1eb959007227960','1','在线办公-流程管理-流程管理','1','2016-11-18 17:27:20','127.0.0.1','Mozilla/5.0 (X11; Ubuntu; Linux x86_64; rv:39.0) Gecko/20100101 Firefox/39.0','/kcfw/a/act/process','GET','',''),('8a725902fe20463198566747ee87de8b','1','知识产权-专利申报-专利申报（本科生）','1','2016-11-21 22:54:30','192.168.7.1','Mozilla/5.0 (Windows NT 6.1; WOW64) AppleWebKit/537.36 (KHTML, like Gecko) Chrome/54.0.2840.99 Safari/537.36','/kcfw/a/sch/patent/schPatentUnder','GET','',''),('8ab4072d0a944a8aa25dcdb01fa619d5','1','系统设置-系统设置-角色管理','1','2016-11-22 11:39:00','192.168.7.1','Mozilla/5.0 (Windows NT 6.1; WOW64) AppleWebKit/537.36 (KHTML, like Gecko) Chrome/54.0.2840.99 Safari/537.36','/kcfw/a/sys/role/','GET','',''),('8aea9acf629a43f98843f3747fbb9546','1','系统设置-机构用户-用户管理-查看','1','2016-11-22 15:39:38','192.168.7.1','Mozilla/5.0 (Windows NT 6.1; WOW64) AppleWebKit/537.36 (KHTML, like Gecko) Chrome/54.0.2840.99 Safari/537.36','/kcfw/a/sys/user/form','GET','id=3',''),('8b307e7806e7449da242ca5c71220694','1','系统设置-机构用户-用户管理-查看','1','2016-11-22 11:26:08','192.168.7.1','Mozilla/5.0 (Windows NT 6.1; WOW64) AppleWebKit/537.36 (KHTML, like Gecko) Chrome/54.0.2840.99 Safari/537.36','/kcfw/a/sys/user/form','GET','',''),('8b8fc6a5ba5147488fd2502a06939a89','1','系统设置-机构用户-机构管理-修改','1','2016-11-22 15:36:23','192.168.7.1','Mozilla/5.0 (Windows NT 6.1; WOW64) AppleWebKit/537.36 (KHTML, like Gecko) Chrome/54.0.2840.99 Safari/537.36','/kcfw/a/sys/office/delete','GET','id=7',''),('8bd319e1236a48ef9f6792de02bb3b3b','1','在线办公-通知通告-我的通告','1','2016-11-20 17:53:38','127.0.0.1','Mozilla/5.0 (X11; Ubuntu; Linux x86_64; rv:39.0) Gecko/20100101 Firefox/39.0','/kcfw/a/oa/oaNotify/self','GET','',''),('8be869c7f3c64a6ab0e9fb4ffac2e93d','1','我的面板-个人信息-个人信息','1','2016-11-22 15:51:47','192.168.7.1','Mozilla/5.0 (Windows NT 6.1; WOW64) AppleWebKit/537.36 (KHTML, like Gecko) Chrome/54.0.2840.99 Safari/537.36','/kcfw/a/sys/user/info','GET','',''),('8bfb13c145714df89b190b75f0273c6c','1','在线办公-流程管理-流程管理','1','2016-11-21 22:09:43','192.168.7.1','Mozilla/5.0 (Windows NT 6.1; WOW64) AppleWebKit/537.36 (KHTML, like Gecko) Chrome/54.0.2840.99 Safari/537.36','/kcfw/a/act/process','GET','',''),('8c0ae5b2cc064ada871f9ceb124e6334','1','知识产权-专利申报-专利申报管理','1','2016-11-22 15:57:36','192.168.7.1','Mozilla/5.0 (Windows NT 6.1; WOW64) AppleWebKit/537.36 (KHTML, like Gecko) Chrome/54.0.2840.99 Safari/537.36','/kcfw/a/sch/patent/schPatentUnder','GET','',''),('8c9083d3ca07413692990850d0b0005b','1','知识产权-专利申报-专利机构信息','1','2016-11-22 14:46:14','192.168.7.1','Mozilla/5.0 (Windows NT 6.1; WOW64) AppleWebKit/537.36 (KHTML, like Gecko) Chrome/54.0.2840.99 Safari/537.36','/kcfw/a/sch/patent/schPatentAgency','GET','',''),('8d194ff86f2b49878dc9d4ec7046d519','1','在线办公-流程管理-流程管理','7','2016-11-18 17:40:31','127.0.0.1','Mozilla/5.0 (X11; Ubuntu; Linux x86_64; rv:39.0) Gecko/20100101 Firefox/39.0','/kcfw/a/act/process','GET','',''),('8d1a9551445841e997b2436d32b050b4','1','系统设置-机构用户-用户管理-查看','1','2016-11-22 11:25:57','192.168.7.1','Mozilla/5.0 (Windows NT 6.1; WOW64) AppleWebKit/537.36 (KHTML, like Gecko) Chrome/54.0.2840.99 Safari/537.36','/kcfw/a/sys/user/list','GET','repage=',''),('8d6c7a68bdd94468a47a475305b1674a','1','系统设置-系统设置-菜单管理-查看','1','2016-11-21 16:28:17','192.168.7.1','Mozilla/5.0 (Windows NT 6.1; WOW64) AppleWebKit/537.36 (KHTML, like Gecko) Chrome/54.0.2840.99 Safari/537.36','/kcfw/a/sys/menu/form','GET','id=87b299fd957841e7ade7b220183dcc58',''),('8d8806af0133472394d4a5ae85ab109a','1','系统设置-机构用户-用户管理-查看','1','2016-11-22 11:25:27','192.168.7.1','Mozilla/5.0 (Windows NT 6.1; WOW64) AppleWebKit/537.36 (KHTML, like Gecko) Chrome/54.0.2840.99 Safari/537.36','/kcfw/a/sys/user/list','GET','office.id=8065fbd5cce349af9b4d345bcb954d34&office.name=专利机构',''),('8d95be0c12c049a2b40e52872d7614e1','1','系统设置-系统设置-角色管理-查看','1','2016-11-22 11:37:32','192.168.7.1','Mozilla/5.0 (Windows NT 6.1; WOW64) AppleWebKit/537.36 (KHTML, like Gecko) Chrome/54.0.2840.99 Safari/537.36','/kcfw/a/sys/role/form','GET','id=70adf5534cc040d0abfdf2a6d5c0f8d1',''),('8da53e0eb2b749c4b7825b2d01c02603','1','系统设置-机构用户-用户管理-查看','1','2016-11-22 15:39:54','192.168.7.1','Mozilla/5.0 (Windows NT 6.1; WOW64) AppleWebKit/537.36 (KHTML, like Gecko) Chrome/54.0.2840.99 Safari/537.36','/kcfw/a/sys/user/list','GET','repage=',''),('8e68c4358fa3496a8999a66fcf36c954','1','系统设置-机构用户-用户管理-查看','1','2016-11-22 15:40:24','192.168.7.1','Mozilla/5.0 (Windows NT 6.1; WOW64) AppleWebKit/537.36 (KHTML, like Gecko) Chrome/54.0.2840.99 Safari/537.36','/kcfw/a/sys/user/list','GET','',''),('8eb064592d754054bb2acae3074874e8','1','系统设置-机构用户-用户管理-查看','1','2016-11-18 15:23:38','127.0.0.1','Mozilla/5.0 (X11; Ubuntu; Linux x86_64; rv:39.0) Gecko/20100101 Firefox/39.0','/kcfw/a/sys/user/list','GET','office.id=4&office.name=å¸åºé¨',''),('8eb3b596c46c4d2c904c1c38f0ac2a74','1','系统设置-机构用户-用户管理-查看','1','2016-11-18 16:21:51','127.0.0.1','Mozilla/5.0 (X11; Ubuntu; Linux x86_64; rv:39.0) Gecko/20100101 Firefox/39.0','/kcfw/a/sys/user/list','GET','',''),('8ee4431300414803906a47101fc158c3','1','代码生成-代码生成-业务表配置','1','2016-11-21 23:00:19','192.168.7.1','Mozilla/5.0 (Windows NT 6.1; WOW64) AppleWebKit/537.36 (KHTML, like Gecko) Chrome/54.0.2840.99 Safari/537.36','/kcfw/a/gen/genTable','GET','',''),('8f042f68316542beb3f4d5d2a970fed5','1','知识产权-专利申报-专利申报管理','1','2016-11-22 15:52:28','192.168.7.1','Mozilla/5.0 (Windows NT 6.1; WOW64) AppleWebKit/537.36 (KHTML, like Gecko) Chrome/54.0.2840.99 Safari/537.36','/kcfw/a/sch/patent/schPatentUnder','GET','',''),('8f2831db07774e73846b647a15efacb2','1','系统设置-系统设置-菜单管理-修改','1','2016-11-20 17:41:56','127.0.0.1','Mozilla/5.0 (X11; Ubuntu; Linux x86_64; rv:39.0) Gecko/20100101 Firefox/39.0','/kcfw/a/sys/menu/save','POST','id=&parent.id=d5d9045b5a9b488bb1304e18cb5ba5fd&parent.name=专利申报&name=专利申报（本科生）&href=/sch/patent/schPatentUnder&target=&icon=&sort=30&isShow=1&permission=sch:patent:schPatentUnder:view;sch:patent:schPatentUnder:edit&remarks=',''),('9069c07d45db43848f601ed55823ce0b','1','系统设置-机构用户-用户管理-查看','7','2016-11-18 17:37:55','127.0.0.1','Mozilla/5.0 (X11; Ubuntu; Linux x86_64; rv:39.0) Gecko/20100101 Firefox/39.0','/kcfw/a/sys/user/list','GET','',''),('9109c44eb5eb4dbfae7af78d49ed775f','1','系统设置-机构用户-区域管理','1','2016-11-22 10:45:35','192.168.7.1','Mozilla/5.0 (Windows NT 6.1; WOW64) AppleWebKit/537.36 (KHTML, like Gecko) Chrome/54.0.2840.99 Safari/537.36','/kcfw/a/sys/area/','GET','',''),('916f87c7fef446e09b6c04ff3593842f','1','在线办公-通知通告-我的通告','1','2016-11-21 22:09:38','192.168.7.1','Mozilla/5.0 (Windows NT 6.1; WOW64) AppleWebKit/537.36 (KHTML, like Gecko) Chrome/54.0.2840.99 Safari/537.36','/kcfw/a/oa/oaNotify/self','GET','',''),('91aa3330a7284125821ea69c1b49e40a','1','知识产权-专利申报-专利申报管理','1','2016-11-22 14:53:44','192.168.7.1','Mozilla/5.0 (Windows NT 6.1; WOW64) AppleWebKit/537.36 (KHTML, like Gecko) Chrome/54.0.2840.99 Safari/537.36','/kcfw/a/sch/patent/schPatentUnder','GET','',''),('91f78040360942e19609c19bd4bece8d','1','系统设置-机构用户-用户管理','1','2016-11-22 11:32:36','192.168.7.1','Mozilla/5.0 (Windows NT 6.1; WOW64) AppleWebKit/537.36 (KHTML, like Gecko) Chrome/54.0.2840.99 Safari/537.36','/kcfw/a/sys/user/index','GET','',''),('92a5261c518047e28178793e7187456c','1','系统设置-系统设置-字典管理-查看','1','2016-11-20 00:08:48','127.0.0.1','Mozilla/5.0 (X11; Ubuntu; Linux x86_64; rv:39.0) Gecko/20100101 Firefox/39.0','/kcfw/a/sys/dict/form','GET','sort=10',''),('92ac0db0cd5345c1945542a2ed8dfe52','1','在线办公-通知通告-我的通告','36ba3cc834ad4fa9a00cea224296b154','2016-11-18 17:29:15','127.0.0.1','Mozilla/5.0 (X11; Ubuntu; Linux x86_64; rv:39.0) Gecko/20100101 Firefox/39.0','/kcfw/a/oa/oaNotify/self','GET','',''),('92badfc441d646b8936122416d5ec363','1','系统设置-机构用户-用户管理-查看','1','2016-11-21 16:24:01','192.168.7.1','Mozilla/5.0 (Windows NT 6.1; WOW64) AppleWebKit/537.36 (KHTML, like Gecko) Chrome/54.0.2840.99 Safari/537.36','/kcfw/a/sys/user/list','GET','',''),('930fe1d6a6a94fd8ad4e8ec76a8b8b0d','1','知识产权-专利申报-专利申报（本科生）','1','2016-11-20 23:23:28','192.168.7.1','Mozilla/5.0 (Windows NT 6.1; WOW64) AppleWebKit/537.36 (KHTML, like Gecko) Chrome/54.0.2840.99 Safari/537.36','/kcfw/a/sch/patent/schPatentUnder','GET','',''),('93250343bb0342d5ab0cdaa895399b40','1','系统登录','1','2016-11-22 11:23:47','192.168.7.1','Mozilla/5.0 (Windows NT 6.1; WOW64) AppleWebKit/537.36 (KHTML, like Gecko) Chrome/54.0.2840.99 Safari/537.36','/kcfw/a/sch/patent/schPatentAgency','GET','',''),('93b8c9b07f7f4dd59b2a9a08542b5298','1','系统设置-机构用户-用户管理-查看','1','2016-11-22 11:32:38','192.168.7.1','Mozilla/5.0 (Windows NT 6.1; WOW64) AppleWebKit/537.36 (KHTML, like Gecko) Chrome/54.0.2840.99 Safari/537.36','/kcfw/a/sys/user/list','GET','office.id=8065fbd5cce349af9b4d345bcb954d34&office.name=专利机构',''),('93dad009d1924cc6bfdd83a3270a5e01','1','系统设置-机构用户-用户管理-查看','1','2016-11-21 22:10:10','192.168.7.1','Mozilla/5.0 (Windows NT 6.1; WOW64) AppleWebKit/537.36 (KHTML, like Gecko) Chrome/54.0.2840.99 Safari/537.36','/kcfw/a/sys/user/list','GET','',''),('93ee93b63c7543e0a17bb191c8214fe4','1','系统设置-机构用户-用户管理-查看','1','2016-11-18 16:46:15','127.0.0.1','Mozilla/5.0 (X11; Ubuntu; Linux x86_64; rv:39.0) Gecko/20100101 Firefox/39.0','/kcfw/a/sys/user/list','GET','',''),('9403451b3c3c4facb8a4c3e66a279156','1','系统设置-机构用户-机构管理-查看','1','2016-11-21 16:24:11','192.168.7.1','Mozilla/5.0 (Windows NT 6.1; WOW64) AppleWebKit/537.36 (KHTML, like Gecko) Chrome/54.0.2840.99 Safari/537.36','/kcfw/a/sys/office/list','GET','id=&parentIds=',''),('94688dcab36a47f796a8c8ca111aee2c','1','系统设置-机构用户-用户管理-修改','1','2016-11-22 15:39:31','192.168.7.1','Mozilla/5.0 (Windows NT 6.1; WOW64) AppleWebKit/537.36 (KHTML, like Gecko) Chrome/54.0.2840.99 Safari/537.36','/kcfw/a/sys/user/checkLoginName','GET','oldLoginName=sd_zhb&loginName=sd_zhb',''),('9514656e03da43f298dd8a63ea7c3eae','1','系统设置-机构用户-用户管理','1','2016-11-22 15:37:56','192.168.7.1','Mozilla/5.0 (Windows NT 6.1; WOW64) AppleWebKit/537.36 (KHTML, like Gecko) Chrome/54.0.2840.99 Safari/537.36','/kcfw/a/sys/user/index','GET','',''),('9575eba5db2248b4a3c7a41fe098583c','1','系统设置-系统设置-菜单管理-查看','1','2016-11-18 16:47:23','127.0.0.1','Mozilla/5.0 (X11; Ubuntu; Linux x86_64; rv:39.0) Gecko/20100101 Firefox/39.0','/kcfw/a/sys/menu/form','GET','id=64',''),('95937839d7704804881e478e41408be1','1','在线办公-个人办公-我的任务','1','2016-11-18 17:25:53','127.0.0.1','Mozilla/5.0 (X11; Ubuntu; Linux x86_64; rv:39.0) Gecko/20100101 Firefox/39.0','/kcfw/a/act/task/todo/','GET','',''),('95c370ce628d467682cd7deaa0c2a7ce','1','系统设置-机构用户-用户管理-查看','1','2016-11-18 17:30:49','127.0.0.1','Mozilla/5.0 (X11; Ubuntu; Linux x86_64; rv:39.0) Gecko/20100101 Firefox/39.0','/kcfw/a/sys/user/list','GET','',''),('95dd7c651c984a7d9aee4d8c1cda1af6','1','在线办公-个人办公-我的任务','36ba3cc834ad4fa9a00cea224296b154','2016-11-18 15:43:44','127.0.0.1','Mozilla/5.0 (X11; Ubuntu; Linux x86_64; rv:39.0) Gecko/20100101 Firefox/39.0','/kcfw/a/act/task/todo/','GET','',''),('960b5d9b81264876b68e1da0a9ab7896','1','知识产权-专利申报-专利申报（本科生）','1','2016-11-20 18:25:41','127.0.0.1','Mozilla/5.0 (X11; Ubuntu; Linux x86_64; rv:39.0) Gecko/20100101 Firefox/39.0','/kcfw/a/sch/patent/schPatentUnder','GET','',''),('9683a6de5ec94ce488fa77969d134c84','1','系统设置-机构用户-用户管理-查看','1','2016-11-21 22:16:47','192.168.7.1','Mozilla/5.0 (Windows NT 6.1; WOW64) AppleWebKit/537.36 (KHTML, like Gecko) Chrome/54.0.2840.99 Safari/537.36','/kcfw/a/sys/user/list','GET','',''),('96c2d022eedb4e19b46b940232c7729d','1','系统登录','1','2016-11-18 17:29:52','127.0.0.1','Mozilla/5.0 (X11; Ubuntu; Linux x86_64; rv:39.0) Gecko/20100101 Firefox/39.0','/kcfw/a','GET','login=',''),('974b73448b36403d85260ed14a5ea788','1','系统设置-系统设置-字典管理','1','2016-11-20 00:11:00','127.0.0.1','Mozilla/5.0 (X11; Ubuntu; Linux x86_64; rv:39.0) Gecko/20100101 Firefox/39.0','/kcfw/a/sys/dict/','GET','repage=&type=PATENT_TYPE',''),('97797a8f1c1b45319c9e9927c090cac2','1','在线办公-个人办公-审批测试','36ba3cc834ad4fa9a00cea224296b154','2016-11-18 17:29:35','127.0.0.1','Mozilla/5.0 (X11; Ubuntu; Linux x86_64; rv:39.0) Gecko/20100101 Firefox/39.0','/kcfw/a/oa/testAudit','GET','',''),('97c1a2b6ad0f41bb8bc138a3fbbb5d99','1','系统设置-机构用户-用户管理','1','2016-11-18 17:44:05','127.0.0.1','Mozilla/5.0 (X11; Ubuntu; Linux x86_64; rv:39.0) Gecko/20100101 Firefox/39.0','/kcfw/a/sys/user/index','GET','',''),('98166a1946994c5e801422395affac6d','1','知识产权-专利申报-专利申报管理','1','2016-11-22 15:55:04','192.168.7.1','Mozilla/5.0 (Windows NT 6.1; WOW64) AppleWebKit/537.36 (KHTML, like Gecko) Chrome/54.0.2840.99 Safari/537.36','/kcfw/a/sch/patent/schPatentUnder','GET','',''),('985ef97147c4441783cd7523a033cdc1','1','系统设置-系统设置-菜单管理-修改','1','2016-11-20 17:41:22','127.0.0.1','Mozilla/5.0 (X11; Ubuntu; Linux x86_64; rv:39.0) Gecko/20100101 Firefox/39.0','/kcfw/a/sys/menu/save','POST','id=d5d9045b5a9b488bb1304e18cb5ba5fd&parent.id=c0671c3c569e49c283ad38c02fbe062e&parent.name=知识产权&name=专利申报&href=&target=&icon=&sort=30&isShow=1&permission=&remarks=',''),('98a848cb151d4872906a0ef68b11e540','1','知识产权-专利申报-专利申报管理','1','2016-11-22 15:09:52','192.168.7.1','Mozilla/5.0 (Windows NT 6.1; WOW64) AppleWebKit/537.36 (KHTML, like Gecko) Chrome/54.0.2840.99 Safari/537.36','/kcfw/a/sch/patent/schPatentUnder','GET','',''),('991ff7acdb904a40b7e0dfb3021dd2ca','1','知识产权-专利申报-专利机构信息','1','2016-11-22 22:56:51','192.168.7.1','Mozilla/5.0 (Windows NT 6.1; WOW64) AppleWebKit/537.36 (KHTML, like Gecko) Chrome/54.0.2840.99 Safari/537.36','/kcfw/a/sch/patent/schPatentAgency','GET','',''),('9a4224a9ea8b41a8b76c203f89dcccf1','1','知识产权-专利申报-专利申报（本科生）','1','2016-11-20 17:50:10','127.0.0.1','Mozilla/5.0 (X11; Ubuntu; Linux x86_64; rv:39.0) Gecko/20100101 Firefox/39.0','/kcfw/a/sch/patent/schPatentUnder','GET','',''),('9a605f6fdceb4552bcbaee2caff28b4b','1','系统设置-机构用户-用户管理-查看','1','2016-11-20 17:37:23','127.0.0.1','Mozilla/5.0 (X11; Ubuntu; Linux x86_64; rv:39.0) Gecko/20100101 Firefox/39.0','/kcfw/a/sys/user/list','GET','',''),('9a967133a3444fa18f486c440992dc92','1','系统设置-系统设置-菜单管理','1','2016-11-20 17:39:58','127.0.0.1','Mozilla/5.0 (X11; Ubuntu; Linux x86_64; rv:39.0) Gecko/20100101 Firefox/39.0','/kcfw/a/sys/menu/','GET','',''),('9af07ae2738f4940879c1f8cf3a9120e','1','系统设置-机构用户-用户管理-查看','1','2016-11-18 16:58:23','127.0.0.1','Mozilla/5.0 (X11; Ubuntu; Linux x86_64; rv:39.0) Gecko/20100101 Firefox/39.0','/kcfw/a/sys/user/list','GET','',''),('9b13c43bb29d4c7a889dd09ec7d5a071','1','系统设置-系统设置-角色管理','1','2016-11-18 16:46:27','127.0.0.1','Mozilla/5.0 (X11; Ubuntu; Linux x86_64; rv:39.0) Gecko/20100101 Firefox/39.0','/kcfw/a/sys/role/','GET','',''),('9b3bd8f03c264f24b9a4607d26eef9f4','1','系统设置-机构用户-用户管理','1','2016-11-18 17:02:54','127.0.0.1','Mozilla/5.0 (X11; Ubuntu; Linux x86_64; rv:39.0) Gecko/20100101 Firefox/39.0','/kcfw/a/sys/user/index','GET','',''),('9bad100b04ee432eafad6a70414ef691','1','代码生成-代码生成-业务表配置','1','2016-11-19 23:57:51','127.0.0.1','Mozilla/5.0 (X11; Ubuntu; Linux x86_64; rv:39.0) Gecko/20100101 Firefox/39.0','/kcfw/a/gen/genTable','GET','',''),('9be20d3b8f6e4f2e863a31c955973511','1','知识产权-专利申报-专利机构信息','1','2016-11-22 11:09:02','192.168.7.1','Mozilla/5.0 (Windows NT 6.1; WOW64) AppleWebKit/537.36 (KHTML, like Gecko) Chrome/54.0.2840.99 Safari/537.36','/kcfw/a/sch/patent/schPatentAgency','GET','',''),('9c6f3b7d4e054b6b8cc7bcc8da598db4','1','系统设置-机构用户-用户管理-查看','1','2016-11-18 16:57:34','127.0.0.1','Mozilla/5.0 (X11; Ubuntu; Linux x86_64; rv:39.0) Gecko/20100101 Firefox/39.0','/kcfw/a/sys/user/list','GET','',''),('9cfeee8a07b440908935a61f5d9410a5','1','系统设置-机构用户-用户管理','1','2016-11-20 17:40:57','127.0.0.1','Mozilla/5.0 (X11; Ubuntu; Linux x86_64; rv:39.0) Gecko/20100101 Firefox/39.0','/kcfw/a/sys/user/index','GET','',''),('9d0d944bcefa44aaae9af8e04c6421a8','1','系统设置-系统设置-菜单管理-修改','1','2016-11-20 17:39:11','127.0.0.1','Mozilla/5.0 (X11; Ubuntu; Linux x86_64; rv:39.0) Gecko/20100101 Firefox/39.0','/kcfw/a/sys/menu/save','POST','id=&parent.id=c0671c3c569e49c283ad38c02fbe062e&parent.name=知识产权&name=专利申报（本科生）&href=modules/sch/patent/schPatentUnderList&target=&icon=&sort=30&isShow=1&permission=&remarks=',''),('9d2c28808c3640e2afa10650556f9947','1','内容管理-栏目设置-栏目管理','1','2016-11-21 22:09:09','192.168.7.1','Mozilla/5.0 (Windows NT 6.1; WOW64) AppleWebKit/537.36 (KHTML, like Gecko) Chrome/54.0.2840.99 Safari/537.36','/kcfw/a/cms/category/','GET','',''),('9dd90d08c86847d3b40611c398cf986b','1','系统设置-系统设置-字典管理-修改','1','2016-11-20 00:11:00','127.0.0.1','Mozilla/5.0 (X11; Ubuntu; Linux x86_64; rv:39.0) Gecko/20100101 Firefox/39.0','/kcfw/a/sys/dict/save','POST','id=&value=4&label=软件著作权&type=PATENT_TYPE&description=专利类型&sort=40&remarks=',''),('9e052da77f204b16bf9564a4335b6984','1','系统设置-机构用户-用户管理','1','2016-11-22 11:38:58','192.168.7.1','Mozilla/5.0 (Windows NT 6.1; WOW64) AppleWebKit/537.36 (KHTML, like Gecko) Chrome/54.0.2840.99 Safari/537.36','/kcfw/a/sys/user/index','GET','',''),('9e14e062d33b4fa29ad1b584a59fe013','1','系统设置-机构用户-用户管理-查看','1','2016-11-22 11:33:48','192.168.7.1','Mozilla/5.0 (Windows NT 6.1; WOW64) AppleWebKit/537.36 (KHTML, like Gecko) Chrome/54.0.2840.99 Safari/537.36','/kcfw/a/sys/user/form','GET','id=68a88e19b43d431a9112a5179eb0111c',''),('9eb20f164ac84af087ce447b779386ae','1','系统设置-机构用户-用户管理','1','2016-11-18 16:44:06','127.0.0.1','Mozilla/5.0 (X11; Ubuntu; Linux x86_64; rv:39.0) Gecko/20100101 Firefox/39.0','/kcfw/a/sys/user/index','GET','',''),('9f66c63f6391490f93ae3c00abdd6884','1','系统设置-机构用户-用户管理','1','2016-11-22 14:45:56','192.168.7.1','Mozilla/5.0 (Windows NT 6.1; WOW64) AppleWebKit/537.36 (KHTML, like Gecko) Chrome/54.0.2840.99 Safari/537.36','/kcfw/a/sys/user/index','GET','',''),('9f6e4105fa4b4ea3b441ee83aefaa012','1','系统登录','1','2016-11-21 23:42:19','192.168.7.1','Mozilla/5.0 (Windows NT 6.1; WOW64) AppleWebKit/537.36 (KHTML, like Gecko) Chrome/54.0.2840.99 Safari/537.36','/kcfw/a/sch/patent/schPatentAgency/form','GET','',''),('9f7a7bd76d014df581e03ae0f9ad54af','1','知识产权-专利申报-专利机构信息','1','2016-11-21 23:02:20','192.168.7.1','Mozilla/5.0 (Windows NT 6.1; WOW64) AppleWebKit/537.36 (KHTML, like Gecko) Chrome/54.0.2840.99 Safari/537.36','/kcfw/a/sch/patent/schPatentAgency','GET','',''),('a01bfeeb6d3646cf8b63fd6c2172033d','1','在线办公-流程管理-流程管理','1','2016-11-18 15:36:18','127.0.0.1','Mozilla/5.0 (X11; Ubuntu; Linux x86_64; rv:39.0) Gecko/20100101 Firefox/39.0','/kcfw/a/act/process','GET','',''),('a058992df9d649a99d4865ea3db2cc56','1','系统设置-机构用户-区域管理','1','2016-11-22 10:46:12','192.168.7.1','Mozilla/5.0 (Windows NT 6.1; WOW64) AppleWebKit/537.36 (KHTML, like Gecko) Chrome/54.0.2840.99 Safari/537.36','/kcfw/a/sys/area/','GET','',''),('a0e09b2bccc8418f998dbba76c2c8a03','1','系统设置-机构用户-机构管理-查看','1','2016-11-21 16:24:32','192.168.7.1','Mozilla/5.0 (Windows NT 6.1; WOW64) AppleWebKit/537.36 (KHTML, like Gecko) Chrome/54.0.2840.99 Safari/537.36','/kcfw/a/sys/office/list','GET','id=&parentIds=',''),('a10baac6d5af47f792fb8eb167a2baa9','1','知识产权-专利申报-专利机构信息','1','2016-11-22 23:08:54','192.168.7.1','Mozilla/5.0 (Windows NT 6.1; WOW64) AppleWebKit/537.36 (KHTML, like Gecko) Chrome/54.0.2840.99 Safari/537.36','/kcfw/a/sch/patent/schPatentAgency','GET','',''),('a1277fba259d4d90b7394c0d19d8a723','1','在线办公-通知通告-我的通告','1','2016-11-20 18:03:11','127.0.0.1','Mozilla/5.0 (X11; Ubuntu; Linux x86_64; rv:39.0) Gecko/20100101 Firefox/39.0','/kcfw/a/oa/oaNotify/self','GET','',''),('a13c30676345441793a3dc7b281e3b42','1','我的面板-个人信息-个人信息','1','2016-11-22 10:45:27','192.168.7.1','Mozilla/5.0 (Windows NT 6.1; WOW64) AppleWebKit/537.36 (KHTML, like Gecko) Chrome/54.0.2840.99 Safari/537.36','/kcfw/a/sys/user/info','GET','',''),('a14429ed3ac84022ae9853b02fd2ad62','1','代码生成-代码生成-业务表配置','1','2016-11-22 11:38:58','192.168.7.1','Mozilla/5.0 (Windows NT 6.1; WOW64) AppleWebKit/537.36 (KHTML, like Gecko) Chrome/54.0.2840.99 Safari/537.36','/kcfw/a/gen/genTable','GET','',''),('a19dfb17a42a478e86fa9a05de1b8b53','1','系统设置-系统设置-字典管理-修改','1','2016-11-20 00:09:55','127.0.0.1','Mozilla/5.0 (X11; Ubuntu; Linux x86_64; rv:39.0) Gecko/20100101 Firefox/39.0','/kcfw/a/sys/dict/save','POST','id=&value=1&label=专利类型&type=PATENT_TYPE&description=发明&sort=10&remarks=',''),('a227f66dd9be42bb8a5a422e84b4e383','1','系统设置-系统设置-角色管理','1','2016-11-20 17:42:21','127.0.0.1','Mozilla/5.0 (X11; Ubuntu; Linux x86_64; rv:39.0) Gecko/20100101 Firefox/39.0','/kcfw/a/sys/role/','GET','',''),('a244402bf8934ce0af27c67a1d8074d3','1','内容管理-内容管理','1','2016-11-21 22:09:01','192.168.7.1','Mozilla/5.0 (Windows NT 6.1; WOW64) AppleWebKit/537.36 (KHTML, like Gecko) Chrome/54.0.2840.99 Safari/537.36','/kcfw/a/cms/none','GET','',''),('a25c62078f09469d9818489eb57aa859','1','系统设置-机构用户-用户管理-查看','1','2016-11-18 16:08:25','127.0.0.1','Mozilla/5.0 (X11; Ubuntu; Linux x86_64; rv:39.0) Gecko/20100101 Firefox/39.0','/kcfw/a/sys/user/list','GET','office.id=10&office.name=å¸åºé¨',''),('a2a07dfeb9974bfe952fe3777f937656','1','知识产权-专利申报-专利机构信息','1','2016-11-21 22:14:20','192.168.7.1','Mozilla/5.0 (Windows NT 6.1; WOW64) AppleWebKit/537.36 (KHTML, like Gecko) Chrome/54.0.2840.99 Safari/537.36','/kcfw/a/sch/patent/schPatentAgency','GET','',''),('a2daa02f5adc4589aa25c35386e7cba4','1','系统登录','1','2016-11-22 11:20:55','192.168.7.1','Mozilla/5.0 (Windows NT 6.1; WOW64) AppleWebKit/537.36 (KHTML, like Gecko) Chrome/54.0.2840.99 Safari/537.36','/kcfw/a/sch/patent/schPatentAgency','GET','',''),('a3003f153bde4bad92483a9b8225df85','1','我的面板-个人信息-个人信息','1','2016-11-18 15:39:10','127.0.0.1','Mozilla/5.0 (X11; Ubuntu; Linux x86_64; rv:39.0) Gecko/20100101 Firefox/39.0','/kcfw/a/sys/user/info','GET','',''),('a3140b1887374e168fcc7f19982703b6','1','系统设置-机构用户-用户管理-查看','1','2016-11-18 17:31:18','127.0.0.1','Mozilla/5.0 (X11; Ubuntu; Linux x86_64; rv:39.0) Gecko/20100101 Firefox/39.0','/kcfw/a/sys/user/list','GET','',''),('a384629f4ae243e3a549cbf311cc0fb8','1','系统设置-系统设置-菜单管理-查看','1','2016-11-20 17:38:22','127.0.0.1','Mozilla/5.0 (X11; Ubuntu; Linux x86_64; rv:39.0) Gecko/20100101 Firefox/39.0','/kcfw/a/sys/menu/form','GET','parent.id=c0671c3c569e49c283ad38c02fbe062e',''),('a414ee1a3e2746469109625fc9cabdc5','1','在线办公-通知通告-我的通告','1','2016-11-18 16:45:58','127.0.0.1','Mozilla/5.0 (X11; Ubuntu; Linux x86_64; rv:39.0) Gecko/20100101 Firefox/39.0','/kcfw/a/oa/oaNotify/self','GET','',''),('a42774acea0c4b5daa86194ac48e1f24','1','代码生成-代码生成-生成方案配置','1','2016-11-21 16:21:12','192.168.7.1','Mozilla/5.0 (Windows NT 6.1; WOW64) AppleWebKit/537.36 (KHTML, like Gecko) Chrome/54.0.2840.99 Safari/537.36','/kcfw/a/gen/genScheme','GET','',''),('a4400589a1904409b19d6a4ba2e5e03c','1','系统设置-机构用户-用户管理-查看','1','2016-11-18 15:42:34','127.0.0.1','Mozilla/5.0 (X11; Ubuntu; Linux x86_64; rv:39.0) Gecko/20100101 Firefox/39.0','/kcfw/a/sys/user/form','GET','id=1',''),('a4798bc07dce42e98eb79d27ba58355f','1','系统设置-机构用户-用户管理-查看','1','2016-11-18 16:33:03','127.0.0.1','Mozilla/5.0 (X11; Ubuntu; Linux x86_64; rv:39.0) Gecko/20100101 Firefox/39.0','/kcfw/a/sys/user/list','GET','office.id=5&office.name=ææ¯é¨',''),('a4d4dc1698164ae79f9527eff5f4810a','1','内容管理-内容管理','1','2016-11-21 22:09:02','192.168.7.1','Mozilla/5.0 (Windows NT 6.1; WOW64) AppleWebKit/537.36 (KHTML, like Gecko) Chrome/54.0.2840.99 Safari/537.36','/kcfw/a/cms/tree','GET','',''),('a50647b0c4eb4671914e658225359329','1','系统登录','1','2016-11-20 18:33:48','127.0.0.1','Mozilla/5.0 (X11; Ubuntu; Linux x86_64; rv:39.0) Gecko/20100101 Firefox/39.0','/kcfw/a/sch/patent/schPatentUnder/','GET','',''),('a5153a6af7d54d39b0a8fc2892184ff8','1','系统设置-机构用户-用户管理-查看','1','2016-11-22 11:33:47','192.168.7.1','Mozilla/5.0 (Windows NT 6.1; WOW64) AppleWebKit/537.36 (KHTML, like Gecko) Chrome/54.0.2840.99 Safari/537.36','/kcfw/a/sys/user/list','GET','office.id=8065fbd5cce349af9b4d345bcb954d34&office.name=专利机构',''),('a5f4864737cc45bb9af04a1f292ed80c','1','系统设置-机构用户-用户管理-修改','1','2016-11-22 15:38:51','192.168.7.1','Mozilla/5.0 (Windows NT 6.1; WOW64) AppleWebKit/537.36 (KHTML, like Gecko) Chrome/54.0.2840.99 Safari/537.36','/kcfw/a/sys/user/delete','GET','id=a4503bc102414accb576d9eeb3383358',''),('a65c6b3b7e4b42dfa7b90e25dce917d1','1','系统设置-机构用户-机构管理-查看','1','2016-11-19 23:45:18','127.0.0.1','Mozilla/5.0 (X11; Ubuntu; Linux x86_64; rv:39.0) Gecko/20100101 Firefox/39.0','/kcfw/a/sys/office/form','GET','parent.id=',''),('a66cfb4a6ff448fda2b13350ebfd0262','1','系统设置-机构用户-用户管理','1','2016-11-18 17:31:02','127.0.0.1','Mozilla/5.0 (X11; Ubuntu; Linux x86_64; rv:39.0) Gecko/20100101 Firefox/39.0','/kcfw/a/sys/user/index','GET','',''),('a6ea9eefe5dd4568840e962dd2a616f0','1','系统登录','1','2016-11-22 14:45:13','192.168.7.1','Mozilla/5.0 (Windows NT 6.1; WOW64) AppleWebKit/537.36 (KHTML, like Gecko) Chrome/54.0.2840.99 Safari/537.36','/kcfw/a;JSESSIONID=9e7975b4c8434d4a92598c5deaeb16e7','GET','login=',''),('a6ec9ba81e48463da5e4d90fc7ba93b7','1','我的面板-个人信息-个人信息','1','2016-11-21 23:00:17','192.168.7.1','Mozilla/5.0 (Windows NT 6.1; WOW64) AppleWebKit/537.36 (KHTML, like Gecko) Chrome/54.0.2840.99 Safari/537.36','/kcfw/a/sys/user/info','GET','',''),('a6f20f8df98643bc954e9b36e4bf5741','1','知识产权-专利申报-专利申报管理','1','2016-11-22 14:55:24','192.168.7.1','Mozilla/5.0 (Windows NT 6.1; WOW64) AppleWebKit/537.36 (KHTML, like Gecko) Chrome/54.0.2840.99 Safari/537.36','/kcfw/a/sch/patent/schPatentUnder','GET','',''),('a6fc82beb61b4cafb47cc8c1912f6930','1','系统设置-机构用户-用户管理','1','2016-11-18 16:21:48','127.0.0.1','Mozilla/5.0 (X11; Ubuntu; Linux x86_64; rv:39.0) Gecko/20100101 Firefox/39.0','/kcfw/a/sys/user/index','GET','',''),('a703cfe7fb9d44be8fa66e76c61b6bfb','1','系统登录','1','2016-11-22 11:12:13','192.168.7.1','Mozilla/5.0 (Windows NT 6.1; WOW64) AppleWebKit/537.36 (KHTML, like Gecko) Chrome/54.0.2840.99 Safari/537.36','/kcfw/a/sch/patent/schPatentAgency','GET','',''),('a713cfe95e4d4a3e9e9759771da5a73b','1','在线办公-通知通告-我的通告','1','2016-11-18 17:45:01','127.0.0.1','Mozilla/5.0 (X11; Ubuntu; Linux x86_64; rv:39.0) Gecko/20100101 Firefox/39.0','/kcfw/a/oa/oaNotify/self','GET','',''),('a731c920a7fb484ca5c7d103265bba93','1','我的面板-个人信息-个人信息','36ba3cc834ad4fa9a00cea224296b154','2016-11-18 17:29:15','127.0.0.1','Mozilla/5.0 (X11; Ubuntu; Linux x86_64; rv:39.0) Gecko/20100101 Firefox/39.0','/kcfw/a/sys/user/info','GET','',''),('a7323c2f01304cd4af139f785195c924','1','我的面板-个人信息-个人信息','1','2016-11-21 22:08:54','192.168.7.1','Mozilla/5.0 (Windows NT 6.1; WOW64) AppleWebKit/537.36 (KHTML, like Gecko) Chrome/54.0.2840.99 Safari/537.36','/kcfw/a/sys/user/info','GET','',''),('a76994f727fb41a7affe06f1b10c4dad','1','系统设置-机构用户-用户管理-查看','1','2016-11-22 16:43:50','192.168.7.1','Mozilla/5.0 (Windows NT 6.1; WOW64) AppleWebKit/537.36 (KHTML, like Gecko) Chrome/54.0.2840.99 Safari/537.36','/kcfw/a/sys/user/list','GET','',''),('a78559795c1d473d979380273a761f30','1','系统登录','1','2016-11-22 16:43:49','192.168.7.1','Mozilla/5.0 (Windows NT 6.1; WOW64) AppleWebKit/537.36 (KHTML, like Gecko) Chrome/54.0.2840.99 Safari/537.36','/kcfw/a/sys/menu/tree','GET','parentId=2',''),('a7c0b033b7824b549a077f888fd7d113','1','系统设置-机构用户-用户管理-修改','1','2016-11-22 15:39:59','192.168.7.1','Mozilla/5.0 (Windows NT 6.1; WOW64) AppleWebKit/537.36 (KHTML, like Gecko) Chrome/54.0.2840.99 Safari/537.36','/kcfw/a/sys/user/checkLoginName','GET','oldLoginName=sd_jsb&loginName=sd_jsb',''),('a7ca32ec0d4b4653b535a142de03f865','1','我的面板-个人信息-个人信息','1','2016-11-22 23:20:57','192.168.7.1','Mozilla/5.0 (Windows NT 6.1; WOW64) AppleWebKit/537.36 (KHTML, like Gecko) Chrome/54.0.2840.99 Safari/537.36','/kcfw/a/sys/user/info','GET','',''),('a7ed50ef8ea64da2889a158197a404a9','1','系统登录','a4503bc102414accb576d9eeb3383358','2016-11-22 11:26:57','192.168.7.1','Mozilla/5.0 (Windows NT 6.1; WOW64) AppleWebKit/537.36 (KHTML, like Gecko) Chrome/54.0.2840.99 Safari/537.36','/kcfw/a','GET','',''),('a7fe73a3200d4d9183c150f35751e48c','1','系统设置-机构用户-机构管理-查看','1','2016-11-22 15:37:41','192.168.7.1','Mozilla/5.0 (Windows NT 6.1; WOW64) AppleWebKit/537.36 (KHTML, like Gecko) Chrome/54.0.2840.99 Safari/537.36','/kcfw/a/sys/office/form','GET','id=5',''),('a8f051d40c184ca9bcdcf67773598879','1','内容管理-内容管理-内容发布','1','2016-11-18 15:36:08','127.0.0.1','Mozilla/5.0 (X11; Ubuntu; Linux x86_64; rv:39.0) Gecko/20100101 Firefox/39.0','/kcfw/a/cms/','GET','',''),('a9b7ab9e77824df8acd9b12438a1552e','1','系统登录','1','2016-11-21 23:51:02','192.168.7.1','Mozilla/5.0 (Windows NT 6.1; WOW64) AppleWebKit/537.36 (KHTML, like Gecko) Chrome/54.0.2840.99 Safari/537.36','/kcfw/a/sch/patent/schPatentAgency/','GET','',''),('aa26335d75104fd38e5d0655d20ef77a','1','系统设置-机构用户-用户管理-查看','1','2016-11-21 22:12:13','192.168.7.1','Mozilla/5.0 (Windows NT 6.1; WOW64) AppleWebKit/537.36 (KHTML, like Gecko) Chrome/54.0.2840.99 Safari/537.36','/kcfw/a/sys/user/list','GET','',''),('aa84b917b79b47c39b652eaf0733fd0f','1','系统登录','1','2016-11-21 22:26:58','192.168.7.1','Mozilla/5.0 (Windows NT 6.1; WOW64) AppleWebKit/537.36 (KHTML, like Gecko) Chrome/54.0.2840.99 Safari/537.36','/kcfw/a/cms/','GET','',''),('aad541bb0a0b461da779e5492a359602','1','在线办公-通知通告-我的通告','1','2016-11-18 15:39:11','127.0.0.1','Mozilla/5.0 (X11; Ubuntu; Linux x86_64; rv:39.0) Gecko/20100101 Firefox/39.0','/kcfw/a/oa/oaNotify/self','GET','',''),('ab05a114b65b48d9bb2829c84400dd42','1','系统设置-机构用户-用户管理-查看','1','2016-11-22 15:40:01','192.168.7.1','Mozilla/5.0 (Windows NT 6.1; WOW64) AppleWebKit/537.36 (KHTML, like Gecko) Chrome/54.0.2840.99 Safari/537.36','/kcfw/a/sys/user/form','GET','id=6',''),('ab2200ceab2c4dbea8d2e794d627bd3b','1','在线办公-通知通告-我的通告','1','2016-11-18 16:47:37','127.0.0.1','Mozilla/5.0 (X11; Ubuntu; Linux x86_64; rv:39.0) Gecko/20100101 Firefox/39.0','/kcfw/a/oa/oaNotify/self','GET','',''),('ac54094dcb314cf592b4a111dd0a5763','1','在线办公-个人办公-我的任务','1','2016-11-18 17:28:24','127.0.0.1','Mozilla/5.0 (X11; Ubuntu; Linux x86_64; rv:39.0) Gecko/20100101 Firefox/39.0','/kcfw/a/act/task/todo/','GET','',''),('ac7d5b1af5bb4752b609c6c8c9d52273','1','我的面板-个人信息-个人信息','1','2016-11-22 11:37:25','192.168.7.1','Mozilla/5.0 (Windows NT 6.1; WOW64) AppleWebKit/537.36 (KHTML, like Gecko) Chrome/54.0.2840.99 Safari/537.36','/kcfw/a/sys/user/info','GET','',''),('acb8814381754165a77c3b1394e848c0','1','知识产权-专利申报-专利申报（本科生）','1','2016-11-20 17:50:50','127.0.0.1','Mozilla/5.0 (X11; Ubuntu; Linux x86_64; rv:39.0) Gecko/20100101 Firefox/39.0','/kcfw/a/sch/patent/schPatentUnder','GET','',''),('ad27e7e4a7e54acfafa77e82aa8f58f3','1','系统设置-系统设置-角色管理','1','2016-11-18 16:58:36','127.0.0.1','Mozilla/5.0 (X11; Ubuntu; Linux x86_64; rv:39.0) Gecko/20100101 Firefox/39.0','/kcfw/a/sys/role/','GET','',''),('ad384c40899045f7b22444ac9d160bea','1','知识产权-专利申报-专利机构信息','3950253782ae438d9c402bbd3abfe1e2','2016-11-22 11:33:03','192.168.7.1','Mozilla/5.0 (Windows NT 6.1; WOW64) AppleWebKit/537.36 (KHTML, like Gecko) Chrome/54.0.2840.99 Safari/537.36','/kcfw/a/sch/patent/schPatentAgency','GET','',''),('ad950b3c1c9241939941f2943a8ee9a4','1','知识产权-专利申报-专利申报管理','1','2016-11-22 15:51:49','192.168.7.1','Mozilla/5.0 (Windows NT 6.1; WOW64) AppleWebKit/537.36 (KHTML, like Gecko) Chrome/54.0.2840.99 Safari/537.36','/kcfw/a/sch/patent/schPatentUnder','GET','',''),('add95c10062b4376af7430d383d4cfc2','1','系统设置-机构用户-机构管理-查看','1','2016-11-22 15:36:29','192.168.7.1','Mozilla/5.0 (Windows NT 6.1; WOW64) AppleWebKit/537.36 (KHTML, like Gecko) Chrome/54.0.2840.99 Safari/537.36','/kcfw/a/sys/office/form','GET','id=1',''),('adea4ef0740e4284925c79515941d891','1','内容管理-内容管理-内容发布','1','2016-11-21 22:09:00','192.168.7.1','Mozilla/5.0 (Windows NT 6.1; WOW64) AppleWebKit/537.36 (KHTML, like Gecko) Chrome/54.0.2840.99 Safari/537.36','/kcfw/a/cms/','GET','',''),('ae7ef9e3801547e98526191b115b57f6','1','系统设置-系统设置-菜单管理','1','2016-11-20 17:40:06','127.0.0.1','Mozilla/5.0 (X11; Ubuntu; Linux x86_64; rv:39.0) Gecko/20100101 Firefox/39.0','/kcfw/a/sys/menu/','GET','',''),('ae9891b5068f422889e3adbd7aed8b1b','1','系统设置-系统设置-菜单管理','1','2016-11-20 17:37:45','127.0.0.1','Mozilla/5.0 (X11; Ubuntu; Linux x86_64; rv:39.0) Gecko/20100101 Firefox/39.0','/kcfw/a/sys/menu/','GET','',''),('af259047f50042078f2444c7c22e3670','1','系统设置-系统设置-菜单管理-修改','1','2016-11-22 14:46:13','192.168.7.1','Mozilla/5.0 (Windows NT 6.1; WOW64) AppleWebKit/537.36 (KHTML, like Gecko) Chrome/54.0.2840.99 Safari/537.36','/kcfw/a/sys/menu/save','POST','id=66d88f0287b741fcb251aef20e68611f&parent.id=d5d9045b5a9b488bb1304e18cb5ba5fd&parent.name=专利申报&name=专利申报管理&href=/sch/patent/schPatentUnder&target=&icon=&sort=50&isShow=1&permission=sch:patent:schPatentUnder:view,sch:patent:schPatentUnder:edit&remarks=',''),('af499e69befd4ad59997a5880c39987a','1','系统登录','1','2016-11-22 11:36:21','192.168.7.1','Mozilla/5.0 (Windows NT 6.1; WOW64) AppleWebKit/537.36 (KHTML, like Gecko) Chrome/54.0.2840.99 Safari/537.36','/kcfw/a/sys/user/checkLoginName','GET','oldLoginName=testp2&loginName=testp2',''),('af547d9a1fdd4a618e8c51784601abba','1','系统设置-系统设置-字典管理','1','2016-11-20 00:08:45','127.0.0.1','Mozilla/5.0 (X11; Ubuntu; Linux x86_64; rv:39.0) Gecko/20100101 Firefox/39.0','/kcfw/a/sys/dict/','GET','',''),('afc84e927e4443fd81a3726a120cf156','1','系统设置-系统设置-字典管理-修改','1','2016-11-20 17:13:20','127.0.0.1','Mozilla/5.0 (X11; Ubuntu; Linux x86_64; rv:39.0) Gecko/20100101 Firefox/39.0','/kcfw/a/sys/dict/save','POST','id=&value=1&label=老师&type=INVENTOR_TYPE&description=发明人类型&sort=10&remarks=',''),('b0800a137b5a4bb99adfaa2f602e479e','1','知识产权-专利申报-专利申报（本科生）','1','2016-11-22 14:45:52','192.168.7.1','Mozilla/5.0 (Windows NT 6.1; WOW64) AppleWebKit/537.36 (KHTML, like Gecko) Chrome/54.0.2840.99 Safari/537.36','/kcfw/a/sch/patent/schPatentUnder','GET','',''),('b08d0ce5e78844ddb11e965b37966f7a','1','代码生成-代码生成-业务表配置','1','2016-11-20 17:13:58','127.0.0.1','Mozilla/5.0 (X11; Ubuntu; Linux x86_64; rv:39.0) Gecko/20100101 Firefox/39.0','/kcfw/a/gen/genTable','GET','',''),('b0df332c08b44d6cb880fef79752004b','1','我的面板-个人信息-个人信息','1','2016-11-21 16:28:24','192.168.7.1','Mozilla/5.0 (Windows NT 6.1; WOW64) AppleWebKit/537.36 (KHTML, like Gecko) Chrome/54.0.2840.99 Safari/537.36','/kcfw/a/sys/user/info','GET','',''),('b0f908b8190d4728bb3304b5ad8475b6','1','系统设置-机构用户-用户管理','1','2016-11-18 15:21:42','127.0.0.1','Mozilla/5.0 (X11; Ubuntu; Linux x86_64; rv:39.0) Gecko/20100101 Firefox/39.0','/kcfw/a/sys/user/index','GET','',''),('b1e63f03653449eda80b5c432f00d582','1','在线办公-通知通告-我的通告','1','2016-11-18 15:36:10','127.0.0.1','Mozilla/5.0 (X11; Ubuntu; Linux x86_64; rv:39.0) Gecko/20100101 Firefox/39.0','/kcfw/a/oa/oaNotify/self','GET','',''),('b1ecaaf4c5c2444ba5c3a582121e69fe','1','系统设置-机构用户-用户管理-查看','1','2016-11-18 15:23:35','127.0.0.1','Mozilla/5.0 (X11; Ubuntu; Linux x86_64; rv:39.0) Gecko/20100101 Firefox/39.0','/kcfw/a/sys/user/list','GET','',''),('b23a60c3876546d0a56b3921acd73ac1','1','系统设置-机构用户-机构管理','1','2016-11-22 15:36:14','192.168.7.1','Mozilla/5.0 (Windows NT 6.1; WOW64) AppleWebKit/537.36 (KHTML, like Gecko) Chrome/54.0.2840.99 Safari/537.36','/kcfw/a/sys/office/','GET','',''),('b245f90ba7b1480385f958108c7e6103','1','系统登录','1','2016-11-20 23:22:08','127.0.0.1','Mozilla/5.0 (X11; Ubuntu; Linux x86_64; rv:39.0) Gecko/20100101 Firefox/39.0','/kcfw/a/sch/patent/schPatentUnder/','GET','',''),('b2f86bd71ceb4f50b2e82f8f6deaca22','1','系统设置-机构用户-用户管理-修改','1','2016-11-18 15:42:23','127.0.0.1','Mozilla/5.0 (X11; Ubuntu; Linux x86_64; rv:39.0) Gecko/20100101 Firefox/39.0','/kcfw/a/sys/user/checkLoginName','GET','oldLoginName=&loginName=thinkgem',''),('b330fbdf09844bd1acc5a15577de6773','1','代码生成-代码生成-业务表配置','1','2016-11-20 23:24:00','192.168.7.1','Mozilla/5.0 (Windows NT 6.1; WOW64) AppleWebKit/537.36 (KHTML, like Gecko) Chrome/54.0.2840.99 Safari/537.36','/kcfw/a/gen/genTable','GET','',''),('b34e08387e4548b6bf4b2d749576f011','1','系统设置-机构用户-机构管理-查看','1','2016-11-22 15:36:59','192.168.7.1','Mozilla/5.0 (Windows NT 6.1; WOW64) AppleWebKit/537.36 (KHTML, like Gecko) Chrome/54.0.2840.99 Safari/537.36','/kcfw/a/sys/office/form','GET','id=3',''),('b4476e89cb7d4eb89fee20067e6f66eb','1','在线办公-个人办公-我的任务','1','2016-11-18 17:25:56','127.0.0.1','Mozilla/5.0 (X11; Ubuntu; Linux x86_64; rv:39.0) Gecko/20100101 Firefox/39.0','/kcfw/a/act/task/todo/','GET','',''),('b45df57dddfd488aaae4d3dc60311fc4','1','我的面板-个人信息-个人信息','1','2016-11-20 17:40:52','127.0.0.1','Mozilla/5.0 (X11; Ubuntu; Linux x86_64; rv:39.0) Gecko/20100101 Firefox/39.0','/kcfw/a/sys/user/info','GET','',''),('b4a2743243c64d29aaf23cf318a45c1e','1','系统登录','1','2016-11-22 11:38:55','192.168.7.1','Mozilla/5.0 (Windows NT 6.1; WOW64) AppleWebKit/537.36 (KHTML, like Gecko) Chrome/54.0.2840.99 Safari/537.36','/kcfw/a','GET','login=',''),('b4e3aea9646f4314b5e24fb3f5aff8b2','1','知识产权-专利申报-专利机构信息','1','2016-11-21 16:54:18','192.168.7.1','Mozilla/5.0 (Windows NT 6.1; WOW64) AppleWebKit/537.36 (KHTML, like Gecko) Chrome/54.0.2840.99 Safari/537.36','/kcfw/a/sch/patent/schPatentAgency','GET','',''),('b4f42510757e40b793c2eb38329f35a1','1','在线办公-流程管理-模型管理','1','2016-11-18 17:16:19','127.0.0.1','Mozilla/5.0 (X11; Ubuntu; Linux x86_64; rv:39.0) Gecko/20100101 Firefox/39.0','/kcfw/a/act/model','GET','',''),('b518e50911954fd7a6d581da68b258f1','1','在线办公-通知通告-我的通告','1','2016-11-18 17:41:00','127.0.0.1','Mozilla/5.0 (X11; Ubuntu; Linux x86_64; rv:39.0) Gecko/20100101 Firefox/39.0','/kcfw/a/oa/oaNotify/self','GET','',''),('b533cebd48454236b890826f29b76b62','1','知识产权-专利申报-专利申报（本科生）','1','2016-11-22 14:45:19','192.168.7.1','Mozilla/5.0 (Windows NT 6.1; WOW64) AppleWebKit/537.36 (KHTML, like Gecko) Chrome/54.0.2840.99 Safari/537.36','/kcfw/a/sch/patent/schPatentUnder','GET','',''),('b640b3f017b9437b9b420d952a24a44e','1','系统登录','1','2016-11-20 18:09:19','127.0.0.1','Mozilla/5.0 (X11; Ubuntu; Linux x86_64; rv:39.0) Gecko/20100101 Firefox/39.0','/kcfw/a/sch/patent/schPatentUnder/','GET','',''),('b685860703b149d2be114eb54e0f8b77','1','系统登录','1','2016-11-22 11:32:32','192.168.7.1','Mozilla/5.0 (Windows NT 6.1; WOW64) AppleWebKit/537.36 (KHTML, like Gecko) Chrome/54.0.2840.99 Safari/537.36','/kcfw/a','GET','login=',''),('b6888eae612f4289ba9d93fe8a861c0e','1','系统设置-系统设置-角色管理','1','2016-11-20 17:42:45','127.0.0.1','Mozilla/5.0 (X11; Ubuntu; Linux x86_64; rv:39.0) Gecko/20100101 Firefox/39.0','/kcfw/a/sys/role/','GET','',''),('b6aaad34fae246869d62d917b0522b36','1','在线办公-个人办公-审批测试','12','2016-11-18 17:44:42','127.0.0.1','Mozilla/5.0 (X11; Ubuntu; Linux x86_64; rv:39.0) Gecko/20100101 Firefox/39.0','/kcfw/a/oa/testAudit','GET','',''),('b6e4eeb277414cf3bf468901ec4e7283','1','系统登录','1','2016-11-22 10:45:22','192.168.7.1','Mozilla/5.0 (Windows NT 6.1; WOW64) AppleWebKit/537.36 (KHTML, like Gecko) Chrome/54.0.2840.99 Safari/537.36','/kcfw/a','GET','login=',''),('b73199ed29c24588b90eaf55f91e706e','1','系统设置-机构用户-用户管理-修改','1','2016-11-22 15:39:26','192.168.7.1','Mozilla/5.0 (Windows NT 6.1; WOW64) AppleWebKit/537.36 (KHTML, like Gecko) Chrome/54.0.2840.99 Safari/537.36','/kcfw/a/sys/user/save','POST','id=36ba3cc834ad4fa9a00cea224296b154&photo=&company.id=1&company.name=厦门理工学院&office.id=2&office.name=经济与管理学院&no=think&name=think&oldLoginName=thinkgem&loginName=think&newPassword=&confirmNewPassword=&email=&phone=&mobile=&loginFlag=1&userType=&roleIdList=2&_roleIdList=on&remarks=',''),('b7dbf38f862747aa9c46025be29e592d','1','系统设置-机构用户-用户管理-查看','1','2016-11-18 16:19:15','127.0.0.1','Mozilla/5.0 (X11; Ubuntu; Linux x86_64; rv:39.0) Gecko/20100101 Firefox/39.0','/kcfw/a/sys/user/list','GET','office.id=4&office.name=å¸åºé¨',''),('b7f3db79b6ce45998d187094550ecd89','1','知识产权-专利申报-专利申报（本科生）','1','2016-11-20 17:42:05','127.0.0.1','Mozilla/5.0 (X11; Ubuntu; Linux x86_64; rv:39.0) Gecko/20100101 Firefox/39.0','/kcfw/a/sch/patent/schPatentUnder','GET','',''),('b80fd9b0861c43f59b3b6427d98d6fa3','1','在线办公-个人办公-审批测试','1','2016-11-18 17:41:34','127.0.0.1','Mozilla/5.0 (X11; Ubuntu; Linux x86_64; rv:39.0) Gecko/20100101 Firefox/39.0','/kcfw/a/oa/testAudit','GET','',''),('b82dd29745da4213b3e49d381c6e1b15','1','在线办公-个人办公-审批测试','1','2016-11-18 17:48:02','127.0.0.1','Mozilla/5.0 (X11; Ubuntu; Linux x86_64; rv:39.0) Gecko/20100101 Firefox/39.0','/kcfw/a/oa/testAudit','GET','',''),('b85fdd2f7cf94f5d91d9924f49fa43ea','1','在线办公-个人办公-审批测试','1','2016-11-18 17:30:24','127.0.0.1','Mozilla/5.0 (X11; Ubuntu; Linux x86_64; rv:39.0) Gecko/20100101 Firefox/39.0','/kcfw/a/oa/testAudit','GET','',''),('b876e3475b5142cfa121db84aae4375f','1','知识产权-专利申报-专利申报管理','1','2016-11-22 15:02:13','192.168.7.1','Mozilla/5.0 (Windows NT 6.1; WOW64) AppleWebKit/537.36 (KHTML, like Gecko) Chrome/54.0.2840.99 Safari/537.36','/kcfw/a/sch/patent/schPatentUnder','GET','',''),('b88965a3561d46ebb849002482ec3ada','1','系统登录','1','2016-11-22 23:21:30','192.168.7.1','Mozilla/5.0 (Windows NT 6.1; WOW64) AppleWebKit/537.36 (KHTML, like Gecko) Chrome/54.0.2840.99 Safari/537.36','/kcfw/a','GET','login=',''),('b8b90891aa9a4d23bdc4446f9401e03b','1','系统设置-系统设置-角色管理-查看','1','2016-11-20 17:42:42','127.0.0.1','Mozilla/5.0 (X11; Ubuntu; Linux x86_64; rv:39.0) Gecko/20100101 Firefox/39.0','/kcfw/a/sys/role/usertorole','POST','id=1&___t0.728731193123635=',''),('b950e5a4fbcd4e5697bde782a78006aa','1','系统登录','1','2016-11-22 23:20:55','192.168.7.1','Mozilla/5.0 (Windows NT 6.1; WOW64) AppleWebKit/537.36 (KHTML, like Gecko) Chrome/54.0.2840.99 Safari/537.36','/kcfw/a','GET','login=',''),('b95352b6efcd49f3a04bc87afcd87d35','1','系统设置-系统设置-角色管理-修改','1','2016-11-22 11:39:04','192.168.7.1','Mozilla/5.0 (Windows NT 6.1; WOW64) AppleWebKit/537.36 (KHTML, like Gecko) Chrome/54.0.2840.99 Safari/537.36','/kcfw/a/sys/role/assign','GET','id=70adf5534cc040d0abfdf2a6d5c0f8d1',''),('b99a7113c5f14b31bbfce21dc496a63c','1','我的面板-个人信息-个人信息','1','2016-11-18 15:19:05','127.0.0.1','Mozilla/5.0 (X11; Ubuntu; Linux x86_64; rv:39.0) Gecko/20100101 Firefox/39.0','/kcfw/a/sys/user/info','GET','',''),('b9e35816c0154f2aa61e0e67d4b55773','1','内容管理-内容管理','1','2016-11-20 17:53:35','127.0.0.1','Mozilla/5.0 (X11; Ubuntu; Linux x86_64; rv:39.0) Gecko/20100101 Firefox/39.0','/kcfw/a/cms/none','GET','',''),('ba32c7a7bc9f43c8b235529237b6c81e','1','系统设置-机构用户-机构管理-修改','1','2016-11-22 15:37:44','192.168.7.1','Mozilla/5.0 (Windows NT 6.1; WOW64) AppleWebKit/537.36 (KHTML, like Gecko) Chrome/54.0.2840.99 Safari/537.36','/kcfw/a/sys/office/save','POST','id=5&parent.id=1&parent.name=厦门理工学院&area.id=2&area.name=福建省&name=校领导&code=100004&type=2&grade=1&useable=1&primaryPerson.id=&office.primaryPerson.name=&deputyPerson.id=&office.deputyPerson.name=&address=&zipCode=&master=&phone=&fax=&email=&remarks=',''),('ba64ac2b94194a9ca003a5e2bab2d7f3','1','系统设置-机构用户-用户管理-查看','1','2016-11-19 23:45:08','127.0.0.1','Mozilla/5.0 (X11; Ubuntu; Linux x86_64; rv:39.0) Gecko/20100101 Firefox/39.0','/kcfw/a/sys/user/list','GET','',''),('badf4949ac3e49dd98b48007397aa18d','1','知识产权-专利申报-专利申报（本科生）','1','2016-11-21 16:28:01','192.168.7.1','Mozilla/5.0 (Windows NT 6.1; WOW64) AppleWebKit/537.36 (KHTML, like Gecko) Chrome/54.0.2840.99 Safari/537.36','/kcfw/a/sch/patent/schPatentUnder','GET','',''),('baec7680b0ca4dceaf1e13cc5c135143','1','在线办公-个人办公-我的任务','1','2016-11-18 15:24:22','127.0.0.1','Mozilla/5.0 (X11; Ubuntu; Linux x86_64; rv:39.0) Gecko/20100101 Firefox/39.0','/kcfw/a/act/task/todo/','GET','',''),('baf6c03b49ae4cc8afab00eccd7b03ef','1','系统登录','3950253782ae438d9c402bbd3abfe1e2','2016-11-22 13:01:42','192.168.7.1','Mozilla/5.0 (Windows NT 6.1; WOW64) AppleWebKit/537.36 (KHTML, like Gecko) Chrome/54.0.2840.99 Safari/537.36','/kcfw/a','GET','login=',''),('bb224e2bc3814363a0a48bdc0a6a23c8','1','知识产权-专利申报-专利机构信息','1','2016-11-22 14:45:17','192.168.7.1','Mozilla/5.0 (Windows NT 6.1; WOW64) AppleWebKit/537.36 (KHTML, like Gecko) Chrome/54.0.2840.99 Safari/537.36','/kcfw/a/sch/patent/schPatentAgency','GET','',''),('bb6eacc32cc54c1ea15d5ab0d583880e','1','代码生成-代码生成-业务表配置','1','2016-11-20 00:07:54','127.0.0.1','Mozilla/5.0 (X11; Ubuntu; Linux x86_64; rv:39.0) Gecko/20100101 Firefox/39.0','/kcfw/a/gen/genTable','GET','',''),('bb776d62f7f4401daaaf91b1d8da6017','1','系统设置-机构用户-用户管理-修改','1','2016-11-22 15:39:26','192.168.7.1','Mozilla/5.0 (Windows NT 6.1; WOW64) AppleWebKit/537.36 (KHTML, like Gecko) Chrome/54.0.2840.99 Safari/537.36','/kcfw/a/sys/user/checkLoginName','GET','oldLoginName=thinkgem&loginName=think',''),('bbb3ef6868604a709fc6c20e4bcf0a44','1','系统设置-机构用户-用户管理-查看','1','2016-11-22 15:39:42','192.168.7.1','Mozilla/5.0 (Windows NT 6.1; WOW64) AppleWebKit/537.36 (KHTML, like Gecko) Chrome/54.0.2840.99 Safari/537.36','/kcfw/a/sys/user/list','GET','repage=',''),('bc1eadc7911e4ae0b79f685e8695d448','1','在线办公-个人办公-请假办理-查看','1','2016-11-18 16:50:51','127.0.0.1','Mozilla/5.0 (X11; Ubuntu; Linux x86_64; rv:39.0) Gecko/20100101 Firefox/39.0','/kcfw/a/oa/leave/list','GET','',''),('bc6dff8db2d44106808f594dc40842b7','1','知识产权-专利申报-专利机构信息','1','2016-11-21 23:03:26','192.168.7.1','Mozilla/5.0 (Windows NT 6.1; WOW64) AppleWebKit/537.36 (KHTML, like Gecko) Chrome/54.0.2840.99 Safari/537.36','/kcfw/a/sch/patent/schPatentAgency','GET','',''),('bc71147e9f5649d9b3bb93ac4b042196','1','系统登录','1','2016-11-22 15:09:52','192.168.7.1','Mozilla/5.0 (Windows NT 6.1; WOW64) AppleWebKit/537.36 (KHTML, like Gecko) Chrome/54.0.2840.99 Safari/537.36','/kcfw/a/sch/patent/schPatentUnder','GET','',''),('bc97656a43014a7ab018b5144a713862','1','系统设置-机构用户-机构管理-查看','1','2016-11-22 10:46:26','192.168.7.1','Mozilla/5.0 (Windows NT 6.1; WOW64) AppleWebKit/537.36 (KHTML, like Gecko) Chrome/54.0.2840.99 Safari/537.36','/kcfw/a/sys/office/list','GET','id=&parentIds=',''),('bc9d4a39725c4f57a54056bfea8290ad','1','系统设置-机构用户-用户管理-查看','1','2016-11-22 10:48:28','192.168.7.1','Mozilla/5.0 (Windows NT 6.1; WOW64) AppleWebKit/537.36 (KHTML, like Gecko) Chrome/54.0.2840.99 Safari/537.36','/kcfw/a/sys/user/form','GET','',''),('bd8b1b545f364f5bb22a5a337e3eb4c9','1','知识产权-专利申报-专利申报管理','1','2016-11-22 14:47:12','192.168.7.1','Mozilla/5.0 (Windows NT 6.1; WOW64) AppleWebKit/537.36 (KHTML, like Gecko) Chrome/54.0.2840.99 Safari/537.36','/kcfw/a/sch/patent/schPatentUnder','GET','',''),('bd9a394f2be942f18c8a97bb8f8d45ac','1','系统登录','1','2016-11-22 23:08:27','192.168.7.1','Mozilla/5.0 (Windows NT 6.1; WOW64) AppleWebKit/537.36 (KHTML, like Gecko) Chrome/54.0.2840.99 Safari/537.36','/kcfw/a','GET','login=',''),('be0a9a065b9f4b2da2eb1e8d9c7ee5b0','1','系统设置-机构用户-用户管理-修改','1','2016-11-22 11:32:47','192.168.7.1','Mozilla/5.0 (Windows NT 6.1; WOW64) AppleWebKit/537.36 (KHTML, like Gecko) Chrome/54.0.2840.99 Safari/537.36','/kcfw/a/sys/user/save','POST','id=3950253782ae438d9c402bbd3abfe1e2&photo=&company.id=8065fbd5cce349af9b4d345bcb954d34&company.name=专利机构&office.id=8065fbd5cce349af9b4d345bcb954d34&office.name=专利机构&no=testp1&name=testp1&oldLoginName=testp1&loginName=testp1&newPassword=&confirmNewPassword=&email=&phone=13950019129&mobile=&loginFlag=1&userType=&roleIdList=70adf5534cc040d0abfdf2a6d5c0f8d1&_roleIdList=on&remarks=',''),('be486305f5324b1f930d48e7c0bd2828','1','系统设置-系统设置-菜单管理-修改','1','2016-11-20 17:43:47','127.0.0.1','Mozilla/5.0 (X11; Ubuntu; Linux x86_64; rv:39.0) Gecko/20100101 Firefox/39.0','/kcfw/a/sys/menu/save','POST','id=66d88f0287b741fcb251aef20e68611f&parent.id=d5d9045b5a9b488bb1304e18cb5ba5fd&parent.name=专利申报&name=专利申报（本科生）&href=/sch/patent/schPatentUnder&target=&icon=&sort=30&isShow=1&permission=sch:patent:schPatentUnder:view,sch:patent:schPatentUnder:edit&remarks=',''),('bebf9777b6a1429aa5682d37734e7439','1','系统设置-机构用户-用户管理-修改','1','2016-11-22 15:39:03','192.168.7.1','Mozilla/5.0 (Windows NT 6.1; WOW64) AppleWebKit/537.36 (KHTML, like Gecko) Chrome/54.0.2840.99 Safari/537.36','/kcfw/a/sys/user/save','POST','id=3&photo=&company.id=1&company.name=厦门理工学院&office.id=3&office.name=研究生学院&no=0003&name=综合部&oldLoginName=sd_zhb&loginName=sd_zhb&newPassword=&confirmNewPassword=&email=&phone=&mobile=&loginFlag=1&userType=&roleIdList=2&_roleIdList=on&remarks=',''),('becbeaaf4ed641b0af8d5309b3215729','1','系统登录','1','2016-11-22 16:18:54','192.168.7.1','Mozilla/5.0 (Windows NT 6.1; WOW64) AppleWebKit/537.36 (KHTML, like Gecko) Chrome/54.0.2840.99 Safari/537.36','/kcfw/a/sch/patent/schPatentUnder/','GET','',''),('bf06ee14c0894ee484b9d941784cd3bc','1','我的面板-个人信息-个人信息','1','2016-11-20 17:10:44','127.0.0.1','Mozilla/5.0 (X11; Ubuntu; Linux x86_64; rv:39.0) Gecko/20100101 Firefox/39.0','/kcfw/a/sys/user/info','GET','',''),('bf14cb262788454c969bad5f5fbdf8eb','1','系统设置-机构用户-用户管理','1','2016-11-19 23:45:07','127.0.0.1','Mozilla/5.0 (X11; Ubuntu; Linux x86_64; rv:39.0) Gecko/20100101 Firefox/39.0','/kcfw/a/sys/user/index','GET','',''),('bf423d662d8e4c25925c22f02f9551ce','1','在线办公-流程管理-流程管理','1','2016-11-18 17:45:34','127.0.0.1','Mozilla/5.0 (X11; Ubuntu; Linux x86_64; rv:39.0) Gecko/20100101 Firefox/39.0','/kcfw/a/act/process','GET','',''),('bfb11d37e4974b7c93dfb501a1acf8d5','1','系统设置-机构用户-用户管理','1','2016-11-18 17:43:26','127.0.0.1','Mozilla/5.0 (X11; Ubuntu; Linux x86_64; rv:39.0) Gecko/20100101 Firefox/39.0','/kcfw/a/sys/user/index','GET','',''),('c010e1da83cd4efd93a5589931b91102','1','我的面板-个人信息-个人信息','1','2016-11-22 23:08:54','192.168.7.1','Mozilla/5.0 (Windows NT 6.1; WOW64) AppleWebKit/537.36 (KHTML, like Gecko) Chrome/54.0.2840.99 Safari/537.36','/kcfw/a/sys/user/info','GET','',''),('c0711088561e45c691ef7617087cf9a4','1','系统设置-机构用户-用户管理-查看','1','2016-11-22 15:37:57','192.168.7.1','Mozilla/5.0 (Windows NT 6.1; WOW64) AppleWebKit/537.36 (KHTML, like Gecko) Chrome/54.0.2840.99 Safari/537.36','/kcfw/a/sys/user/list','GET','',''),('c0758f56b22f4da58b77029f60dc23bf','1','系统设置-系统设置-菜单管理-修改','1','2016-11-21 16:28:14','192.168.7.1','Mozilla/5.0 (Windows NT 6.1; WOW64) AppleWebKit/537.36 (KHTML, like Gecko) Chrome/54.0.2840.99 Safari/537.36','/kcfw/a/sys/menu/save','POST','id=66d88f0287b741fcb251aef20e68611f&parent.id=d5d9045b5a9b488bb1304e18cb5ba5fd&parent.name=专利申报&name=专利申报（本科生）&href=/sch/patent/schPatentUnder&target=&icon=&sort=50&isShow=1&permission=sch:patent:schPatentUnder:view,sch:patent:schPatentUnder:edit&remarks=',''),('c0ad575d0d9649408d29c18eec82982a','1','系统设置-机构用户-用户管理','1','2016-11-22 11:33:44','192.168.7.1','Mozilla/5.0 (Windows NT 6.1; WOW64) AppleWebKit/537.36 (KHTML, like Gecko) Chrome/54.0.2840.99 Safari/537.36','/kcfw/a/sys/user/index','GET','',''),('c1a163abd9534305b998fd35493886bf','1','系统设置-机构用户-用户管理','1','2016-11-20 00:08:39','127.0.0.1','Mozilla/5.0 (X11; Ubuntu; Linux x86_64; rv:39.0) Gecko/20100101 Firefox/39.0','/kcfw/a/sys/user/index','GET','',''),('c237257a994d4275be9209d9ae6c75ab','1','内容管理-内容管理','1','2016-11-18 15:36:10','127.0.0.1','Mozilla/5.0 (X11; Ubuntu; Linux x86_64; rv:39.0) Gecko/20100101 Firefox/39.0','/kcfw/a/cms/tree','GET','',''),('c2bfb8f2805542bd9a63cfbb71833de3','1','系统登录','1','2016-11-21 16:23:54','192.168.7.1','Mozilla/5.0 (Windows NT 6.1; WOW64) AppleWebKit/537.36 (KHTML, like Gecko) Chrome/54.0.2840.99 Safari/537.36','/kcfw/a/sys/menu/tree','GET','parentId=2',''),('c3007e16f42d4998ba2fda5467a7bdb1','1','在线办公-个人办公-审批测试','7','2016-11-18 17:31:43','127.0.0.1','Mozilla/5.0 (X11; Ubuntu; Linux x86_64; rv:39.0) Gecko/20100101 Firefox/39.0','/kcfw/a/oa/testAudit','GET','',''),('c3125448b5e542aaa8e9f5c5eed37365','1','知识产权-专利申报-专利机构信息','1','2016-11-22 23:14:55','192.168.7.1','Mozilla/5.0 (Windows NT 6.1; WOW64) AppleWebKit/537.36 (KHTML, like Gecko) Chrome/54.0.2840.99 Safari/537.36','/kcfw/a/sch/patent/schPatentAgency','GET','',''),('c33c48f23f11459b9c0e7e31be7aec06','1','系统登录','1','2016-11-18 15:35:35','127.0.0.1','Mozilla/5.0 (X11; Ubuntu; Linux x86_64; rv:39.0) Gecko/20100101 Firefox/39.0','/kcfw/a','GET','login=',''),('c3cf0edeae2e4161ac5e6daaf1ae66a2','1','系统设置-系统设置-菜单管理','1','2016-11-20 17:40:31','127.0.0.1','Mozilla/5.0 (X11; Ubuntu; Linux x86_64; rv:39.0) Gecko/20100101 Firefox/39.0','/kcfw/a/sys/menu/','GET','',''),('c420cbcf49194efeb8318a528817d923','1','系统设置-机构用户-用户管理-查看','1','2016-11-22 11:24:47','192.168.7.1','Mozilla/5.0 (Windows NT 6.1; WOW64) AppleWebKit/537.36 (KHTML, like Gecko) Chrome/54.0.2840.99 Safari/537.36','/kcfw/a/sys/user/list','GET','',''),('c45ecfacd14c4ad4896525dac1e48be0','1','知识产权-专利申报-专利申报（本科生）','1','2016-11-20 18:14:57','127.0.0.1','Mozilla/5.0 (X11; Ubuntu; Linux x86_64; rv:39.0) Gecko/20100101 Firefox/39.0','/kcfw/a/sch/patent/schPatentUnder','GET','',''),('c47858641cd045819f572aabc24584f7','1','系统登录','1','2016-11-19 23:57:05','127.0.0.1','Mozilla/5.0 (X11; Ubuntu; Linux x86_64; rv:39.0) Gecko/20100101 Firefox/39.0','/kcfw/a/sys/user/info','GET','',''),('c50c3bb5d1a647ed96b79116062d2c7c','1','在线办公-个人办公-审批测试','7','2016-11-18 17:32:12','127.0.0.1','Mozilla/5.0 (X11; Ubuntu; Linux x86_64; rv:39.0) Gecko/20100101 Firefox/39.0','/kcfw/a/oa/testAudit','GET','',''),('c5886b9eb63b4cc9aa28b3fc112b0d61','1','在线办公-个人办公-我的任务','1','2016-11-18 15:44:11','127.0.0.1','Mozilla/5.0 (X11; Ubuntu; Linux x86_64; rv:39.0) Gecko/20100101 Firefox/39.0','/kcfw/a/act/task/todo/','GET','',''),('c5c73292524f4aea9fdbeb72d25f3823','1','我的面板-个人信息-个人信息','1','2016-11-18 15:20:16','127.0.0.1','Mozilla/5.0 (X11; Ubuntu; Linux x86_64; rv:39.0) Gecko/20100101 Firefox/39.0','/kcfw/a/sys/user/info','GET','',''),('c5e13dde4183417ca3ae131581ed29e7','1','系统设置-机构用户-用户管理','1','2016-11-18 16:08:53','127.0.0.1','Mozilla/5.0 (X11; Ubuntu; Linux x86_64; rv:39.0) Gecko/20100101 Firefox/39.0','/kcfw/a/sys/user/index','GET','',''),('c606aa38e8f0400bb784de481f389322','1','系统设置-机构用户-区域管理-修改','1','2016-11-22 10:46:24','192.168.7.1','Mozilla/5.0 (Windows NT 6.1; WOW64) AppleWebKit/537.36 (KHTML, like Gecko) Chrome/54.0.2840.99 Safari/537.36','/kcfw/a/sys/area/save','POST','id=6&parent.id=3&parent.name=厦门市&name=集美区&code=110105&type=4&remarks=',''),('c66e89cff3f4425493e74b6660637e56','1','系统设置-机构用户-用户管理-查看','1','2016-11-22 15:39:34','192.168.7.1','Mozilla/5.0 (Windows NT 6.1; WOW64) AppleWebKit/537.36 (KHTML, like Gecko) Chrome/54.0.2840.99 Safari/537.36','/kcfw/a/sys/user/list','GET','repage=',''),('c69009f93c6c4126995c860c77c89d3e','1','系统设置-机构用户-用户管理-查看','1','2016-11-22 15:39:44','192.168.7.1','Mozilla/5.0 (Windows NT 6.1; WOW64) AppleWebKit/537.36 (KHTML, like Gecko) Chrome/54.0.2840.99 Safari/537.36','/kcfw/a/sys/user/form','GET','id=4',''),('c6a17c75f46a4be4aa4d5b90d807fe49','1','系统设置-机构用户-用户管理','1','2016-11-18 17:30:48','127.0.0.1','Mozilla/5.0 (X11; Ubuntu; Linux x86_64; rv:39.0) Gecko/20100101 Firefox/39.0','/kcfw/a/sys/user/index','GET','',''),('c6b63ff4282945dd9eb5621ae32e81ef','1','我的面板-个人信息-个人信息','1','2016-11-21 23:03:12','192.168.7.1','Mozilla/5.0 (Windows NT 6.1; WOW64) AppleWebKit/537.36 (KHTML, like Gecko) Chrome/54.0.2840.99 Safari/537.36','/kcfw/a/sys/user/info','GET','',''),('c6c2ce994858472996733ac3e2e2add4','1','系统设置-机构用户-用户管理-查看','1','2016-11-18 16:08:56','127.0.0.1','Mozilla/5.0 (X11; Ubuntu; Linux x86_64; rv:39.0) Gecko/20100101 Firefox/39.0','/kcfw/a/sys/user/list','GET','office.id=4&office.name=å¸åºé¨',''),('c6eba242c74c4d99a6a658d3090fc6a1','1','在线办公-通知通告-我的通告','7','2016-11-18 17:31:38','127.0.0.1','Mozilla/5.0 (X11; Ubuntu; Linux x86_64; rv:39.0) Gecko/20100101 Firefox/39.0','/kcfw/a/oa/oaNotify/self','GET','',''),('c6fa9187d4b24f8c86707069e2322b30','1','在线办公-个人办公-我的任务','1','2016-11-18 15:39:32','127.0.0.1','Mozilla/5.0 (X11; Ubuntu; Linux x86_64; rv:39.0) Gecko/20100101 Firefox/39.0','/kcfw/a/act/task/todo/','GET','',''),('c70845dc703a45a69733716341ef71b9','1','知识产权-专利申报-专利机构信息','1','2016-11-22 11:12:14','192.168.7.1','Mozilla/5.0 (Windows NT 6.1; WOW64) AppleWebKit/537.36 (KHTML, like Gecko) Chrome/54.0.2840.99 Safari/537.36','/kcfw/a/sch/patent/schPatentAgency','GET','',''),('c72072ddc6e34b798dc9598cf456ba68','1','内容管理-内容管理','1','2016-11-21 22:26:58','192.168.7.1','Mozilla/5.0 (Windows NT 6.1; WOW64) AppleWebKit/537.36 (KHTML, like Gecko) Chrome/54.0.2840.99 Safari/537.36','/kcfw/a/cms/tree','GET','',''),('c8e4cd6a628441c7b769ba8588699bf8','1','内容管理-内容管理','1','2016-11-18 15:44:08','127.0.0.1','Mozilla/5.0 (X11; Ubuntu; Linux x86_64; rv:39.0) Gecko/20100101 Firefox/39.0','/kcfw/a/cms/tree','GET','',''),('c91ac618819f403dac3b2168dbd28309','1','知识产权-专利申报-专利机构信息','1','2016-11-21 22:15:18','192.168.7.1','Mozilla/5.0 (Windows NT 6.1; WOW64) AppleWebKit/537.36 (KHTML, like Gecko) Chrome/54.0.2840.99 Safari/537.36','/kcfw/a/sch/patent/schPatentAgency','GET','',''),('c92bd5d59e3c458284a2de8d6277c9b0','1','知识产权-专利申报-专利申报管理','1','2016-11-22 15:50:57','192.168.7.1','Mozilla/5.0 (Windows NT 6.1; WOW64) AppleWebKit/537.36 (KHTML, like Gecko) Chrome/54.0.2840.99 Safari/537.36','/kcfw/a/sch/patent/schPatentUnder','GET','',''),('c966c854ecac4537852c60a2d8a91639','1','知识产权-专利申报-专利机构信息','3950253782ae438d9c402bbd3abfe1e2','2016-11-22 13:01:43','192.168.7.1','Mozilla/5.0 (Windows NT 6.1; WOW64) AppleWebKit/537.36 (KHTML, like Gecko) Chrome/54.0.2840.99 Safari/537.36','/kcfw/a/sch/patent/schPatentAgency','GET','',''),('c970a8debcc048faae5ee99f8d13f12f','1','系统登录','1','2016-11-21 16:26:10','127.0.0.1','Mozilla/5.0 (X11; Ubuntu; Linux x86_64; rv:39.0) Gecko/20100101 Firefox/39.0','/kcfw/a;JSESSIONID=20d0ff0d395f4a4182ff3fac2305605c','GET','',''),('c97e3d26c2d34ca9a0f7d6f4fa20314d','1','内容管理-内容管理','1','2016-11-20 17:53:36','127.0.0.1','Mozilla/5.0 (X11; Ubuntu; Linux x86_64; rv:39.0) Gecko/20100101 Firefox/39.0','/kcfw/a/cms/tree','GET','',''),('c991aaec75e34278a0f2d517da57c60e','2','','1','2016-11-20 17:49:51','127.0.0.1','Mozilla/5.0 (X11; Ubuntu; Linux x86_64; rv:39.0) Gecko/20100101 Firefox/39.0','/kcfw/a/sch/patent/schPatentUnder/form','GET','','org.apache.jasper.JasperException: /WEB-INF/views/modules/sch/patent/schPatentUnderForm.jsp (line: 102, column: 4) \"${schPatentUnder.}\" contains invalid expression(s): javax.el.ELException: Failed to parse the expression [${schPatentUnder.}]\n	at org.apache.jasper.compiler.DefaultErrorHandler.jspError(DefaultErrorHandler.java:42)\n	at org.apache.jasper.compiler.ErrorDispatcher.dispatch(ErrorDispatcher.java:443)\n	at org.apache.jasper.compiler.ErrorDispatcher.jspError(ErrorDispatcher.java:199)\n	at org.apache.jasper.compiler.Validator$ValidateVisitor.getJspAttribute(Validator.java:1424)\n	at org.apache.jasper.compiler.Validator$ValidateVisitor.checkXmlAttributes(Validator.java:1231)\n	at org.apache.jasper.compiler.Validator$ValidateVisitor.visit(Validator.java:876)\n	at org.apache.jasper.compiler.Node$CustomTag.accept(Node.java:1553)\n	at org.apache.jasper.compiler.Node$Nodes.visit(Node.java:2392)\n	at org.apache.jasper.compiler.Node$Visitor.visitBody(Node.java:2444)\n	at org.apache.jasper.compiler.Validator$ValidateVisitor.visit(Validator.java:895)\n	at org.apache.jasper.compiler.Node$CustomTag.accept(Node.java:1553)\n	at org.apache.jasper.compiler.Node$Nodes.visit(Node.java:2392)\n	at org.apache.jasper.compiler.Node$Visitor.visitBody(Node.java:2444)\n	at org.apache.jasper.compiler.Node$Visitor.visit(Node.java:2450)\n	at org.apache.jasper.compiler.Node$Root.accept(Node.java:474)\n	at org.apache.jasper.compiler.Node$Nodes.visit(Node.java:2392)\n	at org.apache.jasper.compiler.Validator.validateExDirectives(Validator.java:1845)\n	at org.apache.jasper.compiler.Compiler.generateJava(Compiler.java:218)\n	at org.apache.jasper.compiler.Compiler.compile(Compiler.java:374)\n	at org.apache.jasper.compiler.Compiler.compile(Compiler.java:354)\n	at org.apache.jasper.compiler.Compiler.compile(Compiler.java:341)\n	at org.apache.jasper.JspCompilationContext.compile(JspCompilationContext.java:662)\n	at org.apache.jasper.servlet.JspServletWrapper.service(JspServletWrapper.java:364)\n	at org.apache.jasper.servlet.JspServlet.serviceJspFile(JspServlet.java:395)\n	at org.apache.jasper.servlet.JspServlet.service(JspServlet.java:339)\n	at javax.servlet.http.HttpServlet.service(HttpServlet.java:731)\n	at org.apache.catalina.core.ApplicationFilterChain.internalDoFilter(ApplicationFilterChain.java:303)\n	at org.apache.catalina.core.ApplicationFilterChain.doFilter(ApplicationFilterChain.java:208)\n	at org.apache.tomcat.websocket.server.WsFilter.doFilter(WsFilter.java:52)\n	at org.apache.catalina.core.ApplicationFilterChain.internalDoFilter(ApplicationFilterChain.java:241)\n	at org.apache.catalina.core.ApplicationFilterChain.doFilter(ApplicationFilterChain.java:208)\n	at org.apache.catalina.core.ApplicationDispatcher.invoke(ApplicationDispatcher.java:747)\n	at org.apache.catalina.core.ApplicationDispatcher.processRequest(ApplicationDispatcher.java:485)\n	at org.apache.catalina.core.ApplicationDispatcher.doForward(ApplicationDispatcher.java:410)\n	at org.apache.catalina.core.ApplicationDispatcher.forward(ApplicationDispatcher.java:337)\n	at org.springframework.web.servlet.view.InternalResourceView.renderMergedOutputModel(InternalResourceView.java:168)\n	at org.springframework.web.servlet.view.AbstractView.render(AbstractView.java:303)\n	at org.springframework.web.servlet.DispatcherServlet.render(DispatcherServlet.java:1243)\n	at org.springframework.web.servlet.DispatcherServlet.processDispatchResult(DispatcherServlet.java:1027)\n	at org.springframework.web.servlet.DispatcherServlet.doDispatch(DispatcherServlet.java:971)\n	at org.springframework.web.servlet.DispatcherServlet.doService(DispatcherServlet.java:893)\n	at org.springframework.web.servlet.FrameworkServlet.processRequest(FrameworkServlet.java:965)\n	at org.springframework.web.servlet.FrameworkServlet.doGet(FrameworkServlet.java:856)\n	at javax.servlet.http.HttpServlet.service(HttpServlet.java:624)\n	at org.springframework.web.servlet.FrameworkServlet.service(FrameworkServlet.java:841)\n	at javax.servlet.http.HttpServlet.service(HttpServlet.java:731)\n	at org.apache.catalina.core.ApplicationFilterChain.internalDoFilter(ApplicationFilterChain.java:303)\n	at org.apache.catalina.core.ApplicationFilterChain.doFilter(ApplicationFilterChain.java:208)\n	at org.apache.tomcat.websocket.server.WsFilter.doFilter(WsFilter.java:52)\n	at org.apache.catalina.core.ApplicationFilterChain.internalDoFilter(ApplicationFilterChain.java:241)\n	at org.apache.catalina.core.ApplicationFilterChain.doFilter(ApplicationFilterChain.java:208)\n	at com.opensymphony.sitemesh.webapp.SiteMeshFilter.obtainContent(SiteMeshFilter.java:129)\n	at com.opensymphony.sitemesh.webapp.SiteMeshFilter.doFilter(SiteMeshFilter.java:77)\n	at org.apache.catalina.core.ApplicationFilterChain.internalDoFilter(ApplicationFilterChain.java:241)\n	at org.apache.catalina.core.ApplicationFilterChain.doFilter(ApplicationFilterChain.java:208)\n	at org.apache.shiro.web.servlet.ProxiedFilterChain.doFilter(ProxiedFilterChain.java:61)\n	at org.apache.shiro.web.servlet.AdviceFilter.executeChain(AdviceFilter.java:108)\n	at org.apache.shiro.web.servlet.AdviceFilter.doFilterInternal(AdviceFilter.java:137)\n	at org.apache.shiro.web.servlet.OncePerRequestFilter.doFilter(OncePerRequestFilter.java:125)\n	at org.apache.shiro.web.servlet.ProxiedFilterChain.doFilter(ProxiedFilterChain.java:66)\n	at org.apache.shiro.web.servlet.AbstractShiroFilter.executeChain(AbstractShiroFilter.java:449)\n	at org.apache.shiro.web.servlet.AbstractShiroFilter$1.call(AbstractShiroFilter.java:365)\n	at org.apache.shiro.subject.support.SubjectCallable.doCall(SubjectCallable.java:90)\n	at org.apache.shiro.subject.support.SubjectCallable.call(SubjectCallable.java:83)\n	at org.apache.shiro.subject.support.DelegatingSubject.execute(DelegatingSubject.java:383)\n	at org.apache.shiro.web.servlet.AbstractShiroFilter.doFilterInternal(AbstractShiroFilter.java:362)\n	at org.apache.shiro.web.servlet.OncePerRequestFilter.doFilter(OncePerRequestFilter.java:125)\n	at org.springframework.web.filter.DelegatingFilterProxy.invokeDelegate(DelegatingFilterProxy.java:344)\n	at org.springframework.web.filter.DelegatingFilterProxy.doFilter(DelegatingFilterProxy.java:261)\n	at org.apache.catalina.core.ApplicationFilterChain.internalDoFilter(ApplicationFilterChain.java:241)\n	at org.apache.catalina.core.ApplicationFilterChain.doFilter(ApplicationFilterChain.java:208)\n	at org.springframework.web.filter.CharacterEncodingFilter.doFilterInternal(CharacterEncodingFilter.java:85)\n	at org.springframework.web.filter.OncePerRequestFilter.doFilter(OncePerRequestFilter.java:107)\n	at org.apache.catalina.core.ApplicationFilterChain.internalDoFilter(ApplicationFilterChain.java:241)\n	at org.apache.catalina.core.ApplicationFilterChain.doFilter(ApplicationFilterChain.java:208)\n	at org.apache.catalina.core.StandardWrapperValve.invoke(StandardWrapperValve.java:218)\n	at org.apache.catalina.core.StandardContextValve.invoke(StandardContextValve.java:122)\n	at org.apache.catalina.authenticator.AuthenticatorBase.invoke(AuthenticatorBase.java:505)\n	at org.apache.catalina.core.StandardHostValve.invoke(StandardHostValve.java:169)\n	at org.apache.catalina.valves.ErrorReportValve.invoke(ErrorReportValve.java:103)\n	at org.apache.catalina.valves.AccessLogValve.invoke(AccessLogValve.java:956)\n	at org.apache.catalina.core.StandardEngineValve.invoke(StandardEngineValve.java:116)\n	at org.apache.catalina.connector.CoyoteAdapter.service(CoyoteAdapter.java:442)\n	at org.apache.coyote.http11.AbstractHttp11Processor.process(AbstractHttp11Processor.java:1082)\n	at org.apache.coyote.AbstractProtocol$AbstractConnectionHandler.process(AbstractProtocol.java:623)\n	at org.apache.tomcat.util.net.JIoEndpoint$SocketProcessor.run(JIoEndpoint.java:318)\n	at java.util.concurrent.ThreadPoolExecutor.runWorker(ThreadPoolExecutor.java:1142)\n	at java.util.concurrent.ThreadPoolExecutor$Worker.run(ThreadPoolExecutor.java:617)\n	at org.apache.tomcat.util.threads.TaskThread$WrappingRunnable.run(TaskThread.java:61)\n	at java.lang.Thread.run(Thread.java:745)\n'),('c99bc3b2a39c4d219b1f4839eecd307e','1','系统设置-机构用户-用户管理-查看','1','2016-11-22 11:36:26','192.168.7.1','Mozilla/5.0 (Windows NT 6.1; WOW64) AppleWebKit/537.36 (KHTML, like Gecko) Chrome/54.0.2840.99 Safari/537.36','/kcfw/a/sys/user/list','GET','repage=',''),('ca5ee93bc0f942609c073840e9332b59','1','系统登录','1','2016-11-18 16:55:06','127.0.0.1','Mozilla/5.0 (X11; Ubuntu; Linux x86_64; rv:39.0) Gecko/20100101 Firefox/39.0','/kcfw/act/service/model/1728b461b9e14dc0add2de00c8e1b9e2/save','PUT','',''),('ca673b0eb26545a9a3d8eb9ff3f11d6b','1','系统设置-机构用户-用户管理','1','2016-11-18 15:39:03','127.0.0.1','Mozilla/5.0 (X11; Ubuntu; Linux x86_64; rv:39.0) Gecko/20100101 Firefox/39.0','/kcfw/a/sys/user/index','GET','',''),('ca930001077847e0a242b34595b01bee','1','我的面板-个人信息-个人信息','1','2016-11-20 23:18:10','192.168.7.1','Mozilla/5.0 (Windows NT 6.1; WOW64) AppleWebKit/537.36 (KHTML, like Gecko) Chrome/54.0.2840.99 Safari/537.36','/kcfw/a/sys/user/info','GET','',''),('caa85760bda64885837bde8e45dccfc8','1','系统设置-机构用户-用户管理-查看','1','2016-11-18 16:08:18','127.0.0.1','Mozilla/5.0 (X11; Ubuntu; Linux x86_64; rv:39.0) Gecko/20100101 Firefox/39.0','/kcfw/a/sys/user/list','GET','office.id=3&office.name=ç»¼åé¨',''),('cad04b43adf64b93bd4e394bfbc2d2fe','1','系统设置-系统设置-菜单管理','1','2016-11-21 16:27:57','192.168.7.1','Mozilla/5.0 (Windows NT 6.1; WOW64) AppleWebKit/537.36 (KHTML, like Gecko) Chrome/54.0.2840.99 Safari/537.36','/kcfw/a/sys/menu/','GET','',''),('caf51f859b504139ab21861de813a0db','1','系统设置-机构用户-区域管理-修改','1','2016-11-22 10:45:49','192.168.7.1','Mozilla/5.0 (Windows NT 6.1; WOW64) AppleWebKit/537.36 (KHTML, like Gecko) Chrome/54.0.2840.99 Safari/537.36','/kcfw/a/sys/area/save','POST','id=2&parent.id=1&parent.name=中国&name=福建省&code=110000&type=2&remarks=',''),('cb42c1727ccf4d2fa283a7dbde6c93e7','1','系统设置-机构用户-机构管理-查看','1','2016-11-22 10:47:16','192.168.7.1','Mozilla/5.0 (Windows NT 6.1; WOW64) AppleWebKit/537.36 (KHTML, like Gecko) Chrome/54.0.2840.99 Safari/537.36','/kcfw/a/sys/office/list','GET','id=&parentIds=0,',''),('cb64c2ca34ab40f4900548b289ca6542','1','系统设置-机构用户-用户管理-查看','1','2016-11-18 15:19:09','127.0.0.1','Mozilla/5.0 (X11; Ubuntu; Linux x86_64; rv:39.0) Gecko/20100101 Firefox/39.0','/kcfw/a/sys/user/list','GET','',''),('cb82191f7d8b4eacb148614ad8c89c17','1','我的面板-个人信息-个人信息','1','2016-11-21 16:26:33','192.168.7.1','Mozilla/5.0 (Windows NT 6.1; WOW64) AppleWebKit/537.36 (KHTML, like Gecko) Chrome/54.0.2840.99 Safari/537.36','/kcfw/a/sys/user/info','GET','',''),('cb852c4793a440619859ad1d88fea9ae','1','知识产权-专利申报-专利机构信息','1','2016-11-21 23:57:00','192.168.7.1','Mozilla/5.0 (Windows NT 6.1; WOW64) AppleWebKit/537.36 (KHTML, like Gecko) Chrome/54.0.2840.99 Safari/537.36','/kcfw/a/sch/patent/schPatentAgency','GET','',''),('cbac435f272e4ec4a45d0fe26bc80e03','1','在线办公-通知通告-通告管理','1','2016-11-18 15:23:44','127.0.0.1','Mozilla/5.0 (X11; Ubuntu; Linux x86_64; rv:39.0) Gecko/20100101 Firefox/39.0','/kcfw/a/oa/oaNotify','GET','',''),('cc1195c6d3e2426f957552ba74c44562','1','在线办公-流程管理-模型管理','7','2016-11-18 17:39:23','127.0.0.1','Mozilla/5.0 (X11; Ubuntu; Linux x86_64; rv:39.0) Gecko/20100101 Firefox/39.0','/kcfw/a/act/model','GET','',''),('ccb32d1021274ad9840a7591711b115d','1','系统登录','1','2016-11-18 17:48:01','127.0.0.1','Mozilla/5.0 (X11; Ubuntu; Linux x86_64; rv:39.0) Gecko/20100101 Firefox/39.0','/kcfw/a/oa/testAudit','GET','',''),('ce6e46f08144404e8cd9a2eca45235cd','1','系统设置-系统设置-角色管理-修改','1','2016-11-22 10:48:20','192.168.7.1','Mozilla/5.0 (Windows NT 6.1; WOW64) AppleWebKit/537.36 (KHTML, like Gecko) Chrome/54.0.2840.99 Safari/537.36','/kcfw/a/sys/role/save','POST','id=&office.id=8065fbd5cce349af9b4d345bcb954d34&office.name=专利机构&oldName=&name=专利机构角色&oldEnname=&enname=patentProxyRole&roleType=security-role&sysData=1&useable=1&dataScope=8&menuIds=1,c0671c3c569e49c283ad38c02fbe062e,d5d9045b5a9b488bb1304e18cb5ba5fd,87b299fd957841e7ade7b220183dc...&officeIds=&remarks=',''),('ce8e55b95aec46baa841f408b7fbbf0f','2','','1','2016-11-20 17:50:11','127.0.0.1','Mozilla/5.0 (X11; Ubuntu; Linux x86_64; rv:39.0) Gecko/20100101 Firefox/39.0','/kcfw/a/sch/patent/schPatentUnder/form','GET','','org.apache.jasper.JasperException: /WEB-INF/views/modules/sch/patent/schPatentUnderForm.jsp (line: 117, column: 4) \"${schPatentUnder.}\" contains invalid expression(s): javax.el.ELException: Failed to parse the expression [${schPatentUnder.}]\n	at org.apache.jasper.compiler.DefaultErrorHandler.jspError(DefaultErrorHandler.java:42)\n	at org.apache.jasper.compiler.ErrorDispatcher.dispatch(ErrorDispatcher.java:443)\n	at org.apache.jasper.compiler.ErrorDispatcher.jspError(ErrorDispatcher.java:199)\n	at org.apache.jasper.compiler.Validator$ValidateVisitor.getJspAttribute(Validator.java:1424)\n	at org.apache.jasper.compiler.Validator$ValidateVisitor.checkXmlAttributes(Validator.java:1231)\n	at org.apache.jasper.compiler.Validator$ValidateVisitor.visit(Validator.java:876)\n	at org.apache.jasper.compiler.Node$CustomTag.accept(Node.java:1553)\n	at org.apache.jasper.compiler.Node$Nodes.visit(Node.java:2392)\n	at org.apache.jasper.compiler.Node$Visitor.visitBody(Node.java:2444)\n	at org.apache.jasper.compiler.Validator$ValidateVisitor.visit(Validator.java:895)\n	at org.apache.jasper.compiler.Node$CustomTag.accept(Node.java:1553)\n	at org.apache.jasper.compiler.Node$Nodes.visit(Node.java:2392)\n	at org.apache.jasper.compiler.Node$Visitor.visitBody(Node.java:2444)\n	at org.apache.jasper.compiler.Node$Visitor.visit(Node.java:2450)\n	at org.apache.jasper.compiler.Node$Root.accept(Node.java:474)\n	at org.apache.jasper.compiler.Node$Nodes.visit(Node.java:2392)\n	at org.apache.jasper.compiler.Validator.validateExDirectives(Validator.java:1845)\n	at org.apache.jasper.compiler.Compiler.generateJava(Compiler.java:218)\n	at org.apache.jasper.compiler.Compiler.compile(Compiler.java:374)\n	at org.apache.jasper.compiler.Compiler.compile(Compiler.java:354)\n	at org.apache.jasper.compiler.Compiler.compile(Compiler.java:341)\n	at org.apache.jasper.JspCompilationContext.compile(JspCompilationContext.java:662)\n	at org.apache.jasper.servlet.JspServletWrapper.service(JspServletWrapper.java:364)\n	at org.apache.jasper.servlet.JspServlet.serviceJspFile(JspServlet.java:395)\n	at org.apache.jasper.servlet.JspServlet.service(JspServlet.java:339)\n	at javax.servlet.http.HttpServlet.service(HttpServlet.java:731)\n	at org.apache.catalina.core.ApplicationFilterChain.internalDoFilter(ApplicationFilterChain.java:303)\n	at org.apache.catalina.core.ApplicationFilterChain.doFilter(ApplicationFilterChain.java:208)\n	at org.apache.tomcat.websocket.server.WsFilter.doFilter(WsFilter.java:52)\n	at org.apache.catalina.core.ApplicationFilterChain.internalDoFilter(ApplicationFilterChain.java:241)\n	at org.apache.catalina.core.ApplicationFilterChain.doFilter(ApplicationFilterChain.java:208)\n	at org.apache.catalina.core.ApplicationDispatcher.invoke(ApplicationDispatcher.java:747)\n	at org.apache.catalina.core.ApplicationDispatcher.processRequest(ApplicationDispatcher.java:485)\n	at org.apache.catalina.core.ApplicationDispatcher.doForward(ApplicationDispatcher.java:410)\n	at org.apache.catalina.core.ApplicationDispatcher.forward(ApplicationDispatcher.java:337)\n	at org.springframework.web.servlet.view.InternalResourceView.renderMergedOutputModel(InternalResourceView.java:168)\n	at org.springframework.web.servlet.view.AbstractView.render(AbstractView.java:303)\n	at org.springframework.web.servlet.DispatcherServlet.render(DispatcherServlet.java:1243)\n	at org.springframework.web.servlet.DispatcherServlet.processDispatchResult(DispatcherServlet.java:1027)\n	at org.springframework.web.servlet.DispatcherServlet.doDispatch(DispatcherServlet.java:971)\n	at org.springframework.web.servlet.DispatcherServlet.doService(DispatcherServlet.java:893)\n	at org.springframework.web.servlet.FrameworkServlet.processRequest(FrameworkServlet.java:965)\n	at org.springframework.web.servlet.FrameworkServlet.doGet(FrameworkServlet.java:856)\n	at javax.servlet.http.HttpServlet.service(HttpServlet.java:624)\n	at org.springframework.web.servlet.FrameworkServlet.service(FrameworkServlet.java:841)\n	at javax.servlet.http.HttpServlet.service(HttpServlet.java:731)\n	at org.apache.catalina.core.ApplicationFilterChain.internalDoFilter(ApplicationFilterChain.java:303)\n	at org.apache.catalina.core.ApplicationFilterChain.doFilter(ApplicationFilterChain.java:208)\n	at org.apache.tomcat.websocket.server.WsFilter.doFilter(WsFilter.java:52)\n	at org.apache.catalina.core.ApplicationFilterChain.internalDoFilter(ApplicationFilterChain.java:241)\n	at org.apache.catalina.core.ApplicationFilterChain.doFilter(ApplicationFilterChain.java:208)\n	at com.opensymphony.sitemesh.webapp.SiteMeshFilter.obtainContent(SiteMeshFilter.java:129)\n	at com.opensymphony.sitemesh.webapp.SiteMeshFilter.doFilter(SiteMeshFilter.java:77)\n	at org.apache.catalina.core.ApplicationFilterChain.internalDoFilter(ApplicationFilterChain.java:241)\n	at org.apache.catalina.core.ApplicationFilterChain.doFilter(ApplicationFilterChain.java:208)\n	at org.apache.shiro.web.servlet.ProxiedFilterChain.doFilter(ProxiedFilterChain.java:61)\n	at org.apache.shiro.web.servlet.AdviceFilter.executeChain(AdviceFilter.java:108)\n	at org.apache.shiro.web.servlet.AdviceFilter.doFilterInternal(AdviceFilter.java:137)\n	at org.apache.shiro.web.servlet.OncePerRequestFilter.doFilter(OncePerRequestFilter.java:125)\n	at org.apache.shiro.web.servlet.ProxiedFilterChain.doFilter(ProxiedFilterChain.java:66)\n	at org.apache.shiro.web.servlet.AbstractShiroFilter.executeChain(AbstractShiroFilter.java:449)\n	at org.apache.shiro.web.servlet.AbstractShiroFilter$1.call(AbstractShiroFilter.java:365)\n	at org.apache.shiro.subject.support.SubjectCallable.doCall(SubjectCallable.java:90)\n	at org.apache.shiro.subject.support.SubjectCallable.call(SubjectCallable.java:83)\n	at org.apache.shiro.subject.support.DelegatingSubject.execute(DelegatingSubject.java:383)\n	at org.apache.shiro.web.servlet.AbstractShiroFilter.doFilterInternal(AbstractShiroFilter.java:362)\n	at org.apache.shiro.web.servlet.OncePerRequestFilter.doFilter(OncePerRequestFilter.java:125)\n	at org.springframework.web.filter.DelegatingFilterProxy.invokeDelegate(DelegatingFilterProxy.java:344)\n	at org.springframework.web.filter.DelegatingFilterProxy.doFilter(DelegatingFilterProxy.java:261)\n	at org.apache.catalina.core.ApplicationFilterChain.internalDoFilter(ApplicationFilterChain.java:241)\n	at org.apache.catalina.core.ApplicationFilterChain.doFilter(ApplicationFilterChain.java:208)\n	at org.springframework.web.filter.CharacterEncodingFilter.doFilterInternal(CharacterEncodingFilter.java:85)\n	at org.springframework.web.filter.OncePerRequestFilter.doFilter(OncePerRequestFilter.java:107)\n	at org.apache.catalina.core.ApplicationFilterChain.internalDoFilter(ApplicationFilterChain.java:241)\n	at org.apache.catalina.core.ApplicationFilterChain.doFilter(ApplicationFilterChain.java:208)\n	at org.apache.catalina.core.StandardWrapperValve.invoke(StandardWrapperValve.java:218)\n	at org.apache.catalina.core.StandardContextValve.invoke(StandardContextValve.java:122)\n	at org.apache.catalina.authenticator.AuthenticatorBase.invoke(AuthenticatorBase.java:505)\n	at org.apache.catalina.core.StandardHostValve.invoke(StandardHostValve.java:169)\n	at org.apache.catalina.valves.ErrorReportValve.invoke(ErrorReportValve.java:103)\n	at org.apache.catalina.valves.AccessLogValve.invoke(AccessLogValve.java:956)\n	at org.apache.catalina.core.StandardEngineValve.invoke(StandardEngineValve.java:116)\n	at org.apache.catalina.connector.CoyoteAdapter.service(CoyoteAdapter.java:442)\n	at org.apache.coyote.http11.AbstractHttp11Processor.process(AbstractHttp11Processor.java:1082)\n	at org.apache.coyote.AbstractProtocol$AbstractConnectionHandler.process(AbstractProtocol.java:623)\n	at org.apache.tomcat.util.net.JIoEndpoint$SocketProcessor.run(JIoEndpoint.java:318)\n	at java.util.concurrent.ThreadPoolExecutor.runWorker(ThreadPoolExecutor.java:1142)\n	at java.util.concurrent.ThreadPoolExecutor$Worker.run(ThreadPoolExecutor.java:617)\n	at org.apache.tomcat.util.threads.TaskThread$WrappingRunnable.run(TaskThread.java:61)\n	at java.lang.Thread.run(Thread.java:745)\n'),('ce93ebaadfb24a23aa43cc21c32450e2','1','系统登录','1','2016-11-22 16:36:06','192.168.7.1','Mozilla/5.0 (Windows NT 6.1; WOW64) AppleWebKit/537.36 (KHTML, like Gecko) Chrome/54.0.2840.99 Safari/537.36','/kcfw/a/sch/patent/schPatentUnder/','GET','',''),('cee5489d1070497eb5c5fb918d4bc1cf','1','系统设置-系统设置-菜单管理','1','2016-11-20 17:41:56','127.0.0.1','Mozilla/5.0 (X11; Ubuntu; Linux x86_64; rv:39.0) Gecko/20100101 Firefox/39.0','/kcfw/a/sys/menu/','GET','',''),('cef64de47d7b420a928caa65379b0859','1','在线办公-个人办公-我的任务','7','2016-11-18 17:31:53','127.0.0.1','Mozilla/5.0 (X11; Ubuntu; Linux x86_64; rv:39.0) Gecko/20100101 Firefox/39.0','/kcfw/a/act/task/todo/','GET','',''),('cf36b9455f45410087e0f2576631050d','1','系统设置-机构用户-用户管理-查看','1','2016-11-22 11:25:50','192.168.7.1','Mozilla/5.0 (Windows NT 6.1; WOW64) AppleWebKit/537.36 (KHTML, like Gecko) Chrome/54.0.2840.99 Safari/537.36','/kcfw/a/sys/user/list','GET','office.id=8065fbd5cce349af9b4d345bcb954d34&office.name=专利机构',''),('cf6b833628d04585b574b00973357e35','1','系统设置-系统设置-菜单管理','1','2016-11-18 16:46:27','127.0.0.1','Mozilla/5.0 (X11; Ubuntu; Linux x86_64; rv:39.0) Gecko/20100101 Firefox/39.0','/kcfw/a/sys/menu/','GET','',''),('cf942455636a43eda79c048c34cb4803','1','系统登录','1','2016-11-22 16:29:35','192.168.7.1','Mozilla/5.0 (Windows NT 6.1; WOW64) AppleWebKit/537.36 (KHTML, like Gecko) Chrome/54.0.2840.99 Safari/537.36','/kcfw/a/sch/patent/schPatentUnder/form','GET','',''),('cfad5d1671dc49bca8f3b1aec4b7aa59','1','系统设置-机构用户-用户管理-查看','1','2016-11-18 15:42:29','127.0.0.1','Mozilla/5.0 (X11; Ubuntu; Linux x86_64; rv:39.0) Gecko/20100101 Firefox/39.0','/kcfw/a/sys/user/list','GET','repage=',''),('d04b6e57391c4432aec40176917afd3a','1','在线办公-个人办公-我的任务','1','2016-11-18 17:25:42','127.0.0.1','Mozilla/5.0 (X11; Ubuntu; Linux x86_64; rv:39.0) Gecko/20100101 Firefox/39.0','/kcfw/a/act/task/todo/','GET','',''),('d0d776736ec644f9aee7579e94520c2c','1','知识产权-专利申报-专利机构信息','1','2016-11-22 23:21:03','192.168.7.1','Mozilla/5.0 (Windows NT 6.1; WOW64) AppleWebKit/537.36 (KHTML, like Gecko) Chrome/54.0.2840.99 Safari/537.36','/kcfw/a/sch/patent/schPatentAgency','GET','',''),('d11724eed08a449c8becc04a0e52b187','1','系统设置-系统设置-菜单管理-查看','1','2016-11-21 16:27:19','192.168.7.1','Mozilla/5.0 (Windows NT 6.1; WOW64) AppleWebKit/537.36 (KHTML, like Gecko) Chrome/54.0.2840.99 Safari/537.36','/kcfw/a/sys/menu/form','GET','parent.id=d5d9045b5a9b488bb1304e18cb5ba5fd',''),('d15df341db7045048bfe6460f5caefac','1','系统设置-机构用户-用户管理-查看','1','2016-11-20 17:46:02','127.0.0.1','Mozilla/5.0 (X11; Ubuntu; Linux x86_64; rv:39.0) Gecko/20100101 Firefox/39.0','/kcfw/a/sys/user/form','GET','',''),('d18fcd0766f74d4fa9a1af7af9e8970b','1','系统设置-机构用户-机构管理-查看','1','2016-11-22 10:47:03','192.168.7.1','Mozilla/5.0 (Windows NT 6.1; WOW64) AppleWebKit/537.36 (KHTML, like Gecko) Chrome/54.0.2840.99 Safari/537.36','/kcfw/a/sys/office/list','GET','id=&parentIds=0,',''),('d1c9d5978fe0470287e8f465ea61d705','1','系统设置-系统设置-菜单管理-修改','1','2016-11-18 16:47:29','127.0.0.1','Mozilla/5.0 (X11; Ubuntu; Linux x86_64; rv:39.0) Gecko/20100101 Firefox/39.0','/kcfw/a/sys/menu/save','POST','id=64&parent.id=63&parent.name=个人办公&name=请假办理&href=/oa/leave&target=&icon=leaf&sort=300&isShow=1&permission=&remarks=',''),('d1de56cd67454ad49a2c12465d3389ca','1','系统登录','1','2016-11-21 16:28:39','192.168.7.1','Mozilla/5.0 (Windows NT 6.1; WOW64) AppleWebKit/537.36 (KHTML, like Gecko) Chrome/54.0.2840.99 Safari/537.36','/kcfw/a','GET','login=',''),('d1fcc8ba5b534f71a37bc5ead98e81a1','1','知识产权-专利申报-专利申报（本科生）','3950253782ae438d9c402bbd3abfe1e2','2016-11-22 11:33:06','192.168.7.1','Mozilla/5.0 (Windows NT 6.1; WOW64) AppleWebKit/537.36 (KHTML, like Gecko) Chrome/54.0.2840.99 Safari/537.36','/kcfw/a/sch/patent/schPatentUnder','GET','',''),('d1fe3678451c4dd6847953c960d8b5dd','1','系统登录','5d0d8cb981504fc09195a8c28dd19cc8','2016-11-22 11:38:05','192.168.7.1','Mozilla/5.0 (Windows NT 6.1; WOW64) AppleWebKit/537.36 (KHTML, like Gecko) Chrome/54.0.2840.99 Safari/537.36','/kcfw/a','GET','login=',''),('d34e25225f1146e1a8eb7d9cd1cc04d9','1','我的面板-个人信息-个人信息','1','2016-11-22 23:17:34','192.168.7.1','Mozilla/5.0 (Windows NT 6.1; WOW64) AppleWebKit/537.36 (KHTML, like Gecko) Chrome/54.0.2840.99 Safari/537.36','/kcfw/a/sys/user/info','GET','',''),('d352a3599cc64c80959663aafa08c845','1','系统登录','1','2016-11-22 11:37:25','192.168.7.1','Mozilla/5.0 (Windows NT 6.1; WOW64) AppleWebKit/537.36 (KHTML, like Gecko) Chrome/54.0.2840.99 Safari/537.36','/kcfw/a','GET','login=',''),('d3b2d8c934054787bbdf9189cb939887','1','内容管理-内容管理','1','2016-11-18 15:44:08','127.0.0.1','Mozilla/5.0 (X11; Ubuntu; Linux x86_64; rv:39.0) Gecko/20100101 Firefox/39.0','/kcfw/a/cms/none','GET','',''),('d42d2f89e76348938b61e6b7a089a634','1','系统设置-机构用户-用户管理-修改','1','2016-11-18 17:31:29','127.0.0.1','Mozilla/5.0 (X11; Ubuntu; Linux x86_64; rv:39.0) Gecko/20100101 Firefox/39.0','/kcfw/a/sys/user/checkLoginName','GET','oldLoginName=jn_admin&loginName=jn_admin',''),('d4b9483b4c10442cbcf467b66a7348af','1','系统登录','1','2016-11-18 16:19:09','127.0.0.1','Mozilla/5.0 (X11; Ubuntu; Linux x86_64; rv:39.0) Gecko/20100101 Firefox/39.0','/kcfw/a/sys/user/index','GET','',''),('d4de045940f14b86b4b0f79f74b366ff','1','系统设置-机构用户-用户管理-查看','1','2016-11-18 17:43:27','127.0.0.1','Mozilla/5.0 (X11; Ubuntu; Linux x86_64; rv:39.0) Gecko/20100101 Firefox/39.0','/kcfw/a/sys/user/list','GET','',''),('d522d0cdf9104646be5d8d1b15cdd1e7','1','系统设置-机构用户-用户管理','1','2016-11-22 10:48:25','192.168.7.1','Mozilla/5.0 (Windows NT 6.1; WOW64) AppleWebKit/537.36 (KHTML, like Gecko) Chrome/54.0.2840.99 Safari/537.36','/kcfw/a/sys/user/index','GET','',''),('d5312a84b23548158a126390d7314130','1','系统设置-机构用户-用户管理-修改','1','2016-11-22 15:39:54','192.168.7.1','Mozilla/5.0 (Windows NT 6.1; WOW64) AppleWebKit/537.36 (KHTML, like Gecko) Chrome/54.0.2840.99 Safari/537.36','/kcfw/a/sys/user/save','POST','id=4&photo=&company.id=1&company.name=厦门理工学院&office.id=4&office.name=产学融合发展处&no=0004&name=cxrh&oldLoginName=sd_scb&loginName=sd_scb&newPassword=&confirmNewPassword=&email=&phone=&mobile=&loginFlag=1&userType=&roleIdList=3&_roleIdList=on&remarks=',''),('d54756741e58441f8ab92344cbebb192','1','在线办公-通知通告-我的通告','1','2016-11-18 15:23:46','127.0.0.1','Mozilla/5.0 (X11; Ubuntu; Linux x86_64; rv:39.0) Gecko/20100101 Firefox/39.0','/kcfw/a/oa/oaNotify/self','GET','',''),('d548b3c5508941b999ddbcb4b4f04818','1','系统设置-机构用户-用户管理-查看','1','2016-11-20 17:42:09','127.0.0.1','Mozilla/5.0 (X11; Ubuntu; Linux x86_64; rv:39.0) Gecko/20100101 Firefox/39.0','/kcfw/a/sys/user/list','GET','',''),('d5d14bf57aff434e9e6d7228c455f9c5','1','系统设置-机构用户-机构管理-查看','1','2016-11-22 15:36:27','192.168.7.1','Mozilla/5.0 (Windows NT 6.1; WOW64) AppleWebKit/537.36 (KHTML, like Gecko) Chrome/54.0.2840.99 Safari/537.36','/kcfw/a/sys/office/list','GET','id=&parentIds=0,',''),('d5e7bd50105d4a0ea1e13e0b3992ee76','1','内容管理-内容管理','1','2016-11-21 22:26:58','192.168.7.1','Mozilla/5.0 (Windows NT 6.1; WOW64) AppleWebKit/537.36 (KHTML, like Gecko) Chrome/54.0.2840.99 Safari/537.36','/kcfw/a/cms/none','GET','',''),('d6230119c8ab47249333e71799a54f8c','1','系统设置-系统设置-角色管理','1','2016-11-22 11:37:28','192.168.7.1','Mozilla/5.0 (Windows NT 6.1; WOW64) AppleWebKit/537.36 (KHTML, like Gecko) Chrome/54.0.2840.99 Safari/537.36','/kcfw/a/sys/role/','GET','',''),('d62b5e401491405faa151914c27d8b3d','1','系统设置-机构用户-用户管理-查看','1','2016-11-22 15:39:17','192.168.7.1','Mozilla/5.0 (Windows NT 6.1; WOW64) AppleWebKit/537.36 (KHTML, like Gecko) Chrome/54.0.2840.99 Safari/537.36','/kcfw/a/sys/user/form','GET','id=3',''),('d6c63f104533480f8e1d5495ccb8f6be','1','我的面板-个人信息-个人信息','1','2016-11-18 15:44:06','127.0.0.1','Mozilla/5.0 (X11; Ubuntu; Linux x86_64; rv:39.0) Gecko/20100101 Firefox/39.0','/kcfw/a/sys/user/info','GET','',''),('d6f81b4d0d91438dae23653aaf794594','1','系统设置-系统设置-字典管理','1','2016-11-20 00:10:20','127.0.0.1','Mozilla/5.0 (X11; Ubuntu; Linux x86_64; rv:39.0) Gecko/20100101 Firefox/39.0','/kcfw/a/sys/dict/','GET','repage=&type=PATENT_TYPE',''),('d765c64b0e484469ae6be62963178408','1','系统登录','1','2016-11-22 15:51:45','192.168.7.1','Mozilla/5.0 (Windows NT 6.1; WOW64) AppleWebKit/537.36 (KHTML, like Gecko) Chrome/54.0.2840.99 Safari/537.36','/kcfw/a','GET','login=',''),('d799294482f64117b8db5a0c458e5159','1','系统设置-机构用户-用户管理-查看','1','2016-11-18 16:32:29','127.0.0.1','Mozilla/5.0 (X11; Ubuntu; Linux x86_64; rv:39.0) Gecko/20100101 Firefox/39.0','/kcfw/a/sys/user/list','GET','',''),('d7d900652d58467e8bcf31a75bc5d30f','1','系统登录','1','2016-11-18 15:44:05','127.0.0.1','Mozilla/5.0 (X11; Ubuntu; Linux x86_64; rv:39.0) Gecko/20100101 Firefox/39.0','/kcfw/a','GET','login=',''),('d89628fc10b144c1a78ab948133d0023','1','系统设置-机构用户-区域管理','1','2016-11-21 16:24:39','192.168.7.1','Mozilla/5.0 (Windows NT 6.1; WOW64) AppleWebKit/537.36 (KHTML, like Gecko) Chrome/54.0.2840.99 Safari/537.36','/kcfw/a/sys/area/','GET','',''),('d8df1a996780416cbefe72762e375c15','1','在线办公-个人办公-我的任务','1','2016-11-18 17:48:46','127.0.0.1','Mozilla/5.0 (X11; Ubuntu; Linux x86_64; rv:39.0) Gecko/20100101 Firefox/39.0','/kcfw/a/act/task/todo/','GET','',''),('d8e20e6fc7db40bfa1e47325e1e244c8','1','系统设置-系统设置-角色管理','1','2016-11-18 17:24:55','127.0.0.1','Mozilla/5.0 (X11; Ubuntu; Linux x86_64; rv:39.0) Gecko/20100101 Firefox/39.0','/kcfw/a/sys/role/','GET','',''),('d938a19679da4a52b85084e3332a3188','1','系统登录','1','2016-11-21 16:53:48','192.168.7.1','Mozilla/5.0 (Windows NT 6.1; WOW64) AppleWebKit/537.36 (KHTML, like Gecko) Chrome/54.0.2840.99 Safari/537.36','/kcfw/a/sch/patent/schPatentAgency','GET','',''),('d93a60bafa534ab0ad167f579d540d47','1','系统设置-机构用户-用户管理-查看','1','2016-11-18 17:44:11','127.0.0.1','Mozilla/5.0 (X11; Ubuntu; Linux x86_64; rv:39.0) Gecko/20100101 Firefox/39.0','/kcfw/a/sys/user/form','GET','id=12',''),('d95cba079ce648539c0aa489f44e579c','1','系统设置-机构用户-区域管理','1','2016-11-22 10:46:05','192.168.7.1','Mozilla/5.0 (Windows NT 6.1; WOW64) AppleWebKit/537.36 (KHTML, like Gecko) Chrome/54.0.2840.99 Safari/537.36','/kcfw/a/sys/area/','GET','',''),('d96f955c41d343ffbe5900c38d9f8a06','1','系统设置-系统设置-菜单管理-修改','1','2016-11-20 17:39:58','127.0.0.1','Mozilla/5.0 (X11; Ubuntu; Linux x86_64; rv:39.0) Gecko/20100101 Firefox/39.0','/kcfw/a/sys/menu/save','POST','id=d5d9045b5a9b488bb1304e18cb5ba5fd&parent.id=c0671c3c569e49c283ad38c02fbe062e&parent.name=知识产权&name=专利申报（本科生）&href=/sch/patent/schPatentUnder&target=&icon=&sort=30&isShow=1&permission=/sch/patent/schPatentUnder;&remarks=',''),('d982b1a0243243a5a27d37d447d48e5d','1','知识产权-专利申报-专利申报（本科生）','1','2016-11-21 22:53:09','192.168.7.1','Mozilla/5.0 (Windows NT 6.1; WOW64) AppleWebKit/537.36 (KHTML, like Gecko) Chrome/54.0.2840.99 Safari/537.36','/kcfw/a/sch/patent/schPatentUnder','GET','',''),('db0e58998bfc4cb0bb0d509d060e655f','1','系统设置-机构用户-用户管理-修改','1','2016-11-22 11:26:24','192.168.7.1','Mozilla/5.0 (Windows NT 6.1; WOW64) AppleWebKit/537.36 (KHTML, like Gecko) Chrome/54.0.2840.99 Safari/537.36','/kcfw/a/sys/user/save','POST','id=&photo=&company.id=8065fbd5cce349af9b4d345bcb954d34&company.name=专利机构&office.id=8065fbd5cce349af9b4d345bcb954d34&office.name=专利机构&no=123&name=123&oldLoginName=&loginName=123&newPassword=&confirmNewPassword=&email=&phone=&mobile=&loginFlag=1&userType=&roleIdList=70adf5534cc040d0abfdf2a6d5c0f8d1&_roleIdList=on&remarks=',''),('db112fcd429e4715801572f286f541a5','1','系统设置-系统设置-菜单管理-查看','1','2016-11-20 17:43:34','127.0.0.1','Mozilla/5.0 (X11; Ubuntu; Linux x86_64; rv:39.0) Gecko/20100101 Firefox/39.0','/kcfw/a/sys/menu/form','GET','id=90',''),('db249e88a50846b9a35e06915d04e37b','1','知识产权-专利申报-专利申报（本科生）','1','2016-11-20 17:49:33','127.0.0.1','Mozilla/5.0 (X11; Ubuntu; Linux x86_64; rv:39.0) Gecko/20100101 Firefox/39.0','/kcfw/a/sch/patent/schPatentUnder','GET','',''),('db9a5a2fef5d4866bc9f9dad4c9596dc','1','系统设置-机构用户-用户管理-查看','1','2016-11-22 15:38:57','192.168.7.1','Mozilla/5.0 (Windows NT 6.1; WOW64) AppleWebKit/537.36 (KHTML, like Gecko) Chrome/54.0.2840.99 Safari/537.36','/kcfw/a/sys/user/form','GET','id=3',''),('dbfaa3a18be149ac85c1b4b0702c07de','1','知识产权-专利申报-专利机构信息','5d0d8cb981504fc09195a8c28dd19cc8','2016-11-22 23:21:25','192.168.7.1','Mozilla/5.0 (Windows NT 6.1; WOW64) AppleWebKit/537.36 (KHTML, like Gecko) Chrome/54.0.2840.99 Safari/537.36','/kcfw/a/sch/patent/schPatentAgency','GET','',''),('dc2705f7ec1246048e03dd5c0a59e6e9','1','在线办公-流程管理-流程管理','1','2016-11-18 15:41:57','127.0.0.1','Mozilla/5.0 (X11; Ubuntu; Linux x86_64; rv:39.0) Gecko/20100101 Firefox/39.0','/kcfw/a/act/process','GET','',''),('dcf46fdb93be4262abb6f551ba731de3','1','系统设置-机构用户-用户管理-查看','1','2016-11-18 15:57:49','127.0.0.1','Mozilla/5.0 (X11; Ubuntu; Linux x86_64; rv:39.0) Gecko/20100101 Firefox/39.0','/kcfw/a/sys/user/list','GET','office.id=8&office.name=å¬å¸é¢å¯¼',''),('dcf6b86549db444496b9852b77b8acd8','1','系统设置-机构用户-用户管理-查看','1','2016-11-19 23:57:50','127.0.0.1','Mozilla/5.0 (X11; Ubuntu; Linux x86_64; rv:39.0) Gecko/20100101 Firefox/39.0','/kcfw/a/sys/user/list','GET','',''),('dd016873df214b15a110233a582c0f5d','1','系统登录','1','2016-11-20 17:58:30','127.0.0.1','Mozilla/5.0 (X11; Ubuntu; Linux x86_64; rv:39.0) Gecko/20100101 Firefox/39.0','/kcfw/a/oa/testAudit/','GET','',''),('dddae2ca5ecd4117aed157462b61b53b','1','在线办公-个人办公-我的任务','7','2016-11-18 17:32:10','127.0.0.1','Mozilla/5.0 (X11; Ubuntu; Linux x86_64; rv:39.0) Gecko/20100101 Firefox/39.0','/kcfw/a/act/task/todo/','GET','',''),('de1d5530d3fa48248e7cf95844163ce0','1','知识产权-专利申报-专利机构信息','1','2016-11-21 22:15:06','192.168.7.1','Mozilla/5.0 (Windows NT 6.1; WOW64) AppleWebKit/537.36 (KHTML, like Gecko) Chrome/54.0.2840.99 Safari/537.36','/kcfw/a/sch/patent/schPatentAgency','GET','',''),('de43f88a623344b8857a311c7129ef05','1','系统设置-机构用户-用户管理-查看','1','2016-11-18 15:57:59','127.0.0.1','Mozilla/5.0 (X11; Ubuntu; Linux x86_64; rv:39.0) Gecko/20100101 Firefox/39.0','/kcfw/a/sys/user/list','GET','office.id=9&office.name=ç»¼åé¨',''),('dedec28935c5477c9a0056e7eaeda570','1','知识产权-专利申报-专利机构信息','1','2016-11-21 16:28:41','192.168.7.1','Mozilla/5.0 (Windows NT 6.1; WOW64) AppleWebKit/537.36 (KHTML, like Gecko) Chrome/54.0.2840.99 Safari/537.36','/kcfw/a/sch/patent/schPatentAgency','GET','',''),('df27171c2ea74bb99752271cab2e6b0c','1','系统设置-机构用户-机构管理-查看','1','2016-11-22 15:37:05','192.168.7.1','Mozilla/5.0 (Windows NT 6.1; WOW64) AppleWebKit/537.36 (KHTML, like Gecko) Chrome/54.0.2840.99 Safari/537.36','/kcfw/a/sys/office/list','GET','id=1&parentIds=0,1,',''),('df40a5bc16af471698cdca4ba91cfed6','1','我的面板-个人信息-个人信息','1','2016-11-18 16:43:55','127.0.0.1','Mozilla/5.0 (X11; Ubuntu; Linux x86_64; rv:39.0) Gecko/20100101 Firefox/39.0','/kcfw/a/sys/user/info','GET','',''),('df5cb1e72fc34732818910a44ad7f5c3','1','代码生成-代码生成-业务表配置','1','2016-11-20 17:26:01','127.0.0.1','Mozilla/5.0 (X11; Ubuntu; Linux x86_64; rv:39.0) Gecko/20100101 Firefox/39.0','/kcfw/a/gen/genTable','GET','',''),('df96a18bf46d486d99995cdb29487b78','1','系统设置-机构用户-用户管理-修改','1','2016-11-22 11:25:57','192.168.7.1','Mozilla/5.0 (Windows NT 6.1; WOW64) AppleWebKit/537.36 (KHTML, like Gecko) Chrome/54.0.2840.99 Safari/537.36','/kcfw/a/sys/user/checkLoginName','GET','oldLoginName=testp1&loginName=testp1',''),('dffb48cb3b3c4e9b8206b66832abdd16','2','','1','2016-11-20 17:48:41','127.0.0.1','Mozilla/5.0 (X11; Ubuntu; Linux x86_64; rv:39.0) Gecko/20100101 Firefox/39.0','/kcfw/a/sch/patent/schPatentUnder/form','GET','','org.apache.jasper.JasperException: /WEB-INF/views/modules/sch/patent/schPatentUnderForm.jsp (line: 94, column: 4) \"${schPatentUnder.}\" contains invalid expression(s): javax.el.ELException: Failed to parse the expression [${schPatentUnder.}]\n	at org.apache.jasper.compiler.DefaultErrorHandler.jspError(DefaultErrorHandler.java:42)\n	at org.apache.jasper.compiler.ErrorDispatcher.dispatch(ErrorDispatcher.java:443)\n	at org.apache.jasper.compiler.ErrorDispatcher.jspError(ErrorDispatcher.java:199)\n	at org.apache.jasper.compiler.Validator$ValidateVisitor.getJspAttribute(Validator.java:1424)\n	at org.apache.jasper.compiler.Validator$ValidateVisitor.checkXmlAttributes(Validator.java:1231)\n	at org.apache.jasper.compiler.Validator$ValidateVisitor.visit(Validator.java:876)\n	at org.apache.jasper.compiler.Node$CustomTag.accept(Node.java:1553)\n	at org.apache.jasper.compiler.Node$Nodes.visit(Node.java:2392)\n	at org.apache.jasper.compiler.Node$Visitor.visitBody(Node.java:2444)\n	at org.apache.jasper.compiler.Validator$ValidateVisitor.visit(Validator.java:895)\n	at org.apache.jasper.compiler.Node$CustomTag.accept(Node.java:1553)\n	at org.apache.jasper.compiler.Node$Nodes.visit(Node.java:2392)\n	at org.apache.jasper.compiler.Node$Visitor.visitBody(Node.java:2444)\n	at org.apache.jasper.compiler.Node$Visitor.visit(Node.java:2450)\n	at org.apache.jasper.compiler.Node$Root.accept(Node.java:474)\n	at org.apache.jasper.compiler.Node$Nodes.visit(Node.java:2392)\n	at org.apache.jasper.compiler.Validator.validateExDirectives(Validator.java:1845)\n	at org.apache.jasper.compiler.Compiler.generateJava(Compiler.java:218)\n	at org.apache.jasper.compiler.Compiler.compile(Compiler.java:374)\n	at org.apache.jasper.compiler.Compiler.compile(Compiler.java:354)\n	at org.apache.jasper.compiler.Compiler.compile(Compiler.java:341)\n	at org.apache.jasper.JspCompilationContext.compile(JspCompilationContext.java:662)\n	at org.apache.jasper.servlet.JspServletWrapper.service(JspServletWrapper.java:364)\n	at org.apache.jasper.servlet.JspServlet.serviceJspFile(JspServlet.java:395)\n	at org.apache.jasper.servlet.JspServlet.service(JspServlet.java:339)\n	at javax.servlet.http.HttpServlet.service(HttpServlet.java:731)\n	at org.apache.catalina.core.ApplicationFilterChain.internalDoFilter(ApplicationFilterChain.java:303)\n	at org.apache.catalina.core.ApplicationFilterChain.doFilter(ApplicationFilterChain.java:208)\n	at org.apache.tomcat.websocket.server.WsFilter.doFilter(WsFilter.java:52)\n	at org.apache.catalina.core.ApplicationFilterChain.internalDoFilter(ApplicationFilterChain.java:241)\n	at org.apache.catalina.core.ApplicationFilterChain.doFilter(ApplicationFilterChain.java:208)\n	at org.apache.catalina.core.ApplicationDispatcher.invoke(ApplicationDispatcher.java:747)\n	at org.apache.catalina.core.ApplicationDispatcher.processRequest(ApplicationDispatcher.java:485)\n	at org.apache.catalina.core.ApplicationDispatcher.doForward(ApplicationDispatcher.java:410)\n	at org.apache.catalina.core.ApplicationDispatcher.forward(ApplicationDispatcher.java:337)\n	at org.springframework.web.servlet.view.InternalResourceView.renderMergedOutputModel(InternalResourceView.java:168)\n	at org.springframework.web.servlet.view.AbstractView.render(AbstractView.java:303)\n	at org.springframework.web.servlet.DispatcherServlet.render(DispatcherServlet.java:1243)\n	at org.springframework.web.servlet.DispatcherServlet.processDispatchResult(DispatcherServlet.java:1027)\n	at org.springframework.web.servlet.DispatcherServlet.doDispatch(DispatcherServlet.java:971)\n	at org.springframework.web.servlet.DispatcherServlet.doService(DispatcherServlet.java:893)\n	at org.springframework.web.servlet.FrameworkServlet.processRequest(FrameworkServlet.java:965)\n	at org.springframework.web.servlet.FrameworkServlet.doGet(FrameworkServlet.java:856)\n	at javax.servlet.http.HttpServlet.service(HttpServlet.java:624)\n	at org.springframework.web.servlet.FrameworkServlet.service(FrameworkServlet.java:841)\n	at javax.servlet.http.HttpServlet.service(HttpServlet.java:731)\n	at org.apache.catalina.core.ApplicationFilterChain.internalDoFilter(ApplicationFilterChain.java:303)\n	at org.apache.catalina.core.ApplicationFilterChain.doFilter(ApplicationFilterChain.java:208)\n	at org.apache.tomcat.websocket.server.WsFilter.doFilter(WsFilter.java:52)\n	at org.apache.catalina.core.ApplicationFilterChain.internalDoFilter(ApplicationFilterChain.java:241)\n	at org.apache.catalina.core.ApplicationFilterChain.doFilter(ApplicationFilterChain.java:208)\n	at com.opensymphony.sitemesh.webapp.SiteMeshFilter.obtainContent(SiteMeshFilter.java:129)\n	at com.opensymphony.sitemesh.webapp.SiteMeshFilter.doFilter(SiteMeshFilter.java:77)\n	at org.apache.catalina.core.ApplicationFilterChain.internalDoFilter(ApplicationFilterChain.java:241)\n	at org.apache.catalina.core.ApplicationFilterChain.doFilter(ApplicationFilterChain.java:208)\n	at org.apache.shiro.web.servlet.ProxiedFilterChain.doFilter(ProxiedFilterChain.java:61)\n	at org.apache.shiro.web.servlet.AdviceFilter.executeChain(AdviceFilter.java:108)\n	at org.apache.shiro.web.servlet.AdviceFilter.doFilterInternal(AdviceFilter.java:137)\n	at org.apache.shiro.web.servlet.OncePerRequestFilter.doFilter(OncePerRequestFilter.java:125)\n	at org.apache.shiro.web.servlet.ProxiedFilterChain.doFilter(ProxiedFilterChain.java:66)\n	at org.apache.shiro.web.servlet.AbstractShiroFilter.executeChain(AbstractShiroFilter.java:449)\n	at org.apache.shiro.web.servlet.AbstractShiroFilter$1.call(AbstractShiroFilter.java:365)\n	at org.apache.shiro.subject.support.SubjectCallable.doCall(SubjectCallable.java:90)\n	at org.apache.shiro.subject.support.SubjectCallable.call(SubjectCallable.java:83)\n	at org.apache.shiro.subject.support.DelegatingSubject.execute(DelegatingSubject.java:383)\n	at org.apache.shiro.web.servlet.AbstractShiroFilter.doFilterInternal(AbstractShiroFilter.java:362)\n	at org.apache.shiro.web.servlet.OncePerRequestFilter.doFilter(OncePerRequestFilter.java:125)\n	at org.springframework.web.filter.DelegatingFilterProxy.invokeDelegate(DelegatingFilterProxy.java:344)\n	at org.springframework.web.filter.DelegatingFilterProxy.doFilter(DelegatingFilterProxy.java:261)\n	at org.apache.catalina.core.ApplicationFilterChain.internalDoFilter(ApplicationFilterChain.java:241)\n	at org.apache.catalina.core.ApplicationFilterChain.doFilter(ApplicationFilterChain.java:208)\n	at org.springframework.web.filter.CharacterEncodingFilter.doFilterInternal(CharacterEncodingFilter.java:85)\n	at org.springframework.web.filter.OncePerRequestFilter.doFilter(OncePerRequestFilter.java:107)\n	at org.apache.catalina.core.ApplicationFilterChain.internalDoFilter(ApplicationFilterChain.java:241)\n	at org.apache.catalina.core.ApplicationFilterChain.doFilter(ApplicationFilterChain.java:208)\n	at org.apache.catalina.core.StandardWrapperValve.invoke(StandardWrapperValve.java:218)\n	at org.apache.catalina.core.StandardContextValve.invoke(StandardContextValve.java:122)\n	at org.apache.catalina.authenticator.AuthenticatorBase.invoke(AuthenticatorBase.java:505)\n	at org.apache.catalina.core.StandardHostValve.invoke(StandardHostValve.java:169)\n	at org.apache.catalina.valves.ErrorReportValve.invoke(ErrorReportValve.java:103)\n	at org.apache.catalina.valves.AccessLogValve.invoke(AccessLogValve.java:956)\n	at org.apache.catalina.core.StandardEngineValve.invoke(StandardEngineValve.java:116)\n	at org.apache.catalina.connector.CoyoteAdapter.service(CoyoteAdapter.java:442)\n	at org.apache.coyote.http11.AbstractHttp11Processor.process(AbstractHttp11Processor.java:1082)\n	at org.apache.coyote.AbstractProtocol$AbstractConnectionHandler.process(AbstractProtocol.java:623)\n	at org.apache.tomcat.util.net.JIoEndpoint$SocketProcessor.run(JIoEndpoint.java:316)\n	at java.util.concurrent.ThreadPoolExecutor.runWorker(ThreadPoolExecutor.java:1142)\n	at java.util.concurrent.ThreadPoolExecutor$Worker.run(ThreadPoolExecutor.java:617)\n	at org.apache.tomcat.util.threads.TaskThread$WrappingRunnable.run(TaskThread.java:61)\n	at java.lang.Thread.run(Thread.java:745)\n'),('e01c84ebadfd4e309bbaadde7d947832','1','系统设置-机构用户-用户管理-查看','1','2016-11-22 23:15:30','192.168.7.1','Mozilla/5.0 (Windows NT 6.1; WOW64) AppleWebKit/537.36 (KHTML, like Gecko) Chrome/54.0.2840.99 Safari/537.36','/kcfw/a/sys/user/list','GET','',''),('e02aa7c8889549c797fa0236fdfecd48','1','在线办公-通知通告-我的通告','1','2016-11-19 23:57:08','127.0.0.1','Mozilla/5.0 (X11; Ubuntu; Linux x86_64; rv:39.0) Gecko/20100101 Firefox/39.0','/kcfw/a/oa/oaNotify/self','GET','',''),('e075e38c5e554649ae8949bd1bb998ca','1','知识产权-专利申报-专利机构信息','1','2016-11-21 22:54:26','192.168.7.1','Mozilla/5.0 (Windows NT 6.1; WOW64) AppleWebKit/537.36 (KHTML, like Gecko) Chrome/54.0.2840.99 Safari/537.36','/kcfw/a/sch/patent/schPatentAgency','GET','',''),('e0b2b4269d6640339d51626b044f7f90','1','在线办公-流程管理-流程管理','1','2016-11-18 15:25:25','127.0.0.1','Mozilla/5.0 (X11; Ubuntu; Linux x86_64; rv:39.0) Gecko/20100101 Firefox/39.0','/kcfw/a/act/process','GET','',''),('e14f4b5c3a8144b38d7e8bb08330ff9e','1','系统设置-机构用户-用户管理-查看','1','2016-11-18 15:53:58','127.0.0.1','Mozilla/5.0 (X11; Ubuntu; Linux x86_64; rv:39.0) Gecko/20100101 Firefox/39.0','/kcfw/a/sys/user/list','GET','',''),('e16d349345de4040beb4f9d53c691585','1','系统设置-系统设置-菜单管理-查看','1','2016-11-22 14:46:04','192.168.7.1','Mozilla/5.0 (Windows NT 6.1; WOW64) AppleWebKit/537.36 (KHTML, like Gecko) Chrome/54.0.2840.99 Safari/537.36','/kcfw/a/sys/menu/form','GET','id=66d88f0287b741fcb251aef20e68611f',''),('e192d68a22ed4ca48d99ca827a199e8e','1','系统设置-系统设置-菜单管理','1','2016-11-20 17:37:24','127.0.0.1','Mozilla/5.0 (X11; Ubuntu; Linux x86_64; rv:39.0) Gecko/20100101 Firefox/39.0','/kcfw/a/sys/menu/','GET','',''),('e227a8c90b4b4a35ad6f4dcfb15a51f1','1','系统设置-机构用户-用户管理-查看','1','2016-11-18 15:42:39','127.0.0.1','Mozilla/5.0 (X11; Ubuntu; Linux x86_64; rv:39.0) Gecko/20100101 Firefox/39.0','/kcfw/a/sys/user/form','GET','id=36ba3cc834ad4fa9a00cea224296b154',''),('e2a179a633434e768aea821cf0f36c8e','1','知识产权-专利申报-专利申报（本科生）','1','2016-11-20 17:47:11','127.0.0.1','Mozilla/5.0 (X11; Ubuntu; Linux x86_64; rv:39.0) Gecko/20100101 Firefox/39.0','/kcfw/a/sch/patent/schPatentUnder','GET','',''),('e2c7fdfc71334410a56a2e8506667687','1','系统设置-系统设置-菜单管理-修改','1','2016-11-21 16:28:20','192.168.7.1','Mozilla/5.0 (Windows NT 6.1; WOW64) AppleWebKit/537.36 (KHTML, like Gecko) Chrome/54.0.2840.99 Safari/537.36','/kcfw/a/sys/menu/save','POST','id=87b299fd957841e7ade7b220183dcc58&parent.id=d5d9045b5a9b488bb1304e18cb5ba5fd&parent.name=专利申报&name=专利机构信息&href=/sch/patent/schPatentAgency&target=&icon=&sort=10&isShow=1&permission=sch:patent:schPatentAgency:view,sch:patent:schPatentAgency:edit&remarks=',''),('e358f812def54f0fa0b8c5664eef0add','1','代码生成-代码生成-生成方案配置','1','2016-11-21 16:16:04','192.168.7.1','Mozilla/5.0 (Windows NT 6.1; WOW64) AppleWebKit/537.36 (KHTML, like Gecko) Chrome/54.0.2840.99 Safari/537.36','/kcfw/a/gen/genScheme','GET','',''),('e36e86e20b2844e89e35515cacb0cbb7','1','系统设置-机构用户-机构管理-查看','1','2016-11-18 15:53:55','127.0.0.1','Mozilla/5.0 (X11; Ubuntu; Linux x86_64; rv:39.0) Gecko/20100101 Firefox/39.0','/kcfw/a/sys/office/list','GET','id=&parentIds=',''),('e4a3a5def5e54c2ead649633c26d377c','1','系统设置-机构用户-用户管理-修改','1','2016-11-22 15:39:03','192.168.7.1','Mozilla/5.0 (Windows NT 6.1; WOW64) AppleWebKit/537.36 (KHTML, like Gecko) Chrome/54.0.2840.99 Safari/537.36','/kcfw/a/sys/user/checkLoginName','GET','oldLoginName=sd_zhb&loginName=sd_zhb',''),('e570fa8842ff470ab6be299f8fde855f','1','系统登录','1','2016-11-20 17:10:41','127.0.0.1','Mozilla/5.0 (X11; Ubuntu; Linux x86_64; rv:39.0) Gecko/20100101 Firefox/39.0','/kcfw/a','GET','login=',''),('e5850edf4cc0462988185d5dfc014807','1','在线办公-个人办公-我的任务','1','2016-11-18 17:41:28','127.0.0.1','Mozilla/5.0 (X11; Ubuntu; Linux x86_64; rv:39.0) Gecko/20100101 Firefox/39.0','/kcfw/a/act/task/todo/','GET','',''),('e58902a4be40453b9392e968ebadbe8c','1','知识产权-专利申报-专利机构信息','a4503bc102414accb576d9eeb3383358','2016-11-22 11:30:37','192.168.7.1','Mozilla/5.0 (Windows NT 6.1; WOW64) AppleWebKit/537.36 (KHTML, like Gecko) Chrome/54.0.2840.99 Safari/537.36','/kcfw/a/sch/patent/schPatentAgency','GET','',''),('e65d0808e28c46b29f50634623fa42ea','1','知识产权-专利申报-专利申报管理','1','2016-11-22 15:24:45','192.168.7.1','Mozilla/5.0 (Windows NT 6.1; WOW64) AppleWebKit/537.36 (KHTML, like Gecko) Chrome/54.0.2840.99 Safari/537.36','/kcfw/a/sch/patent/schPatentUnder','GET','',''),('e6b7ed4761e84b84a29ec90ec4e364e6','1','系统设置-机构用户-用户管理-查看','1','2016-11-22 11:38:58','192.168.7.1','Mozilla/5.0 (Windows NT 6.1; WOW64) AppleWebKit/537.36 (KHTML, like Gecko) Chrome/54.0.2840.99 Safari/537.36','/kcfw/a/sys/user/list','GET','',''),('e6c542c16f0c41a58bee3dbeb4378d6e','1','我的面板-个人信息-个人信息','1','2016-11-22 11:38:56','192.168.7.1','Mozilla/5.0 (Windows NT 6.1; WOW64) AppleWebKit/537.36 (KHTML, like Gecko) Chrome/54.0.2840.99 Safari/537.36','/kcfw/a/sys/user/info','GET','',''),('e7058a29504047e49bf3de14f456da9a','1','知识产权-专利申报-专利机构信息','1','2016-11-21 23:03:49','192.168.7.1','Mozilla/5.0 (Windows NT 6.1; WOW64) AppleWebKit/537.36 (KHTML, like Gecko) Chrome/54.0.2840.99 Safari/537.36','/kcfw/a/sch/patent/schPatentAgency','GET','',''),('e7526d7f3371478d8e855b7e9f206dee','1','系统登录','1','2016-11-20 17:43:07','127.0.0.1','Mozilla/5.0 (X11; Ubuntu; Linux x86_64; rv:39.0) Gecko/20100101 Firefox/39.0','/kcfw/a','GET','login=',''),('e77e6273058c4942947b93515e887a32','1','知识产权-专利申报-专利申报管理','1','2016-11-22 16:45:28','192.168.7.1','Mozilla/5.0 (Windows NT 6.1; WOW64) AppleWebKit/537.36 (KHTML, like Gecko) Chrome/54.0.2840.99 Safari/537.36','/kcfw/a/sch/patent/schPatentUnder','GET','',''),('e7efa91cfe52472791a4adba326dc179','1','知识产权-专利申报-专利机构信息','1','2016-11-22 11:32:34','192.168.7.1','Mozilla/5.0 (Windows NT 6.1; WOW64) AppleWebKit/537.36 (KHTML, like Gecko) Chrome/54.0.2840.99 Safari/537.36','/kcfw/a/sch/patent/schPatentAgency','GET','',''),('e8415915186748a18dbdd9533c7ff753','1','系统设置-机构用户-用户管理-查看','1','2016-11-20 17:46:03','127.0.0.1','Mozilla/5.0 (X11; Ubuntu; Linux x86_64; rv:39.0) Gecko/20100101 Firefox/39.0','/kcfw/a/sys/user/list','GET','',''),('e87335acddcb42a4b1ce091f637eec45','1','在线办公-个人办公-审批测试','36ba3cc834ad4fa9a00cea224296b154','2016-11-18 17:29:17','127.0.0.1','Mozilla/5.0 (X11; Ubuntu; Linux x86_64; rv:39.0) Gecko/20100101 Firefox/39.0','/kcfw/a/oa/testAudit','GET','',''),('e920a9d2c05c457e8174f0dca2e1863f','1','在线办公-个人办公-我的任务','7','2016-11-18 17:40:35','127.0.0.1','Mozilla/5.0 (X11; Ubuntu; Linux x86_64; rv:39.0) Gecko/20100101 Firefox/39.0','/kcfw/a/act/task/todo/','GET','',''),('e930e44f775841a5bac19f6e651711de','1','系统登录','5d0d8cb981504fc09195a8c28dd19cc8','2016-11-22 13:01:18','192.168.7.1','Mozilla/5.0 (Windows NT 6.1; WOW64) AppleWebKit/537.36 (KHTML, like Gecko) Chrome/54.0.2840.99 Safari/537.36','/kcfw/a','GET','login=',''),('e98f7e7afa4d42b7aabf9e611bf4c5fe','1','我的面板-个人信息-个人信息','1','2016-11-22 14:45:16','192.168.7.1','Mozilla/5.0 (Windows NT 6.1; WOW64) AppleWebKit/537.36 (KHTML, like Gecko) Chrome/54.0.2840.99 Safari/537.36','/kcfw/a/sys/user/info','GET','',''),('e9a60daf688a4c40af20981cd902ce76','1','知识产权-专利申报-专利申报（本科生）','1','2016-11-20 18:17:32','127.0.0.1','Mozilla/5.0 (X11; Ubuntu; Linux x86_64; rv:39.0) Gecko/20100101 Firefox/39.0','/kcfw/a/sch/patent/schPatentUnder','GET','',''),('ea1fd5bad2fb42afb1385c629dba02b7','1','系统登录','1','2016-11-22 23:08:53','192.168.7.1','Mozilla/5.0 (Windows NT 6.1; WOW64) AppleWebKit/537.36 (KHTML, like Gecko) Chrome/54.0.2840.99 Safari/537.36','/kcfw/a','GET','login=',''),('ea456b0b6e174d1dafcf55c7a1939b5e','1','系统设置-机构用户-机构管理-修改','1','2016-11-22 15:37:05','192.168.7.1','Mozilla/5.0 (Windows NT 6.1; WOW64) AppleWebKit/537.36 (KHTML, like Gecko) Chrome/54.0.2840.99 Safari/537.36','/kcfw/a/sys/office/save','POST','id=3&parent.id=1&parent.name=厦门理工学院&area.id=2&area.name=福建省&name=研究生学院&code=100002&type=2&grade=1&useable=1&primaryPerson.id=&office.primaryPerson.name=&deputyPerson.id=&office.deputyPerson.name=&address=&zipCode=&master=&phone=&fax=&email=&remarks=',''),('ea501c8f74284f969394fec605a4e04d','1','系统登录','1','2016-11-18 16:31:25','127.0.0.1','Mozilla/5.0 (X11; Ubuntu; Linux x86_64; rv:39.0) Gecko/20100101 Firefox/39.0','/kcfw/a','GET','login=',''),('ea6096565f0c4fa387643fdfbff259ff','1','系统登录','1','2016-11-18 17:12:23','127.0.0.1','Mozilla/5.0 (X11; Ubuntu; Linux x86_64; rv:39.0) Gecko/20100101 Firefox/39.0','/kcfw/a/act/model','GET','',''),('eaa3a81465774a9b8a4da8965add3365','1','系统设置-机构用户-用户管理','1','2016-11-18 15:20:17','127.0.0.1','Mozilla/5.0 (X11; Ubuntu; Linux x86_64; rv:39.0) Gecko/20100101 Firefox/39.0','/kcfw/a/sys/user/index','GET','',''),('eaa8da7f76654d01b244a91f7d5fdd02','1','在线办公-流程管理-模型管理','1','2016-11-18 15:36:14','127.0.0.1','Mozilla/5.0 (X11; Ubuntu; Linux x86_64; rv:39.0) Gecko/20100101 Firefox/39.0','/kcfw/a/act/model','GET','',''),('ed1a93d735dd476b96823a76f3e6bb67','1','系统设置-机构用户-用户管理-修改','1','2016-11-22 15:39:12','192.168.7.1','Mozilla/5.0 (Windows NT 6.1; WOW64) AppleWebKit/537.36 (KHTML, like Gecko) Chrome/54.0.2840.99 Safari/537.36','/kcfw/a/sys/user/checkLoginName','GET','oldLoginName=sd_scb&loginName=sd_scb',''),('ed247afa6eb447388693d8138ef80b47','1','在线办公-通知通告-我的通告','1','2016-11-18 17:29:57','127.0.0.1','Mozilla/5.0 (X11; Ubuntu; Linux x86_64; rv:39.0) Gecko/20100101 Firefox/39.0','/kcfw/a/oa/oaNotify/self','GET','',''),('ed60571aa28b46a5a5f2b7924640f1d7','1','在线办公-流程管理-流程管理','1','2016-11-18 17:12:26','127.0.0.1','Mozilla/5.0 (X11; Ubuntu; Linux x86_64; rv:39.0) Gecko/20100101 Firefox/39.0','/kcfw/a/act/process','GET','',''),('ed85e469f8624c9d9b176ec631226c97','1','系统登录','1','2016-11-20 18:20:04','192.168.7.1','Mozilla/5.0 (Windows NT 6.1; WOW64) AppleWebKit/537.36 (KHTML, like Gecko) Chrome/54.0.2840.99 Safari/537.36','/kcfw/a/sch/patent/schPatentUnder/','GET','',''),('ed9e998bc0e646159356b7d4004b6a13','1','系统设置-机构用户-用户管理-查看','1','2016-11-22 11:25:42','192.168.7.1','Mozilla/5.0 (Windows NT 6.1; WOW64) AppleWebKit/537.36 (KHTML, like Gecko) Chrome/54.0.2840.99 Safari/537.36','/kcfw/a/sys/user/form','GET','id=10',''),('edd9047dc9ec4e7491ecb6cd9c11cbcd','1','知识产权-专利申报-专利机构信息','3950253782ae438d9c402bbd3abfe1e2','2016-11-22 11:33:07','192.168.7.1','Mozilla/5.0 (Windows NT 6.1; WOW64) AppleWebKit/537.36 (KHTML, like Gecko) Chrome/54.0.2840.99 Safari/537.36','/kcfw/a/sch/patent/schPatentAgency','GET','',''),('ee4afc572d2c455b89e5f3a45841c60e','1','系统设置-机构用户-用户管理-修改','1','2016-11-22 11:32:47','192.168.7.1','Mozilla/5.0 (Windows NT 6.1; WOW64) AppleWebKit/537.36 (KHTML, like Gecko) Chrome/54.0.2840.99 Safari/537.36','/kcfw/a/sys/user/checkLoginName','GET','oldLoginName=testp1&loginName=testp1',''),('ee61f3511da6493daa14aaf1df82fd2a','1','系统设置-机构用户-用户管理','1','2016-11-21 16:23:59','192.168.7.1','Mozilla/5.0 (Windows NT 6.1; WOW64) AppleWebKit/537.36 (KHTML, like Gecko) Chrome/54.0.2840.99 Safari/537.36','/kcfw/a/sys/user/index','GET','',''),('eed2e0acdf7447518e3faf16c2ea4b1b','1','在线办公-通知通告-我的通告','1','2016-11-18 17:10:47','127.0.0.1','Mozilla/5.0 (X11; Ubuntu; Linux x86_64; rv:39.0) Gecko/20100101 Firefox/39.0','/kcfw/a/oa/oaNotify/self','GET','',''),('ef22b6ac784f4634b8952359f80960e0','1','系统设置-系统设置-字典管理','1','2016-11-20 00:09:55','127.0.0.1','Mozilla/5.0 (X11; Ubuntu; Linux x86_64; rv:39.0) Gecko/20100101 Firefox/39.0','/kcfw/a/sys/dict/','GET','repage=&type=PATENT_TYPE',''),('ef6de2638b9a44aeabaaaa6d39bde582','1','系统设置-系统设置-字典管理-修改','1','2016-11-20 17:13:47','127.0.0.1','Mozilla/5.0 (X11; Ubuntu; Linux x86_64; rv:39.0) Gecko/20100101 Firefox/39.0','/kcfw/a/sys/dict/save','POST','id=&value=3&label=校外&type=INVENTOR_TYPE&description=发明人类型&sort=30&remarks=',''),('efb067930fe648aa823564b13f787895','1','在线办公-个人办公-请假办理-查看','1','2016-11-18 16:50:52','127.0.0.1','Mozilla/5.0 (X11; Ubuntu; Linux x86_64; rv:39.0) Gecko/20100101 Firefox/39.0','/kcfw/a/oa/leave/','GET','',''),('efb2800a72bf4fafb080da8112d7fe5c','1','系统设置-机构用户-用户管理-修改','1','2016-11-18 15:42:43','127.0.0.1','Mozilla/5.0 (X11; Ubuntu; Linux x86_64; rv:39.0) Gecko/20100101 Firefox/39.0','/kcfw/a/sys/user/checkLoginName','GET','oldLoginName=thinkgem&loginName=thinkgem',''),('f03c08411cf0461d823fd6232dd5b2ac','1','系统登录','1','2016-11-21 22:53:02','192.168.7.1','Mozilla/5.0 (Windows NT 6.1; WOW64) AppleWebKit/537.36 (KHTML, like Gecko) Chrome/54.0.2840.99 Safari/537.36','/kcfw/a/sch/patent/schPatentUnder','GET','',''),('f095fae5dbfe44c6b18a4ba4bd31aec5','1','系统设置-机构用户-用户管理','1','2016-11-21 22:10:09','192.168.7.1','Mozilla/5.0 (Windows NT 6.1; WOW64) AppleWebKit/537.36 (KHTML, like Gecko) Chrome/54.0.2840.99 Safari/537.36','/kcfw/a/sys/user/index','GET','',''),('f098b3c3a2554702b457b934831a7f1d','1','在线办公-流程管理-模型管理','1','2016-11-18 17:12:23','127.0.0.1','Mozilla/5.0 (X11; Ubuntu; Linux x86_64; rv:39.0) Gecko/20100101 Firefox/39.0','/kcfw/a/act/model','GET','',''),('f132702cbaf04c7c8ed6644fb29e08d1','1','系统设置-机构用户-机构管理-查看','1','2016-11-19 23:45:18','127.0.0.1','Mozilla/5.0 (X11; Ubuntu; Linux x86_64; rv:39.0) Gecko/20100101 Firefox/39.0','/kcfw/a/sys/office/form','GET','parent.id=',''),('f25c37ebcc054f8593121b34e0df0228','1','系统登录','36ba3cc834ad4fa9a00cea224296b154','2016-11-18 17:29:13','127.0.0.1','Mozilla/5.0 (X11; Ubuntu; Linux x86_64; rv:39.0) Gecko/20100101 Firefox/39.0','/kcfw/a','GET','login=',''),('f2cd6d5df368483781b94566224cae99','1','在线办公-个人办公-审批测试','1','2016-11-18 17:25:59','127.0.0.1','Mozilla/5.0 (X11; Ubuntu; Linux x86_64; rv:39.0) Gecko/20100101 Firefox/39.0','/kcfw/a/oa/testAudit','GET','',''),('f2fa3b1c5be142f9ad238b40d8f940de','1','知识产权-专利申报-专利机构信息','1','2016-11-22 11:23:49','192.168.7.1','Mozilla/5.0 (Windows NT 6.1; WOW64) AppleWebKit/537.36 (KHTML, like Gecko) Chrome/54.0.2840.99 Safari/537.36','/kcfw/a/sch/patent/schPatentAgency','GET','',''),('f30c14c4e4ce4f2ebdf30917546feb37','1','系统登录','1','2016-11-20 23:43:21','127.0.0.1','Mozilla/5.0 (X11; Ubuntu; Linux x86_64; rv:39.0) Gecko/20100101 Firefox/39.0','/kcfw/a/tag/treeselect','GET','url=/sys/office/treeData?type=3&module=&checked=&extId=&isAll=&___t0.009886401228002328=',''),('f3357b0fda7a42f1b50c2d8257771ce1','1','系统设置-系统设置-字典管理-查看','1','2016-11-20 17:13:39','127.0.0.1','Mozilla/5.0 (X11; Ubuntu; Linux x86_64; rv:39.0) Gecko/20100101 Firefox/39.0','/kcfw/a/sys/dict/form','GET','description=发明人类型&type=INVENTOR_TYPE&sort=30',''),('f345f7e1fb7643bcb365ac578256eb01','1','系统设置-系统设置-字典管理-查看','1','2016-11-20 00:10:22','127.0.0.1','Mozilla/5.0 (X11; Ubuntu; Linux x86_64; rv:39.0) Gecko/20100101 Firefox/39.0','/kcfw/a/sys/dict/form','GET','description=专利类型&type=PATENT_TYPE&sort=20',''),('f3ad410339db4bec9a6bb476a225a741','1','在线办公-流程管理-流程管理','1','2016-11-18 17:27:24','127.0.0.1','Mozilla/5.0 (X11; Ubuntu; Linux x86_64; rv:39.0) Gecko/20100101 Firefox/39.0','/kcfw/a/act/process','GET','',''),('f3fe2049527c4ca7a39427aa86de8e59','1','在线办公-通知通告-我的通告','36ba3cc834ad4fa9a00cea224296b154','2016-11-18 15:42:51','127.0.0.1','Mozilla/5.0 (X11; Ubuntu; Linux x86_64; rv:39.0) Gecko/20100101 Firefox/39.0','/kcfw/a/oa/oaNotify/self','GET','',''),('f411cd363101468db7a8878f3405e5c0','1','在线办公-个人办公-我的任务','1','2016-11-18 15:42:05','127.0.0.1','Mozilla/5.0 (X11; Ubuntu; Linux x86_64; rv:39.0) Gecko/20100101 Firefox/39.0','/kcfw/a/act/task/todo/','GET','',''),('f4213051cb0c4e34a85c3fcf27c35449','1','系统设置-机构用户-用户管理-查看','1','2016-11-22 15:38:51','192.168.7.1','Mozilla/5.0 (Windows NT 6.1; WOW64) AppleWebKit/537.36 (KHTML, like Gecko) Chrome/54.0.2840.99 Safari/537.36','/kcfw/a/sys/user/list','GET','repage=',''),('f4533149c7964f3d90a3ec53476f77a3','1','系统设置-机构用户-用户管理-修改','1','2016-11-22 11:26:19','192.168.7.1','Mozilla/5.0 (Windows NT 6.1; WOW64) AppleWebKit/537.36 (KHTML, like Gecko) Chrome/54.0.2840.99 Safari/537.36','/kcfw/a/sys/user/checkLoginName','GET','oldLoginName=&loginName=123',''),('f4fe09f7f7f043e4b2e7e25c84346547','1','系统设置-机构用户-机构管理-查看','1','2016-11-22 10:46:31','192.168.7.1','Mozilla/5.0 (Windows NT 6.1; WOW64) AppleWebKit/537.36 (KHTML, like Gecko) Chrome/54.0.2840.99 Safari/537.36','/kcfw/a/sys/office/form','GET','parent.id=',''),('f52b60191794414e99b2a846cc1d238d','1','在线办公-流程管理-流程管理','1','2016-11-18 15:42:01','127.0.0.1','Mozilla/5.0 (X11; Ubuntu; Linux x86_64; rv:39.0) Gecko/20100101 Firefox/39.0','/kcfw/a/act/process','GET','',''),('f5b95acec7eb47c9aa4bc798a04114bd','1','系统设置-机构用户-用户管理-查看','1','2016-11-22 11:25:51','192.168.7.1','Mozilla/5.0 (Windows NT 6.1; WOW64) AppleWebKit/537.36 (KHTML, like Gecko) Chrome/54.0.2840.99 Safari/537.36','/kcfw/a/sys/user/form','GET','id=3950253782ae438d9c402bbd3abfe1e2',''),('f5fb12d53b7646bfb32d7d250267cc1b','1','知识产权-专利申报-专利申报（本科生）','1','2016-11-20 18:19:02','127.0.0.1','Mozilla/5.0 (X11; Ubuntu; Linux x86_64; rv:39.0) Gecko/20100101 Firefox/39.0','/kcfw/a/sch/patent/schPatentUnder','GET','',''),('f621a133b21f48c2a4ed5a2061658a45','1','系统设置-机构用户-机构管理-修改','1','2016-11-22 10:47:03','192.168.7.1','Mozilla/5.0 (Windows NT 6.1; WOW64) AppleWebKit/537.36 (KHTML, like Gecko) Chrome/54.0.2840.99 Safari/537.36','/kcfw/a/sys/office/save','POST','id=&parent.id=&parent.name=&area.id=2&area.name=福建省&name=专利机构&code=&type=1&grade=1&useable=1&primaryPerson.id=&office.primaryPerson.name=&deputyPerson.id=&office.deputyPerson.name=&address=&zipCode=&master=&phone=&fax=&email=&remarks=&_childDeptList=on',''),('f6518f719dbf4233aec12868205b8023','1','系统设置-系统设置-字典管理','1','2016-11-20 17:13:48','127.0.0.1','Mozilla/5.0 (X11; Ubuntu; Linux x86_64; rv:39.0) Gecko/20100101 Firefox/39.0','/kcfw/a/sys/dict/','GET','repage=&type=INVENTOR_TYPE',''),('f65586822e4d43c6af1c26ab8e4bdc6a','1','系统设置-系统设置-角色管理','1','2016-11-21 22:12:25','192.168.7.1','Mozilla/5.0 (Windows NT 6.1; WOW64) AppleWebKit/537.36 (KHTML, like Gecko) Chrome/54.0.2840.99 Safari/537.36','/kcfw/a/sys/role/','GET','',''),('f65d3ed2cf504e7bba5f6b99ed492144','1','我的面板-个人信息-个人信息','1','2016-11-18 16:47:35','127.0.0.1','Mozilla/5.0 (X11; Ubuntu; Linux x86_64; rv:39.0) Gecko/20100101 Firefox/39.0','/kcfw/a/sys/user/info','GET','',''),('f6bb865fc45d45b68a6bca9724e245c1','1','在线办公-个人办公-审批测试','1','2016-11-18 17:48:48','127.0.0.1','Mozilla/5.0 (X11; Ubuntu; Linux x86_64; rv:39.0) Gecko/20100101 Firefox/39.0','/kcfw/a/oa/testAudit','GET','',''),('f6c3eb06a1614581a8459005210bcb96','1','系统设置-机构用户-用户管理-查看','1','2016-11-18 17:31:23','127.0.0.1','Mozilla/5.0 (X11; Ubuntu; Linux x86_64; rv:39.0) Gecko/20100101 Firefox/39.0','/kcfw/a/sys/user/form','GET','id=7',''),('f6cf5fa9931f48f88602673f387f032c','1','知识产权-专利申报-专利机构信息','3950253782ae438d9c402bbd3abfe1e2','2016-11-22 11:32:54','192.168.7.1','Mozilla/5.0 (Windows NT 6.1; WOW64) AppleWebKit/537.36 (KHTML, like Gecko) Chrome/54.0.2840.99 Safari/537.36','/kcfw/a/sch/patent/schPatentAgency','GET','',''),('f761cae891f849dba7ff44c6c1f6548d','1','知识产权-专利申报-专利机构信息','1','2016-11-22 22:58:57','192.168.7.1','Mozilla/5.0 (Windows NT 6.1; WOW64) AppleWebKit/537.36 (KHTML, like Gecko) Chrome/54.0.2840.99 Safari/537.36','/kcfw/a/sch/patent/schPatentAgency','GET','',''),('f76ac70892d847229703e8cf38821d29','1','系统登录','1','2016-11-18 16:24:49','127.0.0.1','Mozilla/5.0 (X11; Ubuntu; Linux x86_64; rv:39.0) Gecko/20100101 Firefox/39.0','/kcfw/a/sys/user/list','GET','office.id=3&office.name=ç»¼åé¨',''),('f7ef3c61b6194f75acf73c8fc589b3c8','1','知识产权-专利申报-专利机构信息','1','2016-11-22 16:44:33','192.168.7.1','Mozilla/5.0 (Windows NT 6.1; WOW64) AppleWebKit/537.36 (KHTML, like Gecko) Chrome/54.0.2840.99 Safari/537.36','/kcfw/a/sch/patent/schPatentAgency','GET','',''),('f871faa343814e0c9dcfadb039504aa1','1','系统设置-机构用户-用户管理-修改','1','2016-11-22 15:40:07','192.168.7.1','Mozilla/5.0 (Windows NT 6.1; WOW64) AppleWebKit/537.36 (KHTML, like Gecko) Chrome/54.0.2840.99 Safari/537.36','/kcfw/a/sys/user/save','POST','id=6&photo=&company.id=1&company.name=厦门理工学院&office.id=6&office.name=商学院&no=sxy&name=研发部&oldLoginName=sd_yfb&loginName=sd_yfb&newPassword=&confirmNewPassword=&email=&phone=&mobile=&loginFlag=1&userType=&roleIdList=5&_roleIdList=on&remarks=',''),('f88b7961b24e4b9880679c5ef41de4d7','1','知识产权-专利申报-专利机构信息','1','2016-11-21 22:53:09','192.168.7.1','Mozilla/5.0 (Windows NT 6.1; WOW64) AppleWebKit/537.36 (KHTML, like Gecko) Chrome/54.0.2840.99 Safari/537.36','/kcfw/a/sch/patent/schPatentAgency','GET','',''),('f8af024634ce40a88491948d97e4202d','1','我的面板-个人信息-个人信息','1','2016-11-22 23:14:54','192.168.7.1','Mozilla/5.0 (Windows NT 6.1; WOW64) AppleWebKit/537.36 (KHTML, like Gecko) Chrome/54.0.2840.99 Safari/537.36','/kcfw/a/sys/user/info','GET','',''),('f8e1d14068644082af3951d97398bd76','1','我的面板-个人信息-个人信息','1','2016-11-21 23:03:46','192.168.7.1','Mozilla/5.0 (Windows NT 6.1; WOW64) AppleWebKit/537.36 (KHTML, like Gecko) Chrome/54.0.2840.99 Safari/537.36','/kcfw/a/sys/user/info','GET','',''),('f8ea1be4f89849a3a03d67700c0c86ab','1','系统登录','1','2016-11-18 17:24:36','127.0.0.1','Mozilla/5.0 (X11; Ubuntu; Linux x86_64; rv:39.0) Gecko/20100101 Firefox/39.0','/kcfw/act/service/model/c590bf8e1f2042a2a92447586a773fe6/json','GET','',''),('f919611d7dbc44dda4961d53f890a0c1','1','系统登录','1','2016-11-20 17:40:50','127.0.0.1','Mozilla/5.0 (X11; Ubuntu; Linux x86_64; rv:39.0) Gecko/20100101 Firefox/39.0','/kcfw/a','GET','login=',''),('f95a64f18a5545188fd61115fa0d0ef0','1','在线办公-个人办公-请假办理-查看','1','2016-11-18 16:49:19','127.0.0.1','Mozilla/5.0 (X11; Ubuntu; Linux x86_64; rv:39.0) Gecko/20100101 Firefox/39.0','/kcfw/a/oa/leave/form','GET','',''),('fa23c70695af421d93229801557cc45d','1','系统设置-机构用户-用户管理-查看','1','2016-11-22 15:36:14','192.168.7.1','Mozilla/5.0 (Windows NT 6.1; WOW64) AppleWebKit/537.36 (KHTML, like Gecko) Chrome/54.0.2840.99 Safari/537.36','/kcfw/a/sys/user/list','GET','',''),('fa6b6f76dfec46fc93b3f201e056ce36','1','系统设置-系统设置-字典管理-修改','1','2016-11-22 15:13:44','192.168.7.1','Mozilla/5.0 (Windows NT 6.1; WOW64) AppleWebKit/537.36 (KHTML, like Gecko) Chrome/54.0.2840.99 Safari/537.36','/kcfw/a/sys/dict/save','POST','id=&value=4&label=验证通过&type=PATENT_STATUS&description=专利申请状态&sort=40&remarks=',''),('fae0b2620ab94618981f7013109b3a27','1','我的面板-个人信息-个人信息','1','2016-11-20 18:20:58','192.168.7.1','Mozilla/5.0 (Windows NT 6.1; WOW64) AppleWebKit/537.36 (KHTML, like Gecko) Chrome/54.0.2840.99 Safari/537.36','/kcfw/a/sys/user/info','GET','',''),('fb03df17a71744bbb00602370ef88f69','1','系统登录','1','2016-11-18 17:44:03','127.0.0.1','Mozilla/5.0 (X11; Ubuntu; Linux x86_64; rv:39.0) Gecko/20100101 Firefox/39.0','/kcfw/a','GET','login=',''),('fc1d5f6185ee4c05a44cd4832236d985','1','代码生成-代码生成-业务表配置','1','2016-11-20 00:05:03','127.0.0.1','Mozilla/5.0 (X11; Ubuntu; Linux x86_64; rv:39.0) Gecko/20100101 Firefox/39.0','/kcfw/a/gen/genTable','GET','',''),('fc70500ee6094679bd4289ed7c636552','1','系统设置-机构用户-用户管理','1','2016-11-18 16:19:09','127.0.0.1','Mozilla/5.0 (X11; Ubuntu; Linux x86_64; rv:39.0) Gecko/20100101 Firefox/39.0','/kcfw/a/sys/user/index','GET','',''),('fcc91fc8179046f2a34273bf1ea51b95','1','知识产权-专利申报-专利申报（本科生）','1','2016-11-21 16:28:21','192.168.7.1','Mozilla/5.0 (Windows NT 6.1; WOW64) AppleWebKit/537.36 (KHTML, like Gecko) Chrome/54.0.2840.99 Safari/537.36','/kcfw/a/sch/patent/schPatentUnder','GET','',''),('fcf81fa7680d44a6ab6673896dc1c708','1','系统登录','1','2016-11-18 15:19:03','127.0.0.1','Mozilla/5.0 (X11; Ubuntu; Linux x86_64; rv:39.0) Gecko/20100101 Firefox/39.0','/kcfw/a','GET','login=',''),('fd2c01a44cc94277955598208c9deea3','1','系统设置-机构用户-用户管理','1','2016-11-21 22:16:46','192.168.7.1','Mozilla/5.0 (Windows NT 6.1; WOW64) AppleWebKit/537.36 (KHTML, like Gecko) Chrome/54.0.2840.99 Safari/537.36','/kcfw/a/sys/user/index','GET','',''),('fd53c74679a24d29987e4f3539e4f5cf','1','系统设置-机构用户-区域管理-查看','1','2016-11-22 10:46:07','192.168.7.1','Mozilla/5.0 (Windows NT 6.1; WOW64) AppleWebKit/537.36 (KHTML, like Gecko) Chrome/54.0.2840.99 Safari/537.36','/kcfw/a/sys/area/form','GET','id=5',''),('fd72f6e823914bc7a2194ef8df5739f9','1','系统设置-机构用户-机构管理-查看','1','2016-11-22 15:36:17','192.168.7.1','Mozilla/5.0 (Windows NT 6.1; WOW64) AppleWebKit/537.36 (KHTML, like Gecko) Chrome/54.0.2840.99 Safari/537.36','/kcfw/a/sys/office/list','GET','id=1&parentIds=0,1,',''),('fd781e8fc0f74c7b892b9ccd9390a43a','1','系统登录','1','2016-11-21 16:15:04','192.168.7.1','Mozilla/5.0 (Windows NT 6.1; WOW64) AppleWebKit/537.36 (KHTML, like Gecko) Chrome/54.0.2840.99 Safari/537.36','/kcfw/a/gen/genTable','GET','',''),('fdb44708afb94573bd3026f4ac82bbd3','1','我的面板-个人信息-个人信息','1','2016-11-18 16:31:28','127.0.0.1','Mozilla/5.0 (X11; Ubuntu; Linux x86_64; rv:39.0) Gecko/20100101 Firefox/39.0','/kcfw/a/sys/user/info','GET','',''),('fdcf0959f3c648868818d259617d1449','1','知识产权-专利申报-专利申报管理','1','2016-11-22 15:40:10','192.168.7.1','Mozilla/5.0 (Windows NT 6.1; WOW64) AppleWebKit/537.36 (KHTML, like Gecko) Chrome/54.0.2840.99 Safari/537.36','/kcfw/a/sch/patent/schPatentUnder','GET','',''),('fe438c99cb464f97933076b5978f9098','1','在线办公-个人办公-我的任务','1','2016-11-18 17:27:58','127.0.0.1','Mozilla/5.0 (X11; Ubuntu; Linux x86_64; rv:39.0) Gecko/20100101 Firefox/39.0','/kcfw/a/act/task/todo/','GET','',''),('fe66b92eedf44483b6c1199ae0c4f569','1','系统登录','1','2016-11-21 23:03:08','192.168.7.1','Mozilla/5.0 (Windows NT 6.1; WOW64) AppleWebKit/537.36 (KHTML, like Gecko) Chrome/54.0.2840.99 Safari/537.36','/kcfw/a','GET','login=',''),('fe8519694a014c988a72d067b118208f','1','系统设置-机构用户-区域管理-修改','1','2016-11-22 10:46:11','192.168.7.1','Mozilla/5.0 (Windows NT 6.1; WOW64) AppleWebKit/537.36 (KHTML, like Gecko) Chrome/54.0.2840.99 Safari/537.36','/kcfw/a/sys/area/save','POST','id=5&parent.id=3&parent.name=厦门市&name=湖里区&code=110104&type=4&remarks=',''),('fec03257cd454e73b8de566dfbd02e3f','1','系统设置-系统设置-字典管理-修改','1','2016-11-22 15:13:29','192.168.7.1','Mozilla/5.0 (Windows NT 6.1; WOW64) AppleWebKit/537.36 (KHTML, like Gecko) Chrome/54.0.2840.99 Safari/537.36','/kcfw/a/sys/dict/save','POST','id=&value=2&label=初审通过&type=PATENT_STATUS&description=专利申请状态&sort=20&remarks=',''),('fed78dcfef4b469ead7bb9bf94a1a60f','1','系统设置-系统设置-字典管理','1','2016-11-20 17:11:00','127.0.0.1','Mozilla/5.0 (X11; Ubuntu; Linux x86_64; rv:39.0) Gecko/20100101 Firefox/39.0','/kcfw/a/sys/dict/','GET','',''),('fedf592a0cb3402396219c802580bf89','1','知识产权-专利申报-专利申报管理','1','2016-11-22 15:33:16','192.168.7.1','Mozilla/5.0 (Windows NT 6.1; WOW64) AppleWebKit/537.36 (KHTML, like Gecko) Chrome/54.0.2840.99 Safari/537.36','/kcfw/a/sch/patent/schPatentUnder','GET','',''),('ff2bad3884cb4aa7b5a1d39dd49d17c9','1','在线办公-个人办公-我的任务','7','2016-11-18 17:31:41','127.0.0.1','Mozilla/5.0 (X11; Ubuntu; Linux x86_64; rv:39.0) Gecko/20100101 Firefox/39.0','/kcfw/a/act/task/todo/','GET','',''),('ffd973c0b8b244e6911139ed9f0077a6','1','系统设置-机构用户-机构管理-查看','1','2016-11-22 15:36:42','192.168.7.1','Mozilla/5.0 (Windows NT 6.1; WOW64) AppleWebKit/537.36 (KHTML, like Gecko) Chrome/54.0.2840.99 Safari/537.36','/kcfw/a/sys/office/list','GET','id=&parentIds=0,','');
/*!40000 ALTER TABLE `sys_log` ENABLE KEYS */;
UNLOCK TABLES;

--
-- Table structure for table `sys_mdict`
--

DROP TABLE IF EXISTS `sys_mdict`;
/*!40101 SET @saved_cs_client     = @@character_set_client */;
/*!40101 SET character_set_client = utf8 */;
CREATE TABLE `sys_mdict` (
  `id` varchar(64) COLLATE utf8_bin NOT NULL COMMENT '编号',
  `parent_id` varchar(64) COLLATE utf8_bin NOT NULL COMMENT '父级编号',
  `parent_ids` varchar(2000) COLLATE utf8_bin NOT NULL COMMENT '所有父级编号',
  `name` varchar(100) COLLATE utf8_bin NOT NULL COMMENT '名称',
  `sort` decimal(10,0) NOT NULL COMMENT '排序',
  `description` varchar(100) COLLATE utf8_bin DEFAULT NULL COMMENT '描述',
  `create_by` varchar(64) COLLATE utf8_bin NOT NULL COMMENT '创建者',
  `create_date` datetime NOT NULL COMMENT '创建时间',
  `update_by` varchar(64) COLLATE utf8_bin NOT NULL COMMENT '更新者',
  `update_date` datetime NOT NULL COMMENT '更新时间',
  `remarks` varchar(255) COLLATE utf8_bin DEFAULT NULL COMMENT '备注信息',
  `del_flag` char(1) COLLATE utf8_bin NOT NULL DEFAULT '0' COMMENT '删除标记',
  PRIMARY KEY (`id`),
  KEY `sys_mdict_parent_id` (`parent_id`),
  KEY `sys_mdict_del_flag` (`del_flag`)
) ENGINE=InnoDB DEFAULT CHARSET=utf8 COLLATE=utf8_bin COMMENT='多级字典表';
/*!40101 SET character_set_client = @saved_cs_client */;

--
-- Dumping data for table `sys_mdict`
--

LOCK TABLES `sys_mdict` WRITE;
/*!40000 ALTER TABLE `sys_mdict` DISABLE KEYS */;
/*!40000 ALTER TABLE `sys_mdict` ENABLE KEYS */;
UNLOCK TABLES;

--
-- Table structure for table `sys_menu`
--

DROP TABLE IF EXISTS `sys_menu`;
/*!40101 SET @saved_cs_client     = @@character_set_client */;
/*!40101 SET character_set_client = utf8 */;
CREATE TABLE `sys_menu` (
  `id` varchar(64) COLLATE utf8_bin NOT NULL COMMENT '编号',
  `parent_id` varchar(64) COLLATE utf8_bin NOT NULL COMMENT '父级编号',
  `parent_ids` varchar(2000) COLLATE utf8_bin NOT NULL COMMENT '所有父级编号',
  `name` varchar(100) COLLATE utf8_bin NOT NULL COMMENT '名称',
  `sort` decimal(10,0) NOT NULL COMMENT '排序',
  `href` varchar(2000) COLLATE utf8_bin DEFAULT NULL COMMENT '链接',
  `target` varchar(20) COLLATE utf8_bin DEFAULT NULL COMMENT '目标',
  `icon` varchar(100) COLLATE utf8_bin DEFAULT NULL COMMENT '图标',
  `is_show` char(1) COLLATE utf8_bin NOT NULL COMMENT '是否在菜单中显示',
  `permission` varchar(200) COLLATE utf8_bin DEFAULT NULL COMMENT '权限标识',
  `create_by` varchar(64) COLLATE utf8_bin NOT NULL COMMENT '创建者',
  `create_date` datetime NOT NULL COMMENT '创建时间',
  `update_by` varchar(64) COLLATE utf8_bin NOT NULL COMMENT '更新者',
  `update_date` datetime NOT NULL COMMENT '更新时间',
  `remarks` varchar(255) COLLATE utf8_bin DEFAULT NULL COMMENT '备注信息',
  `del_flag` char(1) COLLATE utf8_bin NOT NULL DEFAULT '0' COMMENT '删除标记',
  PRIMARY KEY (`id`),
  KEY `sys_menu_parent_id` (`parent_id`),
  KEY `sys_menu_del_flag` (`del_flag`)
) ENGINE=InnoDB DEFAULT CHARSET=utf8 COLLATE=utf8_bin COMMENT='菜单表';
/*!40101 SET character_set_client = @saved_cs_client */;

--
-- Dumping data for table `sys_menu`
--

LOCK TABLES `sys_menu` WRITE;
/*!40000 ALTER TABLE `sys_menu` DISABLE KEYS */;
INSERT INTO `sys_menu` VALUES ('0b2ebd4d639e4c2b83c2dd0764522f24','ba8092291b40482db8fe7fc006ea3d76','0,1,79,3c92c17886944d0687e73e286cada573,ba8092291b40482db8fe7fc006ea3d76,','编辑',60,'','','','0','test:testData:edit','1','2013-08-12 13:10:05','1','2013-08-12 13:10:05','','0'),('0ca004d6b1bf4bcab9670a5060d82a55','3c92c17886944d0687e73e286cada573','0,1,79,3c92c17886944d0687e73e286cada573,','树结构',90,'/test/testTree','','','1','','1','2013-08-12 13:10:05','1','2013-08-12 13:10:05','','0'),('1','0','0,','功能菜单',0,NULL,NULL,NULL,'1',NULL,'1','2013-05-27 08:00:00','1','2013-05-27 08:00:00',NULL,'0'),('10','3','0,1,2,3,','字典管理',60,'/sys/dict/',NULL,'th-list','1',NULL,'1','2013-05-27 08:00:00','1','2013-05-27 08:00:00',NULL,'0'),('11','10','0,1,2,3,10,','查看',30,NULL,NULL,NULL,'0','sys:dict:view','1','2013-05-27 08:00:00','1','2013-05-27 08:00:00',NULL,'0'),('12','10','0,1,2,3,10,','修改',40,NULL,NULL,NULL,'0','sys:dict:edit','1','2013-05-27 08:00:00','1','2013-05-27 08:00:00',NULL,'0'),('13','2','0,1,2,','机构用户',970,NULL,NULL,NULL,'1',NULL,'1','2013-05-27 08:00:00','1','2013-05-27 08:00:00',NULL,'0'),('14','13','0,1,2,13,','区域管理',50,'/sys/area/',NULL,'th','1',NULL,'1','2013-05-27 08:00:00','1','2013-05-27 08:00:00',NULL,'0'),('15','14','0,1,2,13,14,','查看',30,NULL,NULL,NULL,'0','sys:area:view','1','2013-05-27 08:00:00','1','2013-05-27 08:00:00',NULL,'0'),('16','14','0,1,2,13,14,','修改',40,NULL,NULL,NULL,'0','sys:area:edit','1','2013-05-27 08:00:00','1','2013-05-27 08:00:00',NULL,'0'),('17','13','0,1,2,13,','机构管理',40,'/sys/office/',NULL,'th-large','1',NULL,'1','2013-05-27 08:00:00','1','2013-05-27 08:00:00',NULL,'0'),('18','17','0,1,2,13,17,','查看',30,NULL,NULL,NULL,'0','sys:office:view','1','2013-05-27 08:00:00','1','2013-05-27 08:00:00',NULL,'0'),('19','17','0,1,2,13,17,','修改',40,NULL,NULL,NULL,'0','sys:office:edit','1','2013-05-27 08:00:00','1','2013-05-27 08:00:00',NULL,'0'),('2','1','0,1,','系统设置',900,NULL,NULL,NULL,'1',NULL,'1','2013-05-27 08:00:00','1','2013-05-27 08:00:00',NULL,'0'),('20','13','0,1,2,13,','用户管理',30,'/sys/user/index',NULL,'user','1',NULL,'1','2013-05-27 08:00:00','1','2013-05-27 08:00:00',NULL,'0'),('21','20','0,1,2,13,20,','查看',30,NULL,NULL,NULL,'0','sys:user:view','1','2013-05-27 08:00:00','1','2013-05-27 08:00:00',NULL,'0'),('22','20','0,1,2,13,20,','修改',40,NULL,NULL,NULL,'0','sys:user:edit','1','2013-05-27 08:00:00','1','2013-05-27 08:00:00',NULL,'0'),('23','2','0,1,2,','关于帮助',990,NULL,NULL,NULL,'0',NULL,'1','2013-05-27 08:00:00','1','2013-05-27 08:00:00',NULL,'0'),('24','23','0,1,2,23','官方首页',30,'http://kcfw.com','_blank',NULL,'0',NULL,'1','2013-05-27 08:00:00','1','2013-05-27 08:00:00',NULL,'0'),('25','23','0,1,2,23','项目支持',50,'http://kcfw.com/donation.html','_blank',NULL,'0',NULL,'1','2013-05-27 08:00:00','1','2013-05-27 08:00:00',NULL,'1'),('26','23','0,1,2,23','论坛交流',80,'http://bbs.kcfw.com','_blank',NULL,'0',NULL,'1','2013-05-27 08:00:00','1','2013-05-27 08:00:00',NULL,'1'),('27','1','0,1,','我的面板',100,NULL,NULL,NULL,'1',NULL,'1','2013-05-27 08:00:00','1','2013-05-27 08:00:00',NULL,'0'),('28','27','0,1,27,','个人信息',30,NULL,NULL,NULL,'1',NULL,'1','2013-05-27 08:00:00','1','2013-05-27 08:00:00',NULL,'0'),('29','28','0,1,27,28,','个人信息',30,'/sys/user/info',NULL,'user','1',NULL,'1','2013-05-27 08:00:00','1','2013-05-27 08:00:00',NULL,'0'),('3','2','0,1,2,','系统设置',980,NULL,NULL,NULL,'1',NULL,'1','2013-05-27 08:00:00','1','2013-05-27 08:00:00',NULL,'0'),('30','28','0,1,27,28,','修改密码',40,'/sys/user/modifyPwd',NULL,'lock','1',NULL,'1','2013-05-27 08:00:00','1','2013-05-27 08:00:00',NULL,'0'),('31','1','0,1,','内容管理',500,NULL,NULL,NULL,'1',NULL,'1','2013-05-27 08:00:00','1','2013-05-27 08:00:00',NULL,'0'),('32','31','0,1,31,','栏目设置',990,NULL,NULL,NULL,'1',NULL,'1','2013-05-27 08:00:00','1','2013-05-27 08:00:00',NULL,'0'),('33','32','0,1,31,32','栏目管理',30,'/cms/category/',NULL,'align-justify','1',NULL,'1','2013-05-27 08:00:00','1','2013-05-27 08:00:00',NULL,'0'),('34','33','0,1,31,32,33,','查看',30,NULL,NULL,NULL,'0','cms:category:view','1','2013-05-27 08:00:00','1','2013-05-27 08:00:00',NULL,'0'),('35','33','0,1,31,32,33,','修改',40,NULL,NULL,NULL,'0','cms:category:edit','1','2013-05-27 08:00:00','1','2013-05-27 08:00:00',NULL,'0'),('36','32','0,1,31,32','站点设置',40,'/cms/site/',NULL,'certificate','1',NULL,'1','2013-05-27 08:00:00','1','2013-05-27 08:00:00',NULL,'0'),('37','36','0,1,31,32,36,','查看',30,NULL,NULL,NULL,'0','cms:site:view','1','2013-05-27 08:00:00','1','2013-05-27 08:00:00',NULL,'0'),('38','36','0,1,31,32,36,','修改',40,NULL,NULL,NULL,'0','cms:site:edit','1','2013-05-27 08:00:00','1','2013-05-27 08:00:00',NULL,'0'),('39','32','0,1,31,32','切换站点',50,'/cms/site/select',NULL,'retweet','1','cms:site:select','1','2013-05-27 08:00:00','1','2013-05-27 08:00:00',NULL,'0'),('3c92c17886944d0687e73e286cada573','79','0,1,79,','生成示例',120,'','','','1','','1','2013-08-12 13:10:05','1','2013-08-12 13:10:05','','0'),('4','3','0,1,2,3,','菜单管理',30,'/sys/menu/',NULL,'list-alt','1',NULL,'1','2013-05-27 08:00:00','1','2013-05-27 08:00:00',NULL,'0'),('40','31','0,1,31,','内容管理',500,NULL,NULL,NULL,'1','cms:view','1','2013-05-27 08:00:00','1','2013-05-27 08:00:00',NULL,'0'),('41','40','0,1,31,40,','内容发布',30,'/cms/',NULL,'briefcase','1',NULL,'1','2013-05-27 08:00:00','1','2013-05-27 08:00:00',NULL,'0'),('42','41','0,1,31,40,41,','文章模型',40,'/cms/article/',NULL,'file','0',NULL,'1','2013-05-27 08:00:00','1','2013-05-27 08:00:00',NULL,'0'),('43','42','0,1,31,40,41,42,','查看',30,NULL,NULL,NULL,'0','cms:article:view','1','2013-05-27 08:00:00','1','2013-05-27 08:00:00',NULL,'0'),('44','42','0,1,31,40,41,42,','修改',40,NULL,NULL,NULL,'0','cms:article:edit','1','2013-05-27 08:00:00','1','2013-05-27 08:00:00',NULL,'0'),('45','42','0,1,31,40,41,42,','审核',50,NULL,NULL,NULL,'0','cms:article:audit','1','2013-05-27 08:00:00','1','2013-05-27 08:00:00',NULL,'0'),('46','41','0,1,31,40,41,','链接模型',60,'/cms/link/',NULL,'random','0',NULL,'1','2013-05-27 08:00:00','1','2013-05-27 08:00:00',NULL,'0'),('47','46','0,1,31,40,41,46,','查看',30,NULL,NULL,NULL,'0','cms:link:view','1','2013-05-27 08:00:00','1','2013-05-27 08:00:00',NULL,'0'),('48','46','0,1,31,40,41,46,','修改',40,NULL,NULL,NULL,'0','cms:link:edit','1','2013-05-27 08:00:00','1','2013-05-27 08:00:00',NULL,'0'),('4855cf3b25c244fb8500a380db189d97','b1f6d1b86ba24365bae7fd86c5082317','0,1,79,3c92c17886944d0687e73e286cada573,b1f6d1b86ba24365bae7fd86c5082317,','查看',30,'','','','0','test:testDataMain:view','1','2013-08-12 13:10:05','1','2013-08-12 13:10:05','','0'),('49','46','0,1,31,40,41,46,','审核',50,NULL,NULL,NULL,'0','cms:link:audit','1','2013-05-27 08:00:00','1','2013-05-27 08:00:00',NULL,'0'),('5','4','0,1,2,3,4,','查看',30,NULL,NULL,NULL,'0','sys:menu:view','1','2013-05-27 08:00:00','1','2013-05-27 08:00:00',NULL,'0'),('50','40','0,1,31,40,','评论管理',40,'/cms/comment/?status=2',NULL,'comment','1',NULL,'1','2013-05-27 08:00:00','1','2013-05-27 08:00:00',NULL,'0'),('51','50','0,1,31,40,50,','查看',30,NULL,NULL,NULL,'0','cms:comment:view','1','2013-05-27 08:00:00','1','2013-05-27 08:00:00',NULL,'0'),('52','50','0,1,31,40,50,','审核',40,NULL,NULL,NULL,'0','cms:comment:edit','1','2013-05-27 08:00:00','1','2013-05-27 08:00:00',NULL,'0'),('53','40','0,1,31,40,','公共留言',80,'/cms/guestbook/?status=2',NULL,'glass','1',NULL,'1','2013-05-27 08:00:00','1','2013-05-27 08:00:00',NULL,'0'),('54','53','0,1,31,40,53,','查看',30,NULL,NULL,NULL,'0','cms:guestbook:view','1','2013-05-27 08:00:00','1','2013-05-27 08:00:00',NULL,'0'),('55','53','0,1,31,40,53,','审核',40,NULL,NULL,NULL,'0','cms:guestbook:edit','1','2013-05-27 08:00:00','1','2013-05-27 08:00:00',NULL,'0'),('56','71','0,1,27,71,','文件管理',90,'/../static/ckfinder/ckfinder.html',NULL,'folder-open','1',NULL,'1','2013-05-27 08:00:00','1','2013-05-27 08:00:00',NULL,'0'),('57','56','0,1,27,40,56,','查看',30,NULL,NULL,NULL,'0','cms:ckfinder:view','1','2013-05-27 08:00:00','1','2013-05-27 08:00:00',NULL,'0'),('58','56','0,1,27,40,56,','上传',40,NULL,NULL,NULL,'0','cms:ckfinder:upload','1','2013-05-27 08:00:00','1','2013-05-27 08:00:00',NULL,'0'),('59','56','0,1,27,40,56,','修改',50,NULL,NULL,NULL,'0','cms:ckfinder:edit','1','2013-05-27 08:00:00','1','2013-05-27 08:00:00',NULL,'0'),('6','4','0,1,2,3,4,','修改',40,NULL,NULL,NULL,'0','sys:menu:edit','1','2013-05-27 08:00:00','1','2013-05-27 08:00:00',NULL,'0'),('60','31','0,1,31,','统计分析',600,NULL,NULL,NULL,'1',NULL,'1','2013-05-27 08:00:00','1','2013-05-27 08:00:00',NULL,'0'),('61','60','0,1,31,60,','信息量统计',30,'/cms/stats/article',NULL,'tasks','1','cms:stats:article','1','2013-05-27 08:00:00','1','2013-05-27 08:00:00',NULL,'0'),('62','1','0,1,','在线办公',200,NULL,NULL,NULL,'1',NULL,'1','2013-05-27 08:00:00','1','2013-05-27 08:00:00',NULL,'0'),('63','62','0,1,62,','个人办公',30,NULL,NULL,NULL,'1',NULL,'1','2013-05-27 08:00:00','1','2013-05-27 08:00:00',NULL,'0'),('64','63','0,1,62,63,','请假办理',300,'/oa/leave','','leaf','1','','1','2013-05-27 08:00:00','1','2016-11-18 16:47:28','','0'),('65','64','0,1,62,63,64,','查看',30,NULL,NULL,NULL,'0','oa:leave:view','1','2013-05-27 08:00:00','1','2013-05-27 08:00:00',NULL,'0'),('66','64','0,1,62,63,64,','修改',40,NULL,NULL,NULL,'0','oa:leave:edit','1','2013-05-27 08:00:00','1','2013-05-27 08:00:00',NULL,'0'),('66d88f0287b741fcb251aef20e68611f','d5d9045b5a9b488bb1304e18cb5ba5fd','0,1,c0671c3c569e49c283ad38c02fbe062e,d5d9045b5a9b488bb1304e18cb5ba5fd,','专利申报管理',50,'/sch/patent/schPatentUnder','','','1','sch:patent:schPatentUnder:view,sch:patent:schPatentUnder:edit','1','2016-11-20 17:41:56','1','2016-11-22 14:46:13','','0'),('67','2','0,1,2,','日志查询',985,NULL,NULL,NULL,'1',NULL,'1','2013-06-03 08:00:00','1','2013-06-03 08:00:00',NULL,'0'),('68','67','0,1,2,67,','日志查询',30,'/sys/log',NULL,'pencil','1','sys:log:view','1','2013-06-03 08:00:00','1','2013-06-03 08:00:00',NULL,'0'),('69','62','0,1,62,','流程管理',300,NULL,NULL,NULL,'1',NULL,'1','2013-05-27 08:00:00','1','2013-05-27 08:00:00',NULL,'0'),('7','3','0,1,2,3,','角色管理',50,'/sys/role/',NULL,'lock','1',NULL,'1','2013-05-27 08:00:00','1','2013-05-27 08:00:00',NULL,'0'),('70','69','0,1,62,69,','流程管理',50,'/act/process',NULL,'road','1','act:process:edit','1','2013-05-27 08:00:00','1','2013-05-27 08:00:00',NULL,'0'),('71','27','0,1,27,','文件管理',90,NULL,NULL,NULL,'1',NULL,'1','2013-05-27 08:00:00','1','2013-05-27 08:00:00',NULL,'0'),('72','69','0,1,62,69,','模型管理',100,'/act/model',NULL,'road','1','act:model:edit','1','2013-09-20 08:00:00','1','2013-09-20 08:00:00',NULL,'0'),('73','63','0,1,62,63,','我的任务',50,'/act/task/todo/',NULL,'tasks','1',NULL,'1','2013-09-24 08:00:00','1','2013-09-24 08:00:00',NULL,'0'),('74','63','0,1,62,63,','审批测试',100,'/oa/testAudit',NULL,NULL,'1','oa:testAudit:view,oa:testAudit:edit','1','2013-09-24 08:00:00','1','2013-09-24 08:00:00',NULL,'0'),('75','1','0,1,','在线演示',3000,NULL,NULL,NULL,'1',NULL,'1','2013-10-08 08:00:00','1','2013-10-08 08:00:00',NULL,'1'),('79','1','0,1,','代码生成',5000,NULL,NULL,NULL,'1',NULL,'1','2013-10-16 08:00:00','1','2013-10-16 08:00:00',NULL,'0'),('8','7','0,1,2,3,7,','查看',30,NULL,NULL,NULL,'0','sys:role:view','1','2013-05-27 08:00:00','1','2013-05-27 08:00:00',NULL,'0'),('80','79','0,1,79,','代码生成',50,NULL,NULL,NULL,'1',NULL,'1','2013-10-16 08:00:00','1','2013-10-16 08:00:00',NULL,'0'),('81','80','0,1,79,80,','生成方案配置',30,'/gen/genScheme',NULL,NULL,'1','gen:genScheme:view,gen:genScheme:edit','1','2013-10-16 08:00:00','1','2013-10-16 08:00:00',NULL,'0'),('82','80','0,1,79,80,','业务表配置',20,'/gen/genTable',NULL,NULL,'1','gen:genTable:view,gen:genTable:edit,gen:genTableColumn:view,gen:genTableColumn:edit','1','2013-10-16 08:00:00','1','2013-10-16 08:00:00',NULL,'0'),('83','80','0,1,79,80,','代码模板管理',90,'/gen/genTemplate',NULL,NULL,'1','gen:genTemplate:view,gen:genTemplate:edit','1','2013-10-16 08:00:00','1','2013-10-16 08:00:00',NULL,'1'),('84','67','0,1,2,67,','连接池监视',40,'/../druid',NULL,NULL,'1',NULL,'1','2013-10-18 08:00:00','1','2013-10-18 08:00:00',NULL,'0'),('85','76','0,1,75,76,','行政区域',80,'/../static/map/map-city.html',NULL,NULL,'1',NULL,'1','2013-10-22 08:00:00','1','2013-10-22 08:00:00',NULL,'0'),('86','75','0,1,75,','组件演示',50,NULL,NULL,NULL,'1',NULL,'1','2013-10-22 08:00:00','1','2013-10-22 08:00:00',NULL,'1'),('87','86','0,1,75,86,','组件演示',30,'/test/test/form',NULL,NULL,'1','test:test:view,test:test:edit','1','2013-10-22 08:00:00','1','2013-10-22 08:00:00',NULL,'1'),('87b299fd957841e7ade7b220183dcc58','d5d9045b5a9b488bb1304e18cb5ba5fd','0,1,c0671c3c569e49c283ad38c02fbe062e,d5d9045b5a9b488bb1304e18cb5ba5fd,','专利机构信息',10,'/sch/patent/schPatentAgency','','','1','sch:patent:schPatentAgency:view,sch:patent:schPatentAgency:edit','1','2016-11-21 16:27:56','1','2016-11-21 16:28:20','','0'),('88','62','0,1,62,','通知通告',20,'','','','1','','1','2013-11-08 08:00:00','1','2013-11-08 08:00:00',NULL,'0'),('89','88','0,1,62,88,','我的通告',30,'/oa/oaNotify/self','','','1','','1','2013-11-08 08:00:00','1','2013-11-08 08:00:00',NULL,'0'),('9','7','0,1,2,3,7,','修改',40,NULL,NULL,NULL,'0','sys:role:edit','1','2013-05-27 08:00:00','1','2013-05-27 08:00:00',NULL,'0'),('90','88','0,1,62,88,','通告管理',50,'/oa/oaNotify','','','1','oa:oaNotify:view,oa:oaNotify:edit','1','2013-11-08 08:00:00','1','2013-11-08 08:00:00',NULL,'0'),('afab2db430e2457f9cf3a11feaa8b869','0ca004d6b1bf4bcab9670a5060d82a55','0,1,79,3c92c17886944d0687e73e286cada573,0ca004d6b1bf4bcab9670a5060d82a55,','编辑',60,'','','','0','test:testTree:edit','1','2013-08-12 13:10:05','1','2013-08-12 13:10:05','','0'),('b1f6d1b86ba24365bae7fd86c5082317','3c92c17886944d0687e73e286cada573','0,1,79,3c92c17886944d0687e73e286cada573,','主子表',60,'/test/testDataMain','','','1','','1','2013-08-12 13:10:05','1','2013-08-12 13:10:05','','0'),('ba8092291b40482db8fe7fc006ea3d76','3c92c17886944d0687e73e286cada573','0,1,79,3c92c17886944d0687e73e286cada573,','单表',30,'/test/testData','','','1','','1','2013-08-12 13:10:05','1','2013-08-12 13:10:05','','0'),('c0671c3c569e49c283ad38c02fbe062e','1','0,1,','知识产权',5030,'','','','1','','1','2016-11-20 17:37:44','1','2016-11-20 17:37:44','','0'),('c2e4d9082a0b4386884a0b203afe2c5c','0ca004d6b1bf4bcab9670a5060d82a55','0,1,79,3c92c17886944d0687e73e286cada573,0ca004d6b1bf4bcab9670a5060d82a55,','查看',30,'','','','0','test:testTree:view','1','2013-08-12 13:10:05','1','2013-08-12 13:10:05','','0'),('d15ec45a4c5449c3bbd7a61d5f9dd1d2','b1f6d1b86ba24365bae7fd86c5082317','0,1,79,3c92c17886944d0687e73e286cada573,b1f6d1b86ba24365bae7fd86c5082317,','编辑',60,'','','','0','test:testDataMain:edit','1','2013-08-12 13:10:05','1','2013-08-12 13:10:05','','0'),('d5d9045b5a9b488bb1304e18cb5ba5fd','c0671c3c569e49c283ad38c02fbe062e','0,1,c0671c3c569e49c283ad38c02fbe062e,','专利申报',30,'','','','1','','1','2016-11-20 17:39:11','1','2016-11-20 17:41:22','','0'),('df7ce823c5b24ff9bada43d992f373e2','ba8092291b40482db8fe7fc006ea3d76','0,1,79,3c92c17886944d0687e73e286cada573,ba8092291b40482db8fe7fc006ea3d76,','查看',30,'','','','0','test:testData:view','1','2013-08-12 13:10:05','1','2013-08-12 13:10:05','','0');
/*!40000 ALTER TABLE `sys_menu` ENABLE KEYS */;
UNLOCK TABLES;

--
-- Table structure for table `sys_office`
--

DROP TABLE IF EXISTS `sys_office`;
/*!40101 SET @saved_cs_client     = @@character_set_client */;
/*!40101 SET character_set_client = utf8 */;
CREATE TABLE `sys_office` (
  `id` varchar(64) COLLATE utf8_bin NOT NULL COMMENT '编号',
  `parent_id` varchar(64) COLLATE utf8_bin NOT NULL COMMENT '父级编号',
  `parent_ids` varchar(2000) COLLATE utf8_bin NOT NULL COMMENT '所有父级编号',
  `name` varchar(100) COLLATE utf8_bin NOT NULL COMMENT '名称',
  `sort` decimal(10,0) NOT NULL COMMENT '排序',
  `area_id` varchar(64) COLLATE utf8_bin NOT NULL COMMENT '归属区域',
  `code` varchar(100) COLLATE utf8_bin DEFAULT NULL COMMENT '区域编码',
  `type` char(1) COLLATE utf8_bin NOT NULL COMMENT '机构类型',
  `grade` char(1) COLLATE utf8_bin NOT NULL COMMENT '机构等级',
  `address` varchar(255) COLLATE utf8_bin DEFAULT NULL COMMENT '联系地址',
  `zip_code` varchar(100) COLLATE utf8_bin DEFAULT NULL COMMENT '邮政编码',
  `master` varchar(100) COLLATE utf8_bin DEFAULT NULL COMMENT '负责人',
  `phone` varchar(200) COLLATE utf8_bin DEFAULT NULL COMMENT '电话',
  `fax` varchar(200) COLLATE utf8_bin DEFAULT NULL COMMENT '传真',
  `email` varchar(200) COLLATE utf8_bin DEFAULT NULL COMMENT '邮箱',
  `USEABLE` varchar(64) COLLATE utf8_bin DEFAULT NULL COMMENT '是否启用',
  `PRIMARY_PERSON` varchar(64) COLLATE utf8_bin DEFAULT NULL COMMENT '主负责人',
  `DEPUTY_PERSON` varchar(64) COLLATE utf8_bin DEFAULT NULL COMMENT '副负责人',
  `create_by` varchar(64) COLLATE utf8_bin NOT NULL COMMENT '创建者',
  `create_date` datetime NOT NULL COMMENT '创建时间',
  `update_by` varchar(64) COLLATE utf8_bin NOT NULL COMMENT '更新者',
  `update_date` datetime NOT NULL COMMENT '更新时间',
  `remarks` varchar(255) COLLATE utf8_bin DEFAULT NULL COMMENT '备注信息',
  `del_flag` char(1) COLLATE utf8_bin NOT NULL DEFAULT '0' COMMENT '删除标记',
  PRIMARY KEY (`id`),
  KEY `sys_office_parent_id` (`parent_id`),
  KEY `sys_office_del_flag` (`del_flag`),
  KEY `sys_office_type` (`type`)
) ENGINE=InnoDB DEFAULT CHARSET=utf8 COLLATE=utf8_bin COMMENT='机构表';
/*!40101 SET character_set_client = @saved_cs_client */;

--
-- Dumping data for table `sys_office`
--

LOCK TABLES `sys_office` WRITE;
/*!40000 ALTER TABLE `sys_office` DISABLE KEYS */;
INSERT INTO `sys_office` VALUES ('1','0','0,','厦门理工学院',10,'2','100000','1','1','','','','','','','1','','','1','2013-05-27 08:00:00','1','2016-11-22 15:36:42','','0'),('10','7','0,1,7,','市场部',30,'3','200003','2','2',NULL,NULL,NULL,NULL,NULL,NULL,'1',NULL,NULL,'1','2013-05-27 08:00:00','1','2013-05-27 08:00:00',NULL,'1'),('11','7','0,1,7,','技术部',40,'3','200004','2','2',NULL,NULL,NULL,NULL,NULL,NULL,'1',NULL,NULL,'1','2013-05-27 08:00:00','1','2013-05-27 08:00:00',NULL,'1'),('12','7','0,1,7,','历城区分公司',0,'4','201000','1','3',NULL,NULL,NULL,NULL,NULL,NULL,'1',NULL,NULL,'1','2013-05-27 08:00:00','1','2013-05-27 08:00:00',NULL,'1'),('13','12','0,1,7,12,','公司领导',10,'4','201001','2','3',NULL,NULL,NULL,NULL,NULL,NULL,'1',NULL,NULL,'1','2013-05-27 08:00:00','1','2013-05-27 08:00:00',NULL,'1'),('14','12','0,1,7,12,','综合部',20,'4','201002','2','3',NULL,NULL,NULL,NULL,NULL,NULL,'1',NULL,NULL,'1','2013-05-27 08:00:00','1','2013-05-27 08:00:00',NULL,'1'),('15','12','0,1,7,12,','市场部',30,'4','201003','2','3',NULL,NULL,NULL,NULL,NULL,NULL,'1',NULL,NULL,'1','2013-05-27 08:00:00','1','2013-05-27 08:00:00',NULL,'1'),('16','12','0,1,7,12,','技术部',40,'4','201004','2','3',NULL,NULL,NULL,NULL,NULL,NULL,'1',NULL,NULL,'1','2013-05-27 08:00:00','1','2013-05-27 08:00:00',NULL,'1'),('17','7','0,1,7,','历下区分公司',40,'5','201010','1','3',NULL,NULL,NULL,NULL,NULL,NULL,'1',NULL,NULL,'1','2013-05-27 08:00:00','1','2013-05-27 08:00:00',NULL,'1'),('18','17','0,1,7,17,','公司领导',10,'5','201011','2','3',NULL,NULL,NULL,NULL,NULL,NULL,'1',NULL,NULL,'1','2013-05-27 08:00:00','1','2013-05-27 08:00:00',NULL,'1'),('19','17','0,1,7,17,','综合部',20,'5','201012','2','3',NULL,NULL,NULL,NULL,NULL,NULL,'1',NULL,NULL,'1','2013-05-27 08:00:00','1','2013-05-27 08:00:00',NULL,'1'),('2','1','0,1,','经济与管理学院',10,'2','100001','2','1','','','','','','','1','','','1','2013-05-27 08:00:00','1','2016-11-22 15:36:56','','0'),('20','17','0,1,7,17,','市场部',30,'5','201013','2','3',NULL,NULL,NULL,NULL,NULL,NULL,'1',NULL,NULL,'1','2013-05-27 08:00:00','1','2013-05-27 08:00:00',NULL,'1'),('21','17','0,1,7,17,','技术部',40,'5','201014','2','3',NULL,NULL,NULL,NULL,NULL,NULL,'1',NULL,NULL,'1','2013-05-27 08:00:00','1','2013-05-27 08:00:00',NULL,'1'),('22','7','0,1,7,','高新区分公司',50,'6','201010','1','3',NULL,NULL,NULL,NULL,NULL,NULL,'1',NULL,NULL,'1','2013-05-27 08:00:00','1','2013-05-27 08:00:00',NULL,'1'),('23','22','0,1,7,22,','公司领导',10,'6','201011','2','3',NULL,NULL,NULL,NULL,NULL,NULL,'1',NULL,NULL,'1','2013-05-27 08:00:00','1','2013-05-27 08:00:00',NULL,'1'),('24','22','0,1,7,22,','综合部',20,'6','201012','2','3',NULL,NULL,NULL,NULL,NULL,NULL,'1',NULL,NULL,'1','2013-05-27 08:00:00','1','2013-05-27 08:00:00',NULL,'1'),('25','22','0,1,7,22,','市场部',30,'6','201013','2','3',NULL,NULL,NULL,NULL,NULL,NULL,'1',NULL,NULL,'1','2013-05-27 08:00:00','1','2013-05-27 08:00:00',NULL,'1'),('26','22','0,1,7,22,','技术部',40,'6','201014','2','3',NULL,NULL,NULL,NULL,NULL,NULL,'1',NULL,NULL,'1','2013-05-27 08:00:00','1','2013-05-27 08:00:00',NULL,'1'),('3','1','0,1,','研究生学院',20,'2','100002','2','1','','','','','','','1','','','1','2013-05-27 08:00:00','1','2016-11-22 15:37:05','','0'),('4','1','0,1,','产学融合发展处',30,'2','100003','2','1','','','','','','','1','','','1','2013-05-27 08:00:00','1','2016-11-22 15:37:13','','0'),('5','1','0,1,','校领导',40,'2','100004','2','1','','','','','','','1','','','1','2013-05-27 08:00:00','1','2016-11-22 15:37:43','','0'),('6','1','0,1,','商学院',50,'2','100005','2','1','','','','','','','1','','','1','2013-05-27 08:00:00','1','2016-11-22 15:37:51','','0'),('7','1','0,1,','济南市分公司',20,'3','200000','1','2',NULL,NULL,NULL,NULL,NULL,NULL,'1',NULL,NULL,'1','2013-05-27 08:00:00','1','2013-05-27 08:00:00',NULL,'1'),('8','7','0,1,7,','公司领导',10,'3','200001','2','2',NULL,NULL,NULL,NULL,NULL,NULL,'1',NULL,NULL,'1','2013-05-27 08:00:00','1','2013-05-27 08:00:00',NULL,'1'),('8065fbd5cce349af9b4d345bcb954d34','0','0,','专利机构',30,'2','20000','1','1','','','','','','','1','','','1','2016-11-22 10:47:03','1','2016-11-22 10:47:16','','0'),('9','7','0,1,7,','综合部',20,'3','200002','2','2',NULL,NULL,NULL,NULL,NULL,NULL,'1',NULL,NULL,'1','2013-05-27 08:00:00','1','2013-05-27 08:00:00',NULL,'1');
/*!40000 ALTER TABLE `sys_office` ENABLE KEYS */;
UNLOCK TABLES;

--
-- Table structure for table `sys_role`
--

DROP TABLE IF EXISTS `sys_role`;
/*!40101 SET @saved_cs_client     = @@character_set_client */;
/*!40101 SET character_set_client = utf8 */;
CREATE TABLE `sys_role` (
  `id` varchar(64) COLLATE utf8_bin NOT NULL COMMENT '编号',
  `office_id` varchar(64) COLLATE utf8_bin DEFAULT NULL COMMENT '归属机构',
  `name` varchar(100) COLLATE utf8_bin NOT NULL COMMENT '角色名称',
  `enname` varchar(255) COLLATE utf8_bin DEFAULT NULL COMMENT '英文名称',
  `role_type` varchar(255) COLLATE utf8_bin DEFAULT NULL COMMENT '角色类型',
  `data_scope` char(1) COLLATE utf8_bin DEFAULT NULL COMMENT '数据范围',
  `is_sys` varchar(64) COLLATE utf8_bin DEFAULT NULL COMMENT '是否系统数据',
  `useable` varchar(64) COLLATE utf8_bin DEFAULT NULL COMMENT '是否可用',
  `create_by` varchar(64) COLLATE utf8_bin NOT NULL COMMENT '创建者',
  `create_date` datetime NOT NULL COMMENT '创建时间',
  `update_by` varchar(64) COLLATE utf8_bin NOT NULL COMMENT '更新者',
  `update_date` datetime NOT NULL COMMENT '更新时间',
  `remarks` varchar(255) COLLATE utf8_bin DEFAULT NULL COMMENT '备注信息',
  `del_flag` char(1) COLLATE utf8_bin NOT NULL DEFAULT '0' COMMENT '删除标记',
  PRIMARY KEY (`id`),
  KEY `sys_role_del_flag` (`del_flag`),
  KEY `sys_role_enname` (`enname`)
) ENGINE=InnoDB DEFAULT CHARSET=utf8 COLLATE=utf8_bin COMMENT='角色表';
/*!40101 SET character_set_client = @saved_cs_client */;

--
-- Dumping data for table `sys_role`
--

LOCK TABLES `sys_role` WRITE;
/*!40000 ALTER TABLE `sys_role` DISABLE KEYS */;
INSERT INTO `sys_role` VALUES ('1','2','系统管理员','dept','assignment','1','1','1','1','2013-05-27 08:00:00','1','2016-11-20 17:42:59','','0'),('2','1','公司管理员','hr','assignment','2',NULL,'1','1','2013-05-27 08:00:00','1','2013-05-27 08:00:00',NULL,'0'),('3','1','本公司管理员','a','assignment','3',NULL,'1','1','2013-05-27 08:00:00','1','2013-05-27 08:00:00',NULL,'0'),('4','2','部门管理员','b','assignment','4','1','1','1','2013-05-27 08:00:00','1','2016-11-18 17:44:32','','0'),('5','1','本部门管理员','c','assignment','5',NULL,'1','1','2013-05-27 08:00:00','1','2013-05-27 08:00:00',NULL,'0'),('6','1','普通用户','d','assignment','8',NULL,'1','1','2013-05-27 08:00:00','1','2013-05-27 08:00:00',NULL,'0'),('7','7','济南市管理员','e','assignment','9',NULL,'1','1','2013-05-27 08:00:00','1','2013-05-27 08:00:00',NULL,'0'),('70adf5534cc040d0abfdf2a6d5c0f8d1','2','专利机构角色','patentProxyRole','user','8','1','1','1','2016-11-22 10:48:20','1','2016-11-22 11:37:52','','0');
/*!40000 ALTER TABLE `sys_role` ENABLE KEYS */;
UNLOCK TABLES;

--
-- Table structure for table `sys_role_menu`
--

DROP TABLE IF EXISTS `sys_role_menu`;
/*!40101 SET @saved_cs_client     = @@character_set_client */;
/*!40101 SET character_set_client = utf8 */;
CREATE TABLE `sys_role_menu` (
  `role_id` varchar(64) COLLATE utf8_bin NOT NULL COMMENT '角色编号',
  `menu_id` varchar(64) COLLATE utf8_bin NOT NULL COMMENT '菜单编号',
  PRIMARY KEY (`role_id`,`menu_id`)
) ENGINE=InnoDB DEFAULT CHARSET=utf8 COLLATE=utf8_bin COMMENT='角色-菜单';
/*!40101 SET character_set_client = @saved_cs_client */;

--
-- Dumping data for table `sys_role_menu`
--

LOCK TABLES `sys_role_menu` WRITE;
/*!40000 ALTER TABLE `sys_role_menu` DISABLE KEYS */;
INSERT INTO `sys_role_menu` VALUES ('1','1'),('1','10'),('1','11'),('1','12'),('1','13'),('1','14'),('1','15'),('1','16'),('1','17'),('1','18'),('1','19'),('1','2'),('1','20'),('1','21'),('1','22'),('1','23'),('1','24'),('1','27'),('1','28'),('1','29'),('1','3'),('1','30'),('1','31'),('1','32'),('1','33'),('1','34'),('1','35'),('1','36'),('1','37'),('1','38'),('1','39'),('1','4'),('1','40'),('1','41'),('1','42'),('1','43'),('1','44'),('1','45'),('1','46'),('1','47'),('1','48'),('1','49'),('1','5'),('1','50'),('1','51'),('1','52'),('1','53'),('1','54'),('1','55'),('1','56'),('1','57'),('1','58'),('1','59'),('1','6'),('1','60'),('1','61'),('1','62'),('1','63'),('1','64'),('1','65'),('1','66'),('1','66d88f0287b741fcb251aef20e68611f'),('1','67'),('1','68'),('1','69'),('1','7'),('1','70'),('1','71'),('1','72'),('1','73'),('1','74'),('1','79'),('1','8'),('1','80'),('1','81'),('1','82'),('1','84'),('1','85'),('1','88'),('1','89'),('1','9'),('1','90'),('1','c0671c3c569e49c283ad38c02fbe062e'),('1','d5d9045b5a9b488bb1304e18cb5ba5fd'),('2','1'),('2','10'),('2','11'),('2','12'),('2','13'),('2','14'),('2','15'),('2','16'),('2','17'),('2','18'),('2','19'),('2','2'),('2','20'),('2','21'),('2','22'),('2','23'),('2','24'),('2','25'),('2','26'),('2','27'),('2','28'),('2','29'),('2','3'),('2','30'),('2','31'),('2','32'),('2','33'),('2','34'),('2','35'),('2','36'),('2','37'),('2','38'),('2','39'),('2','4'),('2','40'),('2','41'),('2','42'),('2','43'),('2','44'),('2','45'),('2','46'),('2','47'),('2','48'),('2','49'),('2','5'),('2','50'),('2','51'),('2','52'),('2','53'),('2','54'),('2','55'),('2','56'),('2','57'),('2','58'),('2','59'),('2','6'),('2','60'),('2','61'),('2','62'),('2','63'),('2','64'),('2','65'),('2','66'),('2','67'),('2','68'),('2','69'),('2','7'),('2','70'),('2','71'),('2','72'),('2','73'),('2','74'),('2','75'),('2','76'),('2','77'),('2','78'),('2','79'),('2','8'),('2','80'),('2','81'),('2','82'),('2','83'),('2','84'),('2','85'),('2','86'),('2','87'),('2','88'),('2','89'),('2','9'),('2','90'),('3','1'),('3','10'),('3','11'),('3','12'),('3','13'),('3','14'),('3','15'),('3','16'),('3','17'),('3','18'),('3','19'),('3','2'),('3','20'),('3','21'),('3','22'),('3','23'),('3','24'),('3','25'),('3','26'),('3','27'),('3','28'),('3','29'),('3','3'),('3','30'),('3','31'),('3','32'),('3','33'),('3','34'),('3','35'),('3','36'),('3','37'),('3','38'),('3','39'),('3','4'),('3','40'),('3','41'),('3','42'),('3','43'),('3','44'),('3','45'),('3','46'),('3','47'),('3','48'),('3','49'),('3','5'),('3','50'),('3','51'),('3','52'),('3','53'),('3','54'),('3','55'),('3','56'),('3','57'),('3','58'),('3','59'),('3','6'),('3','60'),('3','61'),('3','62'),('3','63'),('3','64'),('3','65'),('3','66'),('3','67'),('3','68'),('3','69'),('3','7'),('3','70'),('3','71'),('3','72'),('3','73'),('3','74'),('3','75'),('3','76'),('3','77'),('3','78'),('3','79'),('3','8'),('3','80'),('3','81'),('3','82'),('3','83'),('3','84'),('3','85'),('3','86'),('3','87'),('3','88'),('3','89'),('3','9'),('3','90'),('4','1'),('4','62'),('4','63'),('4','64'),('4','65'),('4','66'),('4','73'),('4','74'),('70adf5534cc040d0abfdf2a6d5c0f8d1','1'),('70adf5534cc040d0abfdf2a6d5c0f8d1','66d88f0287b741fcb251aef20e68611f'),('70adf5534cc040d0abfdf2a6d5c0f8d1','87b299fd957841e7ade7b220183dcc58'),('70adf5534cc040d0abfdf2a6d5c0f8d1','c0671c3c569e49c283ad38c02fbe062e'),('70adf5534cc040d0abfdf2a6d5c0f8d1','d5d9045b5a9b488bb1304e18cb5ba5fd');
/*!40000 ALTER TABLE `sys_role_menu` ENABLE KEYS */;
UNLOCK TABLES;

--
-- Table structure for table `sys_role_office`
--

DROP TABLE IF EXISTS `sys_role_office`;
/*!40101 SET @saved_cs_client     = @@character_set_client */;
/*!40101 SET character_set_client = utf8 */;
CREATE TABLE `sys_role_office` (
  `role_id` varchar(64) COLLATE utf8_bin NOT NULL COMMENT '角色编号',
  `office_id` varchar(64) COLLATE utf8_bin NOT NULL COMMENT '机构编号',
  PRIMARY KEY (`role_id`,`office_id`)
) ENGINE=InnoDB DEFAULT CHARSET=utf8 COLLATE=utf8_bin COMMENT='角色-机构';
/*!40101 SET character_set_client = @saved_cs_client */;

--
-- Dumping data for table `sys_role_office`
--

LOCK TABLES `sys_role_office` WRITE;
/*!40000 ALTER TABLE `sys_role_office` DISABLE KEYS */;
INSERT INTO `sys_role_office` VALUES ('7','10'),('7','11'),('7','12'),('7','13'),('7','14'),('7','15'),('7','16'),('7','17'),('7','18'),('7','19'),('7','20'),('7','21'),('7','22'),('7','23'),('7','24'),('7','25'),('7','26'),('7','7'),('7','8'),('7','9');
/*!40000 ALTER TABLE `sys_role_office` ENABLE KEYS */;
UNLOCK TABLES;

--
-- Table structure for table `sys_user`
--

DROP TABLE IF EXISTS `sys_user`;
/*!40101 SET @saved_cs_client     = @@character_set_client */;
/*!40101 SET character_set_client = utf8 */;
CREATE TABLE `sys_user` (
  `id` varchar(64) COLLATE utf8_bin NOT NULL COMMENT '编号',
  `company_id` varchar(64) COLLATE utf8_bin NOT NULL COMMENT '归属公司',
  `office_id` varchar(64) COLLATE utf8_bin NOT NULL COMMENT '归属部门',
  `login_name` varchar(100) COLLATE utf8_bin NOT NULL COMMENT '登录名',
  `password` varchar(100) COLLATE utf8_bin NOT NULL COMMENT '密码',
  `no` varchar(100) COLLATE utf8_bin DEFAULT NULL COMMENT '工号',
  `name` varchar(100) COLLATE utf8_bin NOT NULL COMMENT '姓名',
  `email` varchar(200) COLLATE utf8_bin DEFAULT NULL COMMENT '邮箱',
  `phone` varchar(200) COLLATE utf8_bin DEFAULT NULL COMMENT '电话',
  `mobile` varchar(200) COLLATE utf8_bin DEFAULT NULL COMMENT '手机',
  `user_type` char(1) COLLATE utf8_bin DEFAULT NULL COMMENT '用户类型',
  `photo` varchar(1000) COLLATE utf8_bin DEFAULT NULL COMMENT '用户头像',
  `login_ip` varchar(100) COLLATE utf8_bin DEFAULT NULL COMMENT '最后登陆IP',
  `login_date` datetime DEFAULT NULL COMMENT '最后登陆时间',
  `login_flag` varchar(64) COLLATE utf8_bin DEFAULT NULL COMMENT '是否可登录',
  `create_by` varchar(64) COLLATE utf8_bin NOT NULL COMMENT '创建者',
  `create_date` datetime NOT NULL COMMENT '创建时间',
  `update_by` varchar(64) COLLATE utf8_bin NOT NULL COMMENT '更新者',
  `update_date` datetime NOT NULL COMMENT '更新时间',
  `remarks` varchar(255) COLLATE utf8_bin DEFAULT NULL COMMENT '备注信息',
  `del_flag` char(1) COLLATE utf8_bin NOT NULL DEFAULT '0' COMMENT '删除标记',
  PRIMARY KEY (`id`),
  KEY `sys_user_office_id` (`office_id`),
  KEY `sys_user_login_name` (`login_name`),
  KEY `sys_user_company_id` (`company_id`),
  KEY `sys_user_update_date` (`update_date`),
  KEY `sys_user_del_flag` (`del_flag`)
) ENGINE=InnoDB DEFAULT CHARSET=utf8 COLLATE=utf8_bin COMMENT='用户表';
/*!40101 SET character_set_client = @saved_cs_client */;

--
-- Dumping data for table `sys_user`
--

LOCK TABLES `sys_user` WRITE;
/*!40000 ALTER TABLE `sys_user` DISABLE KEYS */;
INSERT INTO `sys_user` VALUES ('1','1','2','krazy','02a3f0772fcca9f415adc990734b45c6f059c7d33ee28362c4852032','0001','系统管理员','krazy@163.com','8675','8675',NULL,NULL,'192.168.7.1','2016-11-22 23:21:30','1','1','2013-05-27 08:00:00','1','2013-05-27 08:00:00','最高管理员','0'),('2','1','2','sd_admin','02a3f0772fcca9f415adc990734b45c6f059c7d33ee28362c4852032','0002','管理员',NULL,NULL,NULL,NULL,NULL,NULL,NULL,'1','1','2013-05-27 08:00:00','1','2013-05-27 08:00:00',NULL,'0'),('3','1','3','sd_zhb','02a3f0772fcca9f415adc990734b45c6f059c7d33ee28362c4852032','0003','yjs','','','','','',NULL,NULL,'1','1','2013-05-27 08:00:00','1','2016-11-22 15:39:42','','0'),('36ba3cc834ad4fa9a00cea224296b154','1','2','think','9c442f245f25830ea537579d428e32cc05346e22ddeb9d42e5a6e485','think','think','','','','','','127.0.0.1','2016-11-18 17:29:13','1','1','2016-11-18 15:42:28','1','2016-11-22 15:39:26','','0'),('3950253782ae438d9c402bbd3abfe1e2','8065fbd5cce349af9b4d345bcb954d34','8065fbd5cce349af9b4d345bcb954d34','testp1','f4b50ad04a6a99e6140ac90c25c8f499470a3822fecac4c57b2e1702','testp1','testp1','','13950019129','','','','192.168.7.1','2016-11-22 13:01:42','1','1','2016-11-22 11:24:01','1','2016-11-22 11:32:47','','0'),('4','1','4','sd_scb','02a3f0772fcca9f415adc990734b45c6f059c7d33ee28362c4852032','0004','cxrh','','','','','',NULL,NULL,'1','1','2013-05-27 08:00:00','1','2016-11-22 15:39:54','','0'),('5','1','5','sd_jsb','02a3f0772fcca9f415adc990734b45c6f059c7d33ee28362c4852032','0005','xld','','','','','',NULL,NULL,'1','1','2013-05-27 08:00:00','1','2016-11-22 15:39:59','','0'),('5d0d8cb981504fc09195a8c28dd19cc8','8065fbd5cce349af9b4d345bcb954d34','8065fbd5cce349af9b4d345bcb954d34','testp3','fe2717590cfadc926e6193a991382932e4b0579ca40a9d725a1a3a8b','testp3','testp3',NULL,'13950019129',NULL,NULL,NULL,'192.168.7.1','2016-11-22 23:21:24','1','68a88e19b43d431a9112a5179eb0111c','2016-11-22 11:36:48','68a88e19b43d431a9112a5179eb0111c','2016-11-22 11:36:48',NULL,'0'),('6','1','6','sd_yfb','02a3f0772fcca9f415adc990734b45c6f059c7d33ee28362c4852032','sxy','研发部','','','','','',NULL,NULL,'1','1','2013-05-27 08:00:00','1','2016-11-22 15:40:07','','0'),('68a88e19b43d431a9112a5179eb0111c','8065fbd5cce349af9b4d345bcb954d34','8065fbd5cce349af9b4d345bcb954d34','testp2','fb2726c4244e1f3b50f042f2b91b14917d184c0cecf6d9e681a627a4','testp2','testp2','','13950019129','','','','192.168.7.1','2016-11-22 11:36:33','1','3950253782ae438d9c402bbd3abfe1e2','2016-11-22 11:33:19','1','2016-11-22 11:36:25','','0'),('a4503bc102414accb576d9eeb3383358','8065fbd5cce349af9b4d345bcb954d34','8065fbd5cce349af9b4d345bcb954d34','123','5ceaab7c438b264fdb2a677e969f6b6b0318d8f6bf45dac978e79483','123','123','','','','','','192.168.7.1','2016-11-22 11:26:52','1','1','2016-11-22 11:26:24','1','2016-11-22 11:26:24','','1');
/*!40000 ALTER TABLE `sys_user` ENABLE KEYS */;
UNLOCK TABLES;

--
-- Table structure for table `sys_user_role`
--

DROP TABLE IF EXISTS `sys_user_role`;
/*!40101 SET @saved_cs_client     = @@character_set_client */;
/*!40101 SET character_set_client = utf8 */;
CREATE TABLE `sys_user_role` (
  `user_id` varchar(64) COLLATE utf8_bin NOT NULL COMMENT '用户编号',
  `role_id` varchar(64) COLLATE utf8_bin NOT NULL COMMENT '角色编号',
  PRIMARY KEY (`user_id`,`role_id`)
) ENGINE=InnoDB DEFAULT CHARSET=utf8 COLLATE=utf8_bin COMMENT='用户-角色';
/*!40101 SET character_set_client = @saved_cs_client */;

--
-- Dumping data for table `sys_user_role`
--

LOCK TABLES `sys_user_role` WRITE;
/*!40000 ALTER TABLE `sys_user_role` DISABLE KEYS */;
INSERT INTO `sys_user_role` VALUES ('1','1'),('1','2'),('10','2'),('11','3'),('12','4'),('13','5'),('14','6'),('2','1'),('3','2'),('36ba3cc834ad4fa9a00cea224296b154','1'),('36ba3cc834ad4fa9a00cea224296b154','2'),('3950253782ae438d9c402bbd3abfe1e2','70adf5534cc040d0abfdf2a6d5c0f8d1'),('4','3'),('5','4'),('5d0d8cb981504fc09195a8c28dd19cc8','70adf5534cc040d0abfdf2a6d5c0f8d1'),('6','5'),('68a88e19b43d431a9112a5179eb0111c','70adf5534cc040d0abfdf2a6d5c0f8d1'),('7','2'),('7','7'),('8','2'),('9','1'),('a4503bc102414accb576d9eeb3383358','70adf5534cc040d0abfdf2a6d5c0f8d1');
/*!40000 ALTER TABLE `sys_user_role` ENABLE KEYS */;
UNLOCK TABLES;

--
-- Table structure for table `test_data`
--

DROP TABLE IF EXISTS `test_data`;
/*!40101 SET @saved_cs_client     = @@character_set_client */;
/*!40101 SET character_set_client = utf8 */;
CREATE TABLE `test_data` (
  `id` varchar(64) COLLATE utf8_bin NOT NULL COMMENT '编号',
  `user_id` varchar(64) COLLATE utf8_bin DEFAULT NULL COMMENT '归属用户',
  `office_id` varchar(64) COLLATE utf8_bin DEFAULT NULL COMMENT '归属部门',
  `area_id` varchar(64) COLLATE utf8_bin DEFAULT NULL COMMENT '归属区域',
  `name` varchar(100) COLLATE utf8_bin DEFAULT NULL COMMENT '名称',
  `sex` char(1) COLLATE utf8_bin DEFAULT NULL COMMENT '性别',
  `in_date` date DEFAULT NULL COMMENT '加入日期',
  `create_by` varchar(64) COLLATE utf8_bin NOT NULL COMMENT '创建者',
  `create_date` datetime NOT NULL COMMENT '创建时间',
  `update_by` varchar(64) COLLATE utf8_bin NOT NULL COMMENT '更新者',
  `update_date` datetime NOT NULL COMMENT '更新时间',
  `remarks` varchar(255) COLLATE utf8_bin DEFAULT NULL COMMENT '备注信息',
  `del_flag` char(1) COLLATE utf8_bin NOT NULL DEFAULT '0' COMMENT '删除标记',
  PRIMARY KEY (`id`),
  KEY `test_data_del_flag` (`del_flag`)
) ENGINE=InnoDB DEFAULT CHARSET=utf8 COLLATE=utf8_bin COMMENT='业务数据表';
/*!40101 SET character_set_client = @saved_cs_client */;

--
-- Dumping data for table `test_data`
--

LOCK TABLES `test_data` WRITE;
/*!40000 ALTER TABLE `test_data` DISABLE KEYS */;
/*!40000 ALTER TABLE `test_data` ENABLE KEYS */;
UNLOCK TABLES;

--
-- Table structure for table `test_data_child`
--

DROP TABLE IF EXISTS `test_data_child`;
/*!40101 SET @saved_cs_client     = @@character_set_client */;
/*!40101 SET character_set_client = utf8 */;
CREATE TABLE `test_data_child` (
  `id` varchar(64) COLLATE utf8_bin NOT NULL COMMENT '编号',
  `test_data_main_id` varchar(64) COLLATE utf8_bin DEFAULT NULL COMMENT '业务主表ID',
  `name` varchar(100) COLLATE utf8_bin DEFAULT NULL COMMENT '名称',
  `create_by` varchar(64) COLLATE utf8_bin NOT NULL COMMENT '创建者',
  `create_date` datetime NOT NULL COMMENT '创建时间',
  `update_by` varchar(64) COLLATE utf8_bin NOT NULL COMMENT '更新者',
  `update_date` datetime NOT NULL COMMENT '更新时间',
  `remarks` varchar(255) COLLATE utf8_bin DEFAULT NULL COMMENT '备注信息',
  `del_flag` char(1) COLLATE utf8_bin NOT NULL DEFAULT '0' COMMENT '删除标记',
  PRIMARY KEY (`id`),
  KEY `test_data_child_del_flag` (`del_flag`)
) ENGINE=InnoDB DEFAULT CHARSET=utf8 COLLATE=utf8_bin COMMENT='业务数据子表';
/*!40101 SET character_set_client = @saved_cs_client */;

--
-- Dumping data for table `test_data_child`
--

LOCK TABLES `test_data_child` WRITE;
/*!40000 ALTER TABLE `test_data_child` DISABLE KEYS */;
/*!40000 ALTER TABLE `test_data_child` ENABLE KEYS */;
UNLOCK TABLES;

--
-- Table structure for table `test_data_main`
--

DROP TABLE IF EXISTS `test_data_main`;
/*!40101 SET @saved_cs_client     = @@character_set_client */;
/*!40101 SET character_set_client = utf8 */;
CREATE TABLE `test_data_main` (
  `id` varchar(64) COLLATE utf8_bin NOT NULL COMMENT '编号',
  `user_id` varchar(64) COLLATE utf8_bin DEFAULT NULL COMMENT '归属用户',
  `office_id` varchar(64) COLLATE utf8_bin DEFAULT NULL COMMENT '归属部门',
  `area_id` varchar(64) COLLATE utf8_bin DEFAULT NULL COMMENT '归属区域',
  `name` varchar(100) COLLATE utf8_bin DEFAULT NULL COMMENT '名称',
  `sex` char(1) COLLATE utf8_bin DEFAULT NULL COMMENT '性别',
  `in_date` date DEFAULT NULL COMMENT '加入日期',
  `create_by` varchar(64) COLLATE utf8_bin NOT NULL COMMENT '创建者',
  `create_date` datetime NOT NULL COMMENT '创建时间',
  `update_by` varchar(64) COLLATE utf8_bin NOT NULL COMMENT '更新者',
  `update_date` datetime NOT NULL COMMENT '更新时间',
  `remarks` varchar(255) COLLATE utf8_bin DEFAULT NULL COMMENT '备注信息',
  `del_flag` char(1) COLLATE utf8_bin NOT NULL DEFAULT '0' COMMENT '删除标记',
  PRIMARY KEY (`id`),
  KEY `test_data_main_del_flag` (`del_flag`)
) ENGINE=InnoDB DEFAULT CHARSET=utf8 COLLATE=utf8_bin COMMENT='业务数据表';
/*!40101 SET character_set_client = @saved_cs_client */;

--
-- Dumping data for table `test_data_main`
--

LOCK TABLES `test_data_main` WRITE;
/*!40000 ALTER TABLE `test_data_main` DISABLE KEYS */;
/*!40000 ALTER TABLE `test_data_main` ENABLE KEYS */;
UNLOCK TABLES;

--
-- Table structure for table `test_tree`
--

DROP TABLE IF EXISTS `test_tree`;
/*!40101 SET @saved_cs_client     = @@character_set_client */;
/*!40101 SET character_set_client = utf8 */;
CREATE TABLE `test_tree` (
  `id` varchar(64) COLLATE utf8_bin NOT NULL COMMENT '编号',
  `parent_id` varchar(64) COLLATE utf8_bin NOT NULL COMMENT '父级编号',
  `parent_ids` varchar(2000) COLLATE utf8_bin NOT NULL COMMENT '所有父级编号',
  `name` varchar(100) COLLATE utf8_bin NOT NULL COMMENT '名称',
  `sort` decimal(10,0) NOT NULL COMMENT '排序',
  `create_by` varchar(64) COLLATE utf8_bin NOT NULL COMMENT '创建者',
  `create_date` datetime NOT NULL COMMENT '创建时间',
  `update_by` varchar(64) COLLATE utf8_bin NOT NULL COMMENT '更新者',
  `update_date` datetime NOT NULL COMMENT '更新时间',
  `remarks` varchar(255) COLLATE utf8_bin DEFAULT NULL COMMENT '备注信息',
  `del_flag` char(1) COLLATE utf8_bin NOT NULL DEFAULT '0' COMMENT '删除标记',
  PRIMARY KEY (`id`),
  KEY `test_tree_del_flag` (`del_flag`),
  KEY `test_data_parent_id` (`parent_id`)
) ENGINE=InnoDB DEFAULT CHARSET=utf8 COLLATE=utf8_bin COMMENT='树结构表';
/*!40101 SET character_set_client = @saved_cs_client */;

--
-- Dumping data for table `test_tree`
--

LOCK TABLES `test_tree` WRITE;
/*!40000 ALTER TABLE `test_tree` DISABLE KEYS */;
/*!40000 ALTER TABLE `test_tree` ENABLE KEYS */;
UNLOCK TABLES;
/*!40103 SET TIME_ZONE=@OLD_TIME_ZONE */;

/*!40101 SET SQL_MODE=@OLD_SQL_MODE */;
/*!40014 SET FOREIGN_KEY_CHECKS=@OLD_FOREIGN_KEY_CHECKS */;
/*!40014 SET UNIQUE_CHECKS=@OLD_UNIQUE_CHECKS */;
/*!40101 SET CHARACTER_SET_CLIENT=@OLD_CHARACTER_SET_CLIENT */;
/*!40101 SET CHARACTER_SET_RESULTS=@OLD_CHARACTER_SET_RESULTS */;
/*!40101 SET COLLATION_CONNECTION=@OLD_COLLATION_CONNECTION */;
/*!40111 SET SQL_NOTES=@OLD_SQL_NOTES */;

-- Dump completed on 2016-11-22 23:31:10
